Execute       source -notrace -encoding utf-8 C:/AMDDesignTools/2025.2/Vitis/tps/tcl/tcl8.6/clock.tcl 
Execute         source -encoding utf-8 C:/AMDDesignTools/2025.2/Vitis/tps/tcl/tcl8/8.5/msgcat-1.6.1.tm 
Execute           source C:/AMDDesignTools/2025.2/Vitis/tps/tcl/tcllib2.0/0compatibility/pkgIndex.tcl 
Execute           source C:/AMDDesignTools/2025.2/Vitis/tps/tcl/tcllib2.0/amazon-s3/pkgIndex.tcl 
Execute           source C:/AMDDesignTools/2025.2/Vitis/tps/tcl/tcllib2.0/asn/pkgIndex.tcl 
Execute           source C:/AMDDesignTools/2025.2/Vitis/tps/tcl/tcllib2.0/base32/pkgIndex.tcl 
Execute           source C:/AMDDesignTools/2025.2/Vitis/tps/tcl/tcllib2.0/base64/pkgIndex.tcl 
Execute           source C:/AMDDesignTools/2025.2/Vitis/tps/tcl/tcllib2.0/bee/pkgIndex.tcl 
Execute           source C:/AMDDesignTools/2025.2/Vitis/tps/tcl/tcllib2.0/bench/pkgIndex.tcl 
Execute           source C:/AMDDesignTools/2025.2/Vitis/tps/tcl/tcllib2.0/bibtex/pkgIndex.tcl 
Execute           source C:/AMDDesignTools/2025.2/Vitis/tps/tcl/tcllib2.0/cache/pkgIndex.tcl 
Execute           source C:/AMDDesignTools/2025.2/Vitis/tps/tcl/tcllib2.0/clay/pkgIndex.tcl 
Execute           source C:/AMDDesignTools/2025.2/Vitis/tps/tcl/tcllib2.0/clock/pkgIndex.tcl 
Execute           source C:/AMDDesignTools/2025.2/Vitis/tps/tcl/tcllib2.0/cmdline/pkgIndex.tcl 
Execute           source C:/AMDDesignTools/2025.2/Vitis/tps/tcl/tcllib2.0/comm/pkgIndex.tcl 
Execute           source C:/AMDDesignTools/2025.2/Vitis/tps/tcl/tcllib2.0/control/pkgIndex.tcl 
Execute           source C:/AMDDesignTools/2025.2/Vitis/tps/tcl/tcllib2.0/coroutine/pkgIndex.tcl 
Execute           source C:/AMDDesignTools/2025.2/Vitis/tps/tcl/tcllib2.0/counter/pkgIndex.tcl 
Execute           source C:/AMDDesignTools/2025.2/Vitis/tps/tcl/tcllib2.0/crc/pkgIndex.tcl 
Execute           source C:/AMDDesignTools/2025.2/Vitis/tps/tcl/tcllib2.0/cron/pkgIndex.tcl 
Execute           source C:/AMDDesignTools/2025.2/Vitis/tps/tcl/tcllib2.0/csv/pkgIndex.tcl 
Execute           source C:/AMDDesignTools/2025.2/Vitis/tps/tcl/tcllib2.0/debug/pkgIndex.tcl 
Execute           source C:/AMDDesignTools/2025.2/Vitis/tps/tcl/tcllib2.0/defer/pkgIndex.tcl 
Execute           source C:/AMDDesignTools/2025.2/Vitis/tps/tcl/tcllib2.0/dicttool/pkgIndex.tcl 
Execute           source C:/AMDDesignTools/2025.2/Vitis/tps/tcl/tcllib2.0/dns/pkgIndex.tcl 
Execute           source C:/AMDDesignTools/2025.2/Vitis/tps/tcl/tcllib2.0/docstrip/pkgIndex.tcl 
Execute           source C:/AMDDesignTools/2025.2/Vitis/tps/tcl/tcllib2.0/doctools/pkgIndex.tcl 
Execute           source C:/AMDDesignTools/2025.2/Vitis/tps/tcl/tcllib2.0/doctools2base/pkgIndex.tcl 
Execute           source C:/AMDDesignTools/2025.2/Vitis/tps/tcl/tcllib2.0/doctools2idx/pkgIndex.tcl 
Execute           source C:/AMDDesignTools/2025.2/Vitis/tps/tcl/tcllib2.0/doctools2toc/pkgIndex.tcl 
Execute           source C:/AMDDesignTools/2025.2/Vitis/tps/tcl/tcllib2.0/dtplite/pkgIndex.tcl 
Execute           source C:/AMDDesignTools/2025.2/Vitis/tps/tcl/tcllib2.0/fileutil/pkgIndex.tcl 
Execute           source C:/AMDDesignTools/2025.2/Vitis/tps/tcl/tcllib2.0/ftp/pkgIndex.tcl 
Execute           source C:/AMDDesignTools/2025.2/Vitis/tps/tcl/tcllib2.0/ftpd/pkgIndex.tcl 
Execute           source C:/AMDDesignTools/2025.2/Vitis/tps/tcl/tcllib2.0/fumagic/pkgIndex.tcl 
Execute           source C:/AMDDesignTools/2025.2/Vitis/tps/tcl/tcllib2.0/generator/pkgIndex.tcl 
Execute           source C:/AMDDesignTools/2025.2/Vitis/tps/tcl/tcllib2.0/gpx/pkgIndex.tcl 
Execute           source C:/AMDDesignTools/2025.2/Vitis/tps/tcl/tcllib2.0/grammar_aycock/pkgIndex.tcl 
Execute           source C:/AMDDesignTools/2025.2/Vitis/tps/tcl/tcllib2.0/grammar_fa/pkgIndex.tcl 
Execute           source C:/AMDDesignTools/2025.2/Vitis/tps/tcl/tcllib2.0/grammar_me/pkgIndex.tcl 
Execute           source C:/AMDDesignTools/2025.2/Vitis/tps/tcl/tcllib2.0/grammar_peg/pkgIndex.tcl 
Execute           source C:/AMDDesignTools/2025.2/Vitis/tps/tcl/tcllib2.0/hook/pkgIndex.tcl 
Execute           source C:/AMDDesignTools/2025.2/Vitis/tps/tcl/tcllib2.0/html/pkgIndex.tcl 
Execute           source C:/AMDDesignTools/2025.2/Vitis/tps/tcl/tcllib2.0/htmlparse/pkgIndex.tcl 
Execute           source C:/AMDDesignTools/2025.2/Vitis/tps/tcl/tcllib2.0/http/pkgIndex.tcl 
Execute           source C:/AMDDesignTools/2025.2/Vitis/tps/tcl/tcllib2.0/httpd/pkgIndex.tcl 
Execute           source C:/AMDDesignTools/2025.2/Vitis/tps/tcl/tcllib2.0/httpwget/pkgIndex.tcl 
Execute           source C:/AMDDesignTools/2025.2/Vitis/tps/tcl/tcllib2.0/ident/pkgIndex.tcl 
Execute           source C:/AMDDesignTools/2025.2/Vitis/tps/tcl/tcllib2.0/imap4/pkgIndex.tcl 
Execute           source C:/AMDDesignTools/2025.2/Vitis/tps/tcl/tcllib2.0/inifile/pkgIndex.tcl 
Execute           source C:/AMDDesignTools/2025.2/Vitis/tps/tcl/tcllib2.0/interp/pkgIndex.tcl 
Execute           source C:/AMDDesignTools/2025.2/Vitis/tps/tcl/tcllib2.0/irc/pkgIndex.tcl 
Execute           source C:/AMDDesignTools/2025.2/Vitis/tps/tcl/tcllib2.0/javascript/pkgIndex.tcl 
Execute           source C:/AMDDesignTools/2025.2/Vitis/tps/tcl/tcllib2.0/jpeg/pkgIndex.tcl 
Execute           source C:/AMDDesignTools/2025.2/Vitis/tps/tcl/tcllib2.0/json/pkgIndex.tcl 
Execute           source C:/AMDDesignTools/2025.2/Vitis/tps/tcl/tcllib2.0/lambda/pkgIndex.tcl 
Execute           source C:/AMDDesignTools/2025.2/Vitis/tps/tcl/tcllib2.0/lazyset/pkgIndex.tcl 
Execute           source C:/AMDDesignTools/2025.2/Vitis/tps/tcl/tcllib2.0/ldap/pkgIndex.tcl 
Execute           source C:/AMDDesignTools/2025.2/Vitis/tps/tcl/tcllib2.0/log/pkgIndex.tcl 
Execute           source C:/AMDDesignTools/2025.2/Vitis/tps/tcl/tcllib2.0/map/pkgIndex.tcl 
Execute           source C:/AMDDesignTools/2025.2/Vitis/tps/tcl/tcllib2.0/mapproj/pkgIndex.tcl 
Execute           source C:/AMDDesignTools/2025.2/Vitis/tps/tcl/tcllib2.0/markdown/pkgIndex.tcl 
Execute           source C:/AMDDesignTools/2025.2/Vitis/tps/tcl/tcllib2.0/math/pkgIndex.tcl 
Execute           source C:/AMDDesignTools/2025.2/Vitis/tps/tcl/tcllib2.0/md4/pkgIndex.tcl 
Execute           source C:/AMDDesignTools/2025.2/Vitis/tps/tcl/tcllib2.0/md5/pkgIndex.tcl 
Execute           source C:/AMDDesignTools/2025.2/Vitis/tps/tcl/tcllib2.0/md5crypt/pkgIndex.tcl 
Execute           source C:/AMDDesignTools/2025.2/Vitis/tps/tcl/tcllib2.0/mime/pkgIndex.tcl 
Execute           source C:/AMDDesignTools/2025.2/Vitis/tps/tcl/tcllib2.0/mkdoc/pkgIndex.tcl 
Execute           source C:/AMDDesignTools/2025.2/Vitis/tps/tcl/tcllib2.0/multiplexer/pkgIndex.tcl 
Execute           source C:/AMDDesignTools/2025.2/Vitis/tps/tcl/tcllib2.0/namespacex/pkgIndex.tcl 
Execute           source C:/AMDDesignTools/2025.2/Vitis/tps/tcl/tcllib2.0/ncgi/pkgIndex.tcl 
Execute           source C:/AMDDesignTools/2025.2/Vitis/tps/tcl/tcllib2.0/nettool/pkgIndex.tcl 
Execute           source C:/AMDDesignTools/2025.2/Vitis/tps/tcl/tcllib2.0/nmea/pkgIndex.tcl 
Execute           source C:/AMDDesignTools/2025.2/Vitis/tps/tcl/tcllib2.0/nns/pkgIndex.tcl 
Execute           source C:/AMDDesignTools/2025.2/Vitis/tps/tcl/tcllib2.0/nntp/pkgIndex.tcl 
Execute           source C:/AMDDesignTools/2025.2/Vitis/tps/tcl/tcllib2.0/ntp/pkgIndex.tcl 
Execute           source C:/AMDDesignTools/2025.2/Vitis/tps/tcl/tcllib2.0/oauth/pkgIndex.tcl 
Execute           source C:/AMDDesignTools/2025.2/Vitis/tps/tcl/tcllib2.0/oodialect/pkgIndex.tcl 
Execute           source C:/AMDDesignTools/2025.2/Vitis/tps/tcl/tcllib2.0/oometa/pkgIndex.tcl 
Execute           source C:/AMDDesignTools/2025.2/Vitis/tps/tcl/tcllib2.0/ooutil/pkgIndex.tcl 
Execute           source C:/AMDDesignTools/2025.2/Vitis/tps/tcl/tcllib2.0/otp/pkgIndex.tcl 
Execute           source C:/AMDDesignTools/2025.2/Vitis/tps/tcl/tcllib2.0/page/pkgIndex.tcl 
Execute           source C:/AMDDesignTools/2025.2/Vitis/tps/tcl/tcllib2.0/pluginmgr/pkgIndex.tcl 
Execute           source C:/AMDDesignTools/2025.2/Vitis/tps/tcl/tcllib2.0/png/pkgIndex.tcl 
Execute           source C:/AMDDesignTools/2025.2/Vitis/tps/tcl/tcllib2.0/pop3/pkgIndex.tcl 
Execute           source C:/AMDDesignTools/2025.2/Vitis/tps/tcl/tcllib2.0/pop3d/pkgIndex.tcl 
Execute           source C:/AMDDesignTools/2025.2/Vitis/tps/tcl/tcllib2.0/practcl/pkgIndex.tcl 
Execute           source C:/AMDDesignTools/2025.2/Vitis/tps/tcl/tcllib2.0/processman/pkgIndex.tcl 
Execute           source C:/AMDDesignTools/2025.2/Vitis/tps/tcl/tcllib2.0/profiler/pkgIndex.tcl 
Execute           source C:/AMDDesignTools/2025.2/Vitis/tps/tcl/tcllib2.0/pt/pkgIndex.tcl 
Execute           source C:/AMDDesignTools/2025.2/Vitis/tps/tcl/tcllib2.0/rcs/pkgIndex.tcl 
Execute           source C:/AMDDesignTools/2025.2/Vitis/tps/tcl/tcllib2.0/report/pkgIndex.tcl 
Execute           source C:/AMDDesignTools/2025.2/Vitis/tps/tcl/tcllib2.0/rest/pkgIndex.tcl 
Execute           source C:/AMDDesignTools/2025.2/Vitis/tps/tcl/tcllib2.0/ripemd/pkgIndex.tcl 
Execute           source C:/AMDDesignTools/2025.2/Vitis/tps/tcl/tcllib2.0/sasl/pkgIndex.tcl 
Execute           source C:/AMDDesignTools/2025.2/Vitis/tps/tcl/tcllib2.0/sha1/pkgIndex.tcl 
Execute           source C:/AMDDesignTools/2025.2/Vitis/tps/tcl/tcllib2.0/simulation/pkgIndex.tcl 
Execute           source C:/AMDDesignTools/2025.2/Vitis/tps/tcl/tcllib2.0/smtpd/pkgIndex.tcl 
Execute           source C:/AMDDesignTools/2025.2/Vitis/tps/tcl/tcllib2.0/snit/pkgIndex.tcl 
Execute           source C:/AMDDesignTools/2025.2/Vitis/tps/tcl/tcllib2.0/soundex/pkgIndex.tcl 
Execute           source C:/AMDDesignTools/2025.2/Vitis/tps/tcl/tcllib2.0/stooop/pkgIndex.tcl 
Execute           source C:/AMDDesignTools/2025.2/Vitis/tps/tcl/tcllib2.0/string/pkgIndex.tcl 
Execute           source C:/AMDDesignTools/2025.2/Vitis/tps/tcl/tcllib2.0/stringprep/pkgIndex.tcl 
Execute           source C:/AMDDesignTools/2025.2/Vitis/tps/tcl/tcllib2.0/struct/pkgIndex.tcl 
Execute           source C:/AMDDesignTools/2025.2/Vitis/tps/tcl/tcllib2.0/tar/pkgIndex.tcl 
Execute           source C:/AMDDesignTools/2025.2/Vitis/tps/tcl/tcllib2.0/tepam/pkgIndex.tcl 
Execute           source C:/AMDDesignTools/2025.2/Vitis/tps/tcl/tcllib2.0/term/pkgIndex.tcl 
Execute           source C:/AMDDesignTools/2025.2/Vitis/tps/tcl/tcllib2.0/textutil/pkgIndex.tcl 
Execute           source C:/AMDDesignTools/2025.2/Vitis/tps/tcl/tcllib2.0/tie/pkgIndex.tcl 
Execute           source C:/AMDDesignTools/2025.2/Vitis/tps/tcl/tcllib2.0/tiff/pkgIndex.tcl 
Execute           source C:/AMDDesignTools/2025.2/Vitis/tps/tcl/tcllib2.0/tool/pkgIndex.tcl 
Execute           source C:/AMDDesignTools/2025.2/Vitis/tps/tcl/tcllib2.0/transfer/pkgIndex.tcl 
Execute           source C:/AMDDesignTools/2025.2/Vitis/tps/tcl/tcllib2.0/treeql/pkgIndex.tcl 
Execute           source C:/AMDDesignTools/2025.2/Vitis/tps/tcl/tcllib2.0/try/pkgIndex.tcl 
Execute           source C:/AMDDesignTools/2025.2/Vitis/tps/tcl/tcllib2.0/udpcluster/pkgIndex.tcl 
Execute           source C:/AMDDesignTools/2025.2/Vitis/tps/tcl/tcllib2.0/uev/pkgIndex.tcl 
Execute           source C:/AMDDesignTools/2025.2/Vitis/tps/tcl/tcllib2.0/units/pkgIndex.tcl 
Execute           source C:/AMDDesignTools/2025.2/Vitis/tps/tcl/tcllib2.0/uri/pkgIndex.tcl 
Execute           source C:/AMDDesignTools/2025.2/Vitis/tps/tcl/tcllib2.0/uuid/pkgIndex.tcl 
Execute           source C:/AMDDesignTools/2025.2/Vitis/tps/tcl/tcllib2.0/valtype/pkgIndex.tcl 
Execute           source C:/AMDDesignTools/2025.2/Vitis/tps/tcl/tcllib2.0/virtchannel_base/pkgIndex.tcl 
Execute           source C:/AMDDesignTools/2025.2/Vitis/tps/tcl/tcllib2.0/virtchannel_core/pkgIndex.tcl 
Execute           source C:/AMDDesignTools/2025.2/Vitis/tps/tcl/tcllib2.0/virtchannel_transform/pkgIndex.tcl 
Execute           source C:/AMDDesignTools/2025.2/Vitis/tps/tcl/tcllib2.0/websocket/pkgIndex.tcl 
Execute           source C:/AMDDesignTools/2025.2/Vitis/tps/tcl/tcllib2.0/wip/pkgIndex.tcl 
Execute           source C:/AMDDesignTools/2025.2/Vitis/tps/tcl/tcllib2.0/yaml/pkgIndex.tcl 
Execute           source C:/AMDDesignTools/2025.2/Vitis/tps/tcl/tcllib2.0/zip/pkgIndex.tcl 
Execute           source C:/AMDDesignTools/2025.2/Vitis/tps/tcl/tcllib2.0/pkgIndex.tcl 
Execute             source C:/AMDDesignTools/2025.2/Vitis/tps/tcl/tcllib2.0/0compatibility/pkgIndex.tcl 
Execute             source C:/AMDDesignTools/2025.2/Vitis/tps/tcl/tcllib2.0/amazon-s3/pkgIndex.tcl 
Execute             source C:/AMDDesignTools/2025.2/Vitis/tps/tcl/tcllib2.0/asn/pkgIndex.tcl 
Execute             source C:/AMDDesignTools/2025.2/Vitis/tps/tcl/tcllib2.0/base32/pkgIndex.tcl 
Execute             source C:/AMDDesignTools/2025.2/Vitis/tps/tcl/tcllib2.0/base64/pkgIndex.tcl 
Execute             source C:/AMDDesignTools/2025.2/Vitis/tps/tcl/tcllib2.0/bee/pkgIndex.tcl 
Execute             source C:/AMDDesignTools/2025.2/Vitis/tps/tcl/tcllib2.0/bench/pkgIndex.tcl 
Execute             source C:/AMDDesignTools/2025.2/Vitis/tps/tcl/tcllib2.0/bibtex/pkgIndex.tcl 
Execute             source C:/AMDDesignTools/2025.2/Vitis/tps/tcl/tcllib2.0/cache/pkgIndex.tcl 
Execute             source C:/AMDDesignTools/2025.2/Vitis/tps/tcl/tcllib2.0/clay/pkgIndex.tcl 
Execute             source C:/AMDDesignTools/2025.2/Vitis/tps/tcl/tcllib2.0/clock/pkgIndex.tcl 
Execute             source C:/AMDDesignTools/2025.2/Vitis/tps/tcl/tcllib2.0/cmdline/pkgIndex.tcl 
Execute             source C:/AMDDesignTools/2025.2/Vitis/tps/tcl/tcllib2.0/comm/pkgIndex.tcl 
Execute             source C:/AMDDesignTools/2025.2/Vitis/tps/tcl/tcllib2.0/control/pkgIndex.tcl 
Execute             source C:/AMDDesignTools/2025.2/Vitis/tps/tcl/tcllib2.0/coroutine/pkgIndex.tcl 
Execute             source C:/AMDDesignTools/2025.2/Vitis/tps/tcl/tcllib2.0/counter/pkgIndex.tcl 
Execute             source C:/AMDDesignTools/2025.2/Vitis/tps/tcl/tcllib2.0/crc/pkgIndex.tcl 
Execute             source C:/AMDDesignTools/2025.2/Vitis/tps/tcl/tcllib2.0/cron/pkgIndex.tcl 
Execute             source C:/AMDDesignTools/2025.2/Vitis/tps/tcl/tcllib2.0/csv/pkgIndex.tcl 
Execute             source C:/AMDDesignTools/2025.2/Vitis/tps/tcl/tcllib2.0/debug/pkgIndex.tcl 
Execute             source C:/AMDDesignTools/2025.2/Vitis/tps/tcl/tcllib2.0/defer/pkgIndex.tcl 
Execute             source C:/AMDDesignTools/2025.2/Vitis/tps/tcl/tcllib2.0/dicttool/pkgIndex.tcl 
Execute             source C:/AMDDesignTools/2025.2/Vitis/tps/tcl/tcllib2.0/dns/pkgIndex.tcl 
Execute             source C:/AMDDesignTools/2025.2/Vitis/tps/tcl/tcllib2.0/docstrip/pkgIndex.tcl 
Execute             source C:/AMDDesignTools/2025.2/Vitis/tps/tcl/tcllib2.0/doctools/pkgIndex.tcl 
Execute             source C:/AMDDesignTools/2025.2/Vitis/tps/tcl/tcllib2.0/doctools2base/pkgIndex.tcl 
Execute             source C:/AMDDesignTools/2025.2/Vitis/tps/tcl/tcllib2.0/doctools2idx/pkgIndex.tcl 
Execute             source C:/AMDDesignTools/2025.2/Vitis/tps/tcl/tcllib2.0/doctools2toc/pkgIndex.tcl 
Execute             source C:/AMDDesignTools/2025.2/Vitis/tps/tcl/tcllib2.0/dtplite/pkgIndex.tcl 
Execute             source C:/AMDDesignTools/2025.2/Vitis/tps/tcl/tcllib2.0/fileutil/pkgIndex.tcl 
Execute             source C:/AMDDesignTools/2025.2/Vitis/tps/tcl/tcllib2.0/ftp/pkgIndex.tcl 
Execute             source C:/AMDDesignTools/2025.2/Vitis/tps/tcl/tcllib2.0/ftpd/pkgIndex.tcl 
Execute             source C:/AMDDesignTools/2025.2/Vitis/tps/tcl/tcllib2.0/fumagic/pkgIndex.tcl 
Execute             source C:/AMDDesignTools/2025.2/Vitis/tps/tcl/tcllib2.0/generator/pkgIndex.tcl 
Execute             source C:/AMDDesignTools/2025.2/Vitis/tps/tcl/tcllib2.0/gpx/pkgIndex.tcl 
Execute             source C:/AMDDesignTools/2025.2/Vitis/tps/tcl/tcllib2.0/grammar_aycock/pkgIndex.tcl 
Execute             source C:/AMDDesignTools/2025.2/Vitis/tps/tcl/tcllib2.0/grammar_fa/pkgIndex.tcl 
Execute             source C:/AMDDesignTools/2025.2/Vitis/tps/tcl/tcllib2.0/grammar_me/pkgIndex.tcl 
Execute             source C:/AMDDesignTools/2025.2/Vitis/tps/tcl/tcllib2.0/grammar_peg/pkgIndex.tcl 
Execute             source C:/AMDDesignTools/2025.2/Vitis/tps/tcl/tcllib2.0/hook/pkgIndex.tcl 
Execute             source C:/AMDDesignTools/2025.2/Vitis/tps/tcl/tcllib2.0/html/pkgIndex.tcl 
Execute             source C:/AMDDesignTools/2025.2/Vitis/tps/tcl/tcllib2.0/htmlparse/pkgIndex.tcl 
Execute             source C:/AMDDesignTools/2025.2/Vitis/tps/tcl/tcllib2.0/http/pkgIndex.tcl 
Execute             source C:/AMDDesignTools/2025.2/Vitis/tps/tcl/tcllib2.0/httpd/pkgIndex.tcl 
Execute             source C:/AMDDesignTools/2025.2/Vitis/tps/tcl/tcllib2.0/httpwget/pkgIndex.tcl 
Execute             source C:/AMDDesignTools/2025.2/Vitis/tps/tcl/tcllib2.0/ident/pkgIndex.tcl 
Execute             source C:/AMDDesignTools/2025.2/Vitis/tps/tcl/tcllib2.0/imap4/pkgIndex.tcl 
Execute             source C:/AMDDesignTools/2025.2/Vitis/tps/tcl/tcllib2.0/inifile/pkgIndex.tcl 
Execute             source C:/AMDDesignTools/2025.2/Vitis/tps/tcl/tcllib2.0/interp/pkgIndex.tcl 
Execute             source C:/AMDDesignTools/2025.2/Vitis/tps/tcl/tcllib2.0/irc/pkgIndex.tcl 
Execute             source C:/AMDDesignTools/2025.2/Vitis/tps/tcl/tcllib2.0/javascript/pkgIndex.tcl 
Execute             source C:/AMDDesignTools/2025.2/Vitis/tps/tcl/tcllib2.0/jpeg/pkgIndex.tcl 
Execute             source C:/AMDDesignTools/2025.2/Vitis/tps/tcl/tcllib2.0/json/pkgIndex.tcl 
Execute             source C:/AMDDesignTools/2025.2/Vitis/tps/tcl/tcllib2.0/lambda/pkgIndex.tcl 
Execute             source C:/AMDDesignTools/2025.2/Vitis/tps/tcl/tcllib2.0/lazyset/pkgIndex.tcl 
Execute             source C:/AMDDesignTools/2025.2/Vitis/tps/tcl/tcllib2.0/ldap/pkgIndex.tcl 
Execute             source C:/AMDDesignTools/2025.2/Vitis/tps/tcl/tcllib2.0/log/pkgIndex.tcl 
Execute             source C:/AMDDesignTools/2025.2/Vitis/tps/tcl/tcllib2.0/map/pkgIndex.tcl 
Execute             source C:/AMDDesignTools/2025.2/Vitis/tps/tcl/tcllib2.0/mapproj/pkgIndex.tcl 
Execute             source C:/AMDDesignTools/2025.2/Vitis/tps/tcl/tcllib2.0/markdown/pkgIndex.tcl 
Execute             source C:/AMDDesignTools/2025.2/Vitis/tps/tcl/tcllib2.0/math/pkgIndex.tcl 
Execute             source C:/AMDDesignTools/2025.2/Vitis/tps/tcl/tcllib2.0/md4/pkgIndex.tcl 
Execute             source C:/AMDDesignTools/2025.2/Vitis/tps/tcl/tcllib2.0/md5/pkgIndex.tcl 
Execute             source C:/AMDDesignTools/2025.2/Vitis/tps/tcl/tcllib2.0/md5crypt/pkgIndex.tcl 
Execute             source C:/AMDDesignTools/2025.2/Vitis/tps/tcl/tcllib2.0/mime/pkgIndex.tcl 
Execute             source C:/AMDDesignTools/2025.2/Vitis/tps/tcl/tcllib2.0/mkdoc/pkgIndex.tcl 
Execute             source C:/AMDDesignTools/2025.2/Vitis/tps/tcl/tcllib2.0/multiplexer/pkgIndex.tcl 
Execute             source C:/AMDDesignTools/2025.2/Vitis/tps/tcl/tcllib2.0/namespacex/pkgIndex.tcl 
Execute             source C:/AMDDesignTools/2025.2/Vitis/tps/tcl/tcllib2.0/ncgi/pkgIndex.tcl 
Execute             source C:/AMDDesignTools/2025.2/Vitis/tps/tcl/tcllib2.0/nettool/pkgIndex.tcl 
Execute             source C:/AMDDesignTools/2025.2/Vitis/tps/tcl/tcllib2.0/nmea/pkgIndex.tcl 
Execute             source C:/AMDDesignTools/2025.2/Vitis/tps/tcl/tcllib2.0/nns/pkgIndex.tcl 
Execute             source C:/AMDDesignTools/2025.2/Vitis/tps/tcl/tcllib2.0/nntp/pkgIndex.tcl 
Execute             source C:/AMDDesignTools/2025.2/Vitis/tps/tcl/tcllib2.0/ntp/pkgIndex.tcl 
Execute             source C:/AMDDesignTools/2025.2/Vitis/tps/tcl/tcllib2.0/oauth/pkgIndex.tcl 
Execute             source C:/AMDDesignTools/2025.2/Vitis/tps/tcl/tcllib2.0/oodialect/pkgIndex.tcl 
Execute             source C:/AMDDesignTools/2025.2/Vitis/tps/tcl/tcllib2.0/oometa/pkgIndex.tcl 
Execute             source C:/AMDDesignTools/2025.2/Vitis/tps/tcl/tcllib2.0/ooutil/pkgIndex.tcl 
Execute             source C:/AMDDesignTools/2025.2/Vitis/tps/tcl/tcllib2.0/otp/pkgIndex.tcl 
Execute             source C:/AMDDesignTools/2025.2/Vitis/tps/tcl/tcllib2.0/page/pkgIndex.tcl 
Execute             source C:/AMDDesignTools/2025.2/Vitis/tps/tcl/tcllib2.0/pluginmgr/pkgIndex.tcl 
Execute             source C:/AMDDesignTools/2025.2/Vitis/tps/tcl/tcllib2.0/png/pkgIndex.tcl 
Execute             source C:/AMDDesignTools/2025.2/Vitis/tps/tcl/tcllib2.0/pop3/pkgIndex.tcl 
Execute             source C:/AMDDesignTools/2025.2/Vitis/tps/tcl/tcllib2.0/pop3d/pkgIndex.tcl 
Execute             source C:/AMDDesignTools/2025.2/Vitis/tps/tcl/tcllib2.0/practcl/pkgIndex.tcl 
Execute             source C:/AMDDesignTools/2025.2/Vitis/tps/tcl/tcllib2.0/processman/pkgIndex.tcl 
Execute             source C:/AMDDesignTools/2025.2/Vitis/tps/tcl/tcllib2.0/profiler/pkgIndex.tcl 
Execute             source C:/AMDDesignTools/2025.2/Vitis/tps/tcl/tcllib2.0/pt/pkgIndex.tcl 
Execute             source C:/AMDDesignTools/2025.2/Vitis/tps/tcl/tcllib2.0/rcs/pkgIndex.tcl 
Execute             source C:/AMDDesignTools/2025.2/Vitis/tps/tcl/tcllib2.0/report/pkgIndex.tcl 
Execute             source C:/AMDDesignTools/2025.2/Vitis/tps/tcl/tcllib2.0/rest/pkgIndex.tcl 
Execute             source C:/AMDDesignTools/2025.2/Vitis/tps/tcl/tcllib2.0/ripemd/pkgIndex.tcl 
Execute             source C:/AMDDesignTools/2025.2/Vitis/tps/tcl/tcllib2.0/sasl/pkgIndex.tcl 
Execute             source C:/AMDDesignTools/2025.2/Vitis/tps/tcl/tcllib2.0/sha1/pkgIndex.tcl 
Execute             source C:/AMDDesignTools/2025.2/Vitis/tps/tcl/tcllib2.0/simulation/pkgIndex.tcl 
Execute             source C:/AMDDesignTools/2025.2/Vitis/tps/tcl/tcllib2.0/smtpd/pkgIndex.tcl 
Execute             source C:/AMDDesignTools/2025.2/Vitis/tps/tcl/tcllib2.0/snit/pkgIndex.tcl 
Execute             source C:/AMDDesignTools/2025.2/Vitis/tps/tcl/tcllib2.0/soundex/pkgIndex.tcl 
Execute             source C:/AMDDesignTools/2025.2/Vitis/tps/tcl/tcllib2.0/stooop/pkgIndex.tcl 
Execute             source C:/AMDDesignTools/2025.2/Vitis/tps/tcl/tcllib2.0/string/pkgIndex.tcl 
Execute             source C:/AMDDesignTools/2025.2/Vitis/tps/tcl/tcllib2.0/stringprep/pkgIndex.tcl 
Execute             source C:/AMDDesignTools/2025.2/Vitis/tps/tcl/tcllib2.0/struct/pkgIndex.tcl 
Execute             source C:/AMDDesignTools/2025.2/Vitis/tps/tcl/tcllib2.0/tar/pkgIndex.tcl 
Execute             source C:/AMDDesignTools/2025.2/Vitis/tps/tcl/tcllib2.0/tepam/pkgIndex.tcl 
Execute             source C:/AMDDesignTools/2025.2/Vitis/tps/tcl/tcllib2.0/term/pkgIndex.tcl 
Execute             source C:/AMDDesignTools/2025.2/Vitis/tps/tcl/tcllib2.0/textutil/pkgIndex.tcl 
Execute             source C:/AMDDesignTools/2025.2/Vitis/tps/tcl/tcllib2.0/tie/pkgIndex.tcl 
Execute             source C:/AMDDesignTools/2025.2/Vitis/tps/tcl/tcllib2.0/tiff/pkgIndex.tcl 
Execute             source C:/AMDDesignTools/2025.2/Vitis/tps/tcl/tcllib2.0/tool/pkgIndex.tcl 
Execute             source C:/AMDDesignTools/2025.2/Vitis/tps/tcl/tcllib2.0/transfer/pkgIndex.tcl 
Execute             source C:/AMDDesignTools/2025.2/Vitis/tps/tcl/tcllib2.0/treeql/pkgIndex.tcl 
Execute             source C:/AMDDesignTools/2025.2/Vitis/tps/tcl/tcllib2.0/try/pkgIndex.tcl 
Execute             source C:/AMDDesignTools/2025.2/Vitis/tps/tcl/tcllib2.0/udpcluster/pkgIndex.tcl 
Execute             source C:/AMDDesignTools/2025.2/Vitis/tps/tcl/tcllib2.0/uev/pkgIndex.tcl 
Execute             source C:/AMDDesignTools/2025.2/Vitis/tps/tcl/tcllib2.0/units/pkgIndex.tcl 
Execute             source C:/AMDDesignTools/2025.2/Vitis/tps/tcl/tcllib2.0/uri/pkgIndex.tcl 
Execute             source C:/AMDDesignTools/2025.2/Vitis/tps/tcl/tcllib2.0/uuid/pkgIndex.tcl 
Execute             source C:/AMDDesignTools/2025.2/Vitis/tps/tcl/tcllib2.0/valtype/pkgIndex.tcl 
Execute             source C:/AMDDesignTools/2025.2/Vitis/tps/tcl/tcllib2.0/virtchannel_base/pkgIndex.tcl 
Execute             source C:/AMDDesignTools/2025.2/Vitis/tps/tcl/tcllib2.0/virtchannel_core/pkgIndex.tcl 
Execute             source C:/AMDDesignTools/2025.2/Vitis/tps/tcl/tcllib2.0/virtchannel_transform/pkgIndex.tcl 
Execute             source C:/AMDDesignTools/2025.2/Vitis/tps/tcl/tcllib2.0/websocket/pkgIndex.tcl 
Execute             source C:/AMDDesignTools/2025.2/Vitis/tps/tcl/tcllib2.0/wip/pkgIndex.tcl 
Execute             source C:/AMDDesignTools/2025.2/Vitis/tps/tcl/tcllib2.0/yaml/pkgIndex.tcl 
Execute             source C:/AMDDesignTools/2025.2/Vitis/tps/tcl/tcllib2.0/zip/pkgIndex.tcl 
Execute           source C:/AMDDesignTools/2025.2/Vitis/tps/tcl/tdom/pkgIndex.tcl 
Execute           source C:/AMDDesignTools/2025.2/Vitis/tps/tcl/tk8.6/pkgIndex.tcl 
Execute           source C:/AMDDesignTools/2025.2/Vitis/tps/tcl/tcl8.6/opt0.4/pkgIndex.tcl 
Execute           source C:/AMDDesignTools/2025.2/Vitis/tps/tcl/tcl8.6/pkgs/win/thread2.8.7/pkgIndex.tcl 
Command         ap_source done; 0.189 sec.
Execute         source C:/AMDDesignTools/2025.2/Vitis/tps/tcl/tcllib2.0/0compatibility/pkgIndex.tcl 
Execute         source C:/AMDDesignTools/2025.2/Vitis/tps/tcl/tcllib2.0/amazon-s3/pkgIndex.tcl 
Execute         source C:/AMDDesignTools/2025.2/Vitis/tps/tcl/tcllib2.0/asn/pkgIndex.tcl 
Execute         source C:/AMDDesignTools/2025.2/Vitis/tps/tcl/tcllib2.0/base32/pkgIndex.tcl 
Execute         source C:/AMDDesignTools/2025.2/Vitis/tps/tcl/tcllib2.0/base64/pkgIndex.tcl 
Execute         source C:/AMDDesignTools/2025.2/Vitis/tps/tcl/tcllib2.0/bee/pkgIndex.tcl 
Execute         source C:/AMDDesignTools/2025.2/Vitis/tps/tcl/tcllib2.0/bench/pkgIndex.tcl 
Execute         source C:/AMDDesignTools/2025.2/Vitis/tps/tcl/tcllib2.0/bibtex/pkgIndex.tcl 
Execute         source C:/AMDDesignTools/2025.2/Vitis/tps/tcl/tcllib2.0/cache/pkgIndex.tcl 
Execute         source C:/AMDDesignTools/2025.2/Vitis/tps/tcl/tcllib2.0/clay/pkgIndex.tcl 
Execute         source C:/AMDDesignTools/2025.2/Vitis/tps/tcl/tcllib2.0/clock/pkgIndex.tcl 
Execute         source C:/AMDDesignTools/2025.2/Vitis/tps/tcl/tcllib2.0/cmdline/pkgIndex.tcl 
Execute         source C:/AMDDesignTools/2025.2/Vitis/tps/tcl/tcllib2.0/comm/pkgIndex.tcl 
Execute         source C:/AMDDesignTools/2025.2/Vitis/tps/tcl/tcllib2.0/control/pkgIndex.tcl 
Execute         source C:/AMDDesignTools/2025.2/Vitis/tps/tcl/tcllib2.0/coroutine/pkgIndex.tcl 
Execute         source C:/AMDDesignTools/2025.2/Vitis/tps/tcl/tcllib2.0/counter/pkgIndex.tcl 
Execute         source C:/AMDDesignTools/2025.2/Vitis/tps/tcl/tcllib2.0/crc/pkgIndex.tcl 
Execute         source C:/AMDDesignTools/2025.2/Vitis/tps/tcl/tcllib2.0/cron/pkgIndex.tcl 
Execute         source C:/AMDDesignTools/2025.2/Vitis/tps/tcl/tcllib2.0/csv/pkgIndex.tcl 
Execute         source C:/AMDDesignTools/2025.2/Vitis/tps/tcl/tcllib2.0/debug/pkgIndex.tcl 
Execute         source C:/AMDDesignTools/2025.2/Vitis/tps/tcl/tcllib2.0/defer/pkgIndex.tcl 
Execute         source C:/AMDDesignTools/2025.2/Vitis/tps/tcl/tcllib2.0/dicttool/pkgIndex.tcl 
Execute         source C:/AMDDesignTools/2025.2/Vitis/tps/tcl/tcllib2.0/dns/pkgIndex.tcl 
Execute         source C:/AMDDesignTools/2025.2/Vitis/tps/tcl/tcllib2.0/docstrip/pkgIndex.tcl 
Execute         source C:/AMDDesignTools/2025.2/Vitis/tps/tcl/tcllib2.0/doctools/pkgIndex.tcl 
Execute         source C:/AMDDesignTools/2025.2/Vitis/tps/tcl/tcllib2.0/doctools2base/pkgIndex.tcl 
Execute         source C:/AMDDesignTools/2025.2/Vitis/tps/tcl/tcllib2.0/doctools2idx/pkgIndex.tcl 
Execute         source C:/AMDDesignTools/2025.2/Vitis/tps/tcl/tcllib2.0/doctools2toc/pkgIndex.tcl 
Execute         source C:/AMDDesignTools/2025.2/Vitis/tps/tcl/tcllib2.0/dtplite/pkgIndex.tcl 
Execute         source C:/AMDDesignTools/2025.2/Vitis/tps/tcl/tcllib2.0/fileutil/pkgIndex.tcl 
Execute         source C:/AMDDesignTools/2025.2/Vitis/tps/tcl/tcllib2.0/ftp/pkgIndex.tcl 
Execute         source C:/AMDDesignTools/2025.2/Vitis/tps/tcl/tcllib2.0/ftpd/pkgIndex.tcl 
Execute         source C:/AMDDesignTools/2025.2/Vitis/tps/tcl/tcllib2.0/fumagic/pkgIndex.tcl 
Execute         source C:/AMDDesignTools/2025.2/Vitis/tps/tcl/tcllib2.0/generator/pkgIndex.tcl 
Execute         source C:/AMDDesignTools/2025.2/Vitis/tps/tcl/tcllib2.0/gpx/pkgIndex.tcl 
Execute         source C:/AMDDesignTools/2025.2/Vitis/tps/tcl/tcllib2.0/grammar_aycock/pkgIndex.tcl 
Execute         source C:/AMDDesignTools/2025.2/Vitis/tps/tcl/tcllib2.0/grammar_fa/pkgIndex.tcl 
Execute         source C:/AMDDesignTools/2025.2/Vitis/tps/tcl/tcllib2.0/grammar_me/pkgIndex.tcl 
Execute         source C:/AMDDesignTools/2025.2/Vitis/tps/tcl/tcllib2.0/grammar_peg/pkgIndex.tcl 
Execute         source C:/AMDDesignTools/2025.2/Vitis/tps/tcl/tcllib2.0/hook/pkgIndex.tcl 
Execute         source C:/AMDDesignTools/2025.2/Vitis/tps/tcl/tcllib2.0/html/pkgIndex.tcl 
Execute         source C:/AMDDesignTools/2025.2/Vitis/tps/tcl/tcllib2.0/htmlparse/pkgIndex.tcl 
Execute         source C:/AMDDesignTools/2025.2/Vitis/tps/tcl/tcllib2.0/http/pkgIndex.tcl 
Execute         source C:/AMDDesignTools/2025.2/Vitis/tps/tcl/tcllib2.0/httpd/pkgIndex.tcl 
Execute         source C:/AMDDesignTools/2025.2/Vitis/tps/tcl/tcllib2.0/httpwget/pkgIndex.tcl 
Execute         source C:/AMDDesignTools/2025.2/Vitis/tps/tcl/tcllib2.0/ident/pkgIndex.tcl 
Execute         source C:/AMDDesignTools/2025.2/Vitis/tps/tcl/tcllib2.0/imap4/pkgIndex.tcl 
Execute         source C:/AMDDesignTools/2025.2/Vitis/tps/tcl/tcllib2.0/inifile/pkgIndex.tcl 
Execute         source C:/AMDDesignTools/2025.2/Vitis/tps/tcl/tcllib2.0/interp/pkgIndex.tcl 
Execute         source C:/AMDDesignTools/2025.2/Vitis/tps/tcl/tcllib2.0/irc/pkgIndex.tcl 
Execute         source C:/AMDDesignTools/2025.2/Vitis/tps/tcl/tcllib2.0/javascript/pkgIndex.tcl 
Execute         source C:/AMDDesignTools/2025.2/Vitis/tps/tcl/tcllib2.0/jpeg/pkgIndex.tcl 
Execute         source C:/AMDDesignTools/2025.2/Vitis/tps/tcl/tcllib2.0/json/pkgIndex.tcl 
Execute         source C:/AMDDesignTools/2025.2/Vitis/tps/tcl/tcllib2.0/lambda/pkgIndex.tcl 
Execute         source C:/AMDDesignTools/2025.2/Vitis/tps/tcl/tcllib2.0/lazyset/pkgIndex.tcl 
Execute         source C:/AMDDesignTools/2025.2/Vitis/tps/tcl/tcllib2.0/ldap/pkgIndex.tcl 
Execute         source C:/AMDDesignTools/2025.2/Vitis/tps/tcl/tcllib2.0/log/pkgIndex.tcl 
Execute         source C:/AMDDesignTools/2025.2/Vitis/tps/tcl/tcllib2.0/map/pkgIndex.tcl 
Execute         source C:/AMDDesignTools/2025.2/Vitis/tps/tcl/tcllib2.0/mapproj/pkgIndex.tcl 
Execute         source C:/AMDDesignTools/2025.2/Vitis/tps/tcl/tcllib2.0/markdown/pkgIndex.tcl 
Execute         source C:/AMDDesignTools/2025.2/Vitis/tps/tcl/tcllib2.0/math/pkgIndex.tcl 
Execute         source C:/AMDDesignTools/2025.2/Vitis/tps/tcl/tcllib2.0/md4/pkgIndex.tcl 
Execute         source C:/AMDDesignTools/2025.2/Vitis/tps/tcl/tcllib2.0/md5/pkgIndex.tcl 
Execute         source C:/AMDDesignTools/2025.2/Vitis/tps/tcl/tcllib2.0/md5crypt/pkgIndex.tcl 
Execute         source C:/AMDDesignTools/2025.2/Vitis/tps/tcl/tcllib2.0/mime/pkgIndex.tcl 
Execute         source C:/AMDDesignTools/2025.2/Vitis/tps/tcl/tcllib2.0/mkdoc/pkgIndex.tcl 
Execute         source C:/AMDDesignTools/2025.2/Vitis/tps/tcl/tcllib2.0/multiplexer/pkgIndex.tcl 
Execute         source C:/AMDDesignTools/2025.2/Vitis/tps/tcl/tcllib2.0/namespacex/pkgIndex.tcl 
Execute         source C:/AMDDesignTools/2025.2/Vitis/tps/tcl/tcllib2.0/ncgi/pkgIndex.tcl 
Execute         source C:/AMDDesignTools/2025.2/Vitis/tps/tcl/tcllib2.0/nettool/pkgIndex.tcl 
Execute         source C:/AMDDesignTools/2025.2/Vitis/tps/tcl/tcllib2.0/nmea/pkgIndex.tcl 
Execute         source C:/AMDDesignTools/2025.2/Vitis/tps/tcl/tcllib2.0/nns/pkgIndex.tcl 
Execute         source C:/AMDDesignTools/2025.2/Vitis/tps/tcl/tcllib2.0/nntp/pkgIndex.tcl 
Execute         source C:/AMDDesignTools/2025.2/Vitis/tps/tcl/tcllib2.0/ntp/pkgIndex.tcl 
Execute         source C:/AMDDesignTools/2025.2/Vitis/tps/tcl/tcllib2.0/oauth/pkgIndex.tcl 
Execute         source C:/AMDDesignTools/2025.2/Vitis/tps/tcl/tcllib2.0/oodialect/pkgIndex.tcl 
Execute         source C:/AMDDesignTools/2025.2/Vitis/tps/tcl/tcllib2.0/oometa/pkgIndex.tcl 
Execute         source C:/AMDDesignTools/2025.2/Vitis/tps/tcl/tcllib2.0/ooutil/pkgIndex.tcl 
Execute         source C:/AMDDesignTools/2025.2/Vitis/tps/tcl/tcllib2.0/otp/pkgIndex.tcl 
Execute         source C:/AMDDesignTools/2025.2/Vitis/tps/tcl/tcllib2.0/page/pkgIndex.tcl 
Execute         source C:/AMDDesignTools/2025.2/Vitis/tps/tcl/tcllib2.0/pluginmgr/pkgIndex.tcl 
Execute         source C:/AMDDesignTools/2025.2/Vitis/tps/tcl/tcllib2.0/png/pkgIndex.tcl 
Execute         source C:/AMDDesignTools/2025.2/Vitis/tps/tcl/tcllib2.0/pop3/pkgIndex.tcl 
Execute         source C:/AMDDesignTools/2025.2/Vitis/tps/tcl/tcllib2.0/pop3d/pkgIndex.tcl 
Execute         source C:/AMDDesignTools/2025.2/Vitis/tps/tcl/tcllib2.0/practcl/pkgIndex.tcl 
Execute         source C:/AMDDesignTools/2025.2/Vitis/tps/tcl/tcllib2.0/processman/pkgIndex.tcl 
Execute         source C:/AMDDesignTools/2025.2/Vitis/tps/tcl/tcllib2.0/profiler/pkgIndex.tcl 
Execute         source C:/AMDDesignTools/2025.2/Vitis/tps/tcl/tcllib2.0/pt/pkgIndex.tcl 
Execute         source C:/AMDDesignTools/2025.2/Vitis/tps/tcl/tcllib2.0/rcs/pkgIndex.tcl 
Execute         source C:/AMDDesignTools/2025.2/Vitis/tps/tcl/tcllib2.0/report/pkgIndex.tcl 
Execute         source C:/AMDDesignTools/2025.2/Vitis/tps/tcl/tcllib2.0/rest/pkgIndex.tcl 
Execute         source C:/AMDDesignTools/2025.2/Vitis/tps/tcl/tcllib2.0/ripemd/pkgIndex.tcl 
Execute         source C:/AMDDesignTools/2025.2/Vitis/tps/tcl/tcllib2.0/sasl/pkgIndex.tcl 
Execute         source C:/AMDDesignTools/2025.2/Vitis/tps/tcl/tcllib2.0/sha1/pkgIndex.tcl 
Execute         source C:/AMDDesignTools/2025.2/Vitis/tps/tcl/tcllib2.0/simulation/pkgIndex.tcl 
Execute         source C:/AMDDesignTools/2025.2/Vitis/tps/tcl/tcllib2.0/smtpd/pkgIndex.tcl 
Execute         source C:/AMDDesignTools/2025.2/Vitis/tps/tcl/tcllib2.0/snit/pkgIndex.tcl 
Execute         source C:/AMDDesignTools/2025.2/Vitis/tps/tcl/tcllib2.0/soundex/pkgIndex.tcl 
Execute         source C:/AMDDesignTools/2025.2/Vitis/tps/tcl/tcllib2.0/stooop/pkgIndex.tcl 
Execute         source C:/AMDDesignTools/2025.2/Vitis/tps/tcl/tcllib2.0/string/pkgIndex.tcl 
Execute         source C:/AMDDesignTools/2025.2/Vitis/tps/tcl/tcllib2.0/stringprep/pkgIndex.tcl 
Execute         source C:/AMDDesignTools/2025.2/Vitis/tps/tcl/tcllib2.0/struct/pkgIndex.tcl 
Execute         source C:/AMDDesignTools/2025.2/Vitis/tps/tcl/tcllib2.0/tar/pkgIndex.tcl 
Execute         source C:/AMDDesignTools/2025.2/Vitis/tps/tcl/tcllib2.0/tepam/pkgIndex.tcl 
Execute         source C:/AMDDesignTools/2025.2/Vitis/tps/tcl/tcllib2.0/term/pkgIndex.tcl 
Execute         source C:/AMDDesignTools/2025.2/Vitis/tps/tcl/tcllib2.0/textutil/pkgIndex.tcl 
Execute         source C:/AMDDesignTools/2025.2/Vitis/tps/tcl/tcllib2.0/tie/pkgIndex.tcl 
Execute         source C:/AMDDesignTools/2025.2/Vitis/tps/tcl/tcllib2.0/tiff/pkgIndex.tcl 
Execute         source C:/AMDDesignTools/2025.2/Vitis/tps/tcl/tcllib2.0/tool/pkgIndex.tcl 
Execute         source C:/AMDDesignTools/2025.2/Vitis/tps/tcl/tcllib2.0/transfer/pkgIndex.tcl 
Execute         source C:/AMDDesignTools/2025.2/Vitis/tps/tcl/tcllib2.0/treeql/pkgIndex.tcl 
Execute         source C:/AMDDesignTools/2025.2/Vitis/tps/tcl/tcllib2.0/try/pkgIndex.tcl 
Execute         source C:/AMDDesignTools/2025.2/Vitis/tps/tcl/tcllib2.0/udpcluster/pkgIndex.tcl 
Execute         source C:/AMDDesignTools/2025.2/Vitis/tps/tcl/tcllib2.0/uev/pkgIndex.tcl 
Execute         source C:/AMDDesignTools/2025.2/Vitis/tps/tcl/tcllib2.0/units/pkgIndex.tcl 
Execute         source C:/AMDDesignTools/2025.2/Vitis/tps/tcl/tcllib2.0/uri/pkgIndex.tcl 
Execute         source C:/AMDDesignTools/2025.2/Vitis/tps/tcl/tcllib2.0/uuid/pkgIndex.tcl 
Execute         source C:/AMDDesignTools/2025.2/Vitis/tps/tcl/tcllib2.0/valtype/pkgIndex.tcl 
Execute         source C:/AMDDesignTools/2025.2/Vitis/tps/tcl/tcllib2.0/virtchannel_base/pkgIndex.tcl 
Execute         source C:/AMDDesignTools/2025.2/Vitis/tps/tcl/tcllib2.0/virtchannel_core/pkgIndex.tcl 
Execute         source C:/AMDDesignTools/2025.2/Vitis/tps/tcl/tcllib2.0/virtchannel_transform/pkgIndex.tcl 
Execute         source C:/AMDDesignTools/2025.2/Vitis/tps/tcl/tcllib2.0/websocket/pkgIndex.tcl 
Execute         source C:/AMDDesignTools/2025.2/Vitis/tps/tcl/tcllib2.0/wip/pkgIndex.tcl 
Execute         source C:/AMDDesignTools/2025.2/Vitis/tps/tcl/tcllib2.0/yaml/pkgIndex.tcl 
Execute         source C:/AMDDesignTools/2025.2/Vitis/tps/tcl/tcllib2.0/zip/pkgIndex.tcl 
Execute         source C:/AMDDesignTools/2025.2/Vitis/tps/tcl/tcllib2.0/pkgIndex.tcl 
Execute           source C:/AMDDesignTools/2025.2/Vitis/tps/tcl/tcllib2.0/0compatibility/pkgIndex.tcl 
Execute           source C:/AMDDesignTools/2025.2/Vitis/tps/tcl/tcllib2.0/amazon-s3/pkgIndex.tcl 
Execute           source C:/AMDDesignTools/2025.2/Vitis/tps/tcl/tcllib2.0/asn/pkgIndex.tcl 
Execute           source C:/AMDDesignTools/2025.2/Vitis/tps/tcl/tcllib2.0/base32/pkgIndex.tcl 
Execute           source C:/AMDDesignTools/2025.2/Vitis/tps/tcl/tcllib2.0/base64/pkgIndex.tcl 
Execute           source C:/AMDDesignTools/2025.2/Vitis/tps/tcl/tcllib2.0/bee/pkgIndex.tcl 
Execute           source C:/AMDDesignTools/2025.2/Vitis/tps/tcl/tcllib2.0/bench/pkgIndex.tcl 
Execute           source C:/AMDDesignTools/2025.2/Vitis/tps/tcl/tcllib2.0/bibtex/pkgIndex.tcl 
Execute           source C:/AMDDesignTools/2025.2/Vitis/tps/tcl/tcllib2.0/cache/pkgIndex.tcl 
Execute           source C:/AMDDesignTools/2025.2/Vitis/tps/tcl/tcllib2.0/clay/pkgIndex.tcl 
Execute           source C:/AMDDesignTools/2025.2/Vitis/tps/tcl/tcllib2.0/clock/pkgIndex.tcl 
Execute           source C:/AMDDesignTools/2025.2/Vitis/tps/tcl/tcllib2.0/cmdline/pkgIndex.tcl 
Execute           source C:/AMDDesignTools/2025.2/Vitis/tps/tcl/tcllib2.0/comm/pkgIndex.tcl 
Execute           source C:/AMDDesignTools/2025.2/Vitis/tps/tcl/tcllib2.0/control/pkgIndex.tcl 
Execute           source C:/AMDDesignTools/2025.2/Vitis/tps/tcl/tcllib2.0/coroutine/pkgIndex.tcl 
Execute           source C:/AMDDesignTools/2025.2/Vitis/tps/tcl/tcllib2.0/counter/pkgIndex.tcl 
Execute           source C:/AMDDesignTools/2025.2/Vitis/tps/tcl/tcllib2.0/crc/pkgIndex.tcl 
Execute           source C:/AMDDesignTools/2025.2/Vitis/tps/tcl/tcllib2.0/cron/pkgIndex.tcl 
Execute           source C:/AMDDesignTools/2025.2/Vitis/tps/tcl/tcllib2.0/csv/pkgIndex.tcl 
Execute           source C:/AMDDesignTools/2025.2/Vitis/tps/tcl/tcllib2.0/debug/pkgIndex.tcl 
Execute           source C:/AMDDesignTools/2025.2/Vitis/tps/tcl/tcllib2.0/defer/pkgIndex.tcl 
Execute           source C:/AMDDesignTools/2025.2/Vitis/tps/tcl/tcllib2.0/dicttool/pkgIndex.tcl 
Execute           source C:/AMDDesignTools/2025.2/Vitis/tps/tcl/tcllib2.0/dns/pkgIndex.tcl 
Execute           source C:/AMDDesignTools/2025.2/Vitis/tps/tcl/tcllib2.0/docstrip/pkgIndex.tcl 
Execute           source C:/AMDDesignTools/2025.2/Vitis/tps/tcl/tcllib2.0/doctools/pkgIndex.tcl 
Execute           source C:/AMDDesignTools/2025.2/Vitis/tps/tcl/tcllib2.0/doctools2base/pkgIndex.tcl 
Execute           source C:/AMDDesignTools/2025.2/Vitis/tps/tcl/tcllib2.0/doctools2idx/pkgIndex.tcl 
Execute           source C:/AMDDesignTools/2025.2/Vitis/tps/tcl/tcllib2.0/doctools2toc/pkgIndex.tcl 
Execute           source C:/AMDDesignTools/2025.2/Vitis/tps/tcl/tcllib2.0/dtplite/pkgIndex.tcl 
Execute           source C:/AMDDesignTools/2025.2/Vitis/tps/tcl/tcllib2.0/fileutil/pkgIndex.tcl 
Execute           source C:/AMDDesignTools/2025.2/Vitis/tps/tcl/tcllib2.0/ftp/pkgIndex.tcl 
Execute           source C:/AMDDesignTools/2025.2/Vitis/tps/tcl/tcllib2.0/ftpd/pkgIndex.tcl 
Execute           source C:/AMDDesignTools/2025.2/Vitis/tps/tcl/tcllib2.0/fumagic/pkgIndex.tcl 
Execute           source C:/AMDDesignTools/2025.2/Vitis/tps/tcl/tcllib2.0/generator/pkgIndex.tcl 
Execute           source C:/AMDDesignTools/2025.2/Vitis/tps/tcl/tcllib2.0/gpx/pkgIndex.tcl 
Execute           source C:/AMDDesignTools/2025.2/Vitis/tps/tcl/tcllib2.0/grammar_aycock/pkgIndex.tcl 
Execute           source C:/AMDDesignTools/2025.2/Vitis/tps/tcl/tcllib2.0/grammar_fa/pkgIndex.tcl 
Execute           source C:/AMDDesignTools/2025.2/Vitis/tps/tcl/tcllib2.0/grammar_me/pkgIndex.tcl 
Execute           source C:/AMDDesignTools/2025.2/Vitis/tps/tcl/tcllib2.0/grammar_peg/pkgIndex.tcl 
Execute           source C:/AMDDesignTools/2025.2/Vitis/tps/tcl/tcllib2.0/hook/pkgIndex.tcl 
Execute           source C:/AMDDesignTools/2025.2/Vitis/tps/tcl/tcllib2.0/html/pkgIndex.tcl 
Execute           source C:/AMDDesignTools/2025.2/Vitis/tps/tcl/tcllib2.0/htmlparse/pkgIndex.tcl 
Execute           source C:/AMDDesignTools/2025.2/Vitis/tps/tcl/tcllib2.0/http/pkgIndex.tcl 
Execute           source C:/AMDDesignTools/2025.2/Vitis/tps/tcl/tcllib2.0/httpd/pkgIndex.tcl 
Execute           source C:/AMDDesignTools/2025.2/Vitis/tps/tcl/tcllib2.0/httpwget/pkgIndex.tcl 
Execute           source C:/AMDDesignTools/2025.2/Vitis/tps/tcl/tcllib2.0/ident/pkgIndex.tcl 
Execute           source C:/AMDDesignTools/2025.2/Vitis/tps/tcl/tcllib2.0/imap4/pkgIndex.tcl 
Execute           source C:/AMDDesignTools/2025.2/Vitis/tps/tcl/tcllib2.0/inifile/pkgIndex.tcl 
Execute           source C:/AMDDesignTools/2025.2/Vitis/tps/tcl/tcllib2.0/interp/pkgIndex.tcl 
Execute           source C:/AMDDesignTools/2025.2/Vitis/tps/tcl/tcllib2.0/irc/pkgIndex.tcl 
Execute           source C:/AMDDesignTools/2025.2/Vitis/tps/tcl/tcllib2.0/javascript/pkgIndex.tcl 
Execute           source C:/AMDDesignTools/2025.2/Vitis/tps/tcl/tcllib2.0/jpeg/pkgIndex.tcl 
Execute           source C:/AMDDesignTools/2025.2/Vitis/tps/tcl/tcllib2.0/json/pkgIndex.tcl 
Execute           source C:/AMDDesignTools/2025.2/Vitis/tps/tcl/tcllib2.0/lambda/pkgIndex.tcl 
Execute           source C:/AMDDesignTools/2025.2/Vitis/tps/tcl/tcllib2.0/lazyset/pkgIndex.tcl 
Execute           source C:/AMDDesignTools/2025.2/Vitis/tps/tcl/tcllib2.0/ldap/pkgIndex.tcl 
Execute           source C:/AMDDesignTools/2025.2/Vitis/tps/tcl/tcllib2.0/log/pkgIndex.tcl 
Execute           source C:/AMDDesignTools/2025.2/Vitis/tps/tcl/tcllib2.0/map/pkgIndex.tcl 
Execute           source C:/AMDDesignTools/2025.2/Vitis/tps/tcl/tcllib2.0/mapproj/pkgIndex.tcl 
Execute           source C:/AMDDesignTools/2025.2/Vitis/tps/tcl/tcllib2.0/markdown/pkgIndex.tcl 
Execute           source C:/AMDDesignTools/2025.2/Vitis/tps/tcl/tcllib2.0/math/pkgIndex.tcl 
Execute           source C:/AMDDesignTools/2025.2/Vitis/tps/tcl/tcllib2.0/md4/pkgIndex.tcl 
Execute           source C:/AMDDesignTools/2025.2/Vitis/tps/tcl/tcllib2.0/md5/pkgIndex.tcl 
Execute           source C:/AMDDesignTools/2025.2/Vitis/tps/tcl/tcllib2.0/md5crypt/pkgIndex.tcl 
Execute           source C:/AMDDesignTools/2025.2/Vitis/tps/tcl/tcllib2.0/mime/pkgIndex.tcl 
Execute           source C:/AMDDesignTools/2025.2/Vitis/tps/tcl/tcllib2.0/mkdoc/pkgIndex.tcl 
Execute           source C:/AMDDesignTools/2025.2/Vitis/tps/tcl/tcllib2.0/multiplexer/pkgIndex.tcl 
Execute           source C:/AMDDesignTools/2025.2/Vitis/tps/tcl/tcllib2.0/namespacex/pkgIndex.tcl 
Execute           source C:/AMDDesignTools/2025.2/Vitis/tps/tcl/tcllib2.0/ncgi/pkgIndex.tcl 
Execute           source C:/AMDDesignTools/2025.2/Vitis/tps/tcl/tcllib2.0/nettool/pkgIndex.tcl 
Execute           source C:/AMDDesignTools/2025.2/Vitis/tps/tcl/tcllib2.0/nmea/pkgIndex.tcl 
Execute           source C:/AMDDesignTools/2025.2/Vitis/tps/tcl/tcllib2.0/nns/pkgIndex.tcl 
Execute           source C:/AMDDesignTools/2025.2/Vitis/tps/tcl/tcllib2.0/nntp/pkgIndex.tcl 
Execute           source C:/AMDDesignTools/2025.2/Vitis/tps/tcl/tcllib2.0/ntp/pkgIndex.tcl 
Execute           source C:/AMDDesignTools/2025.2/Vitis/tps/tcl/tcllib2.0/oauth/pkgIndex.tcl 
Execute           source C:/AMDDesignTools/2025.2/Vitis/tps/tcl/tcllib2.0/oodialect/pkgIndex.tcl 
Execute           source C:/AMDDesignTools/2025.2/Vitis/tps/tcl/tcllib2.0/oometa/pkgIndex.tcl 
Execute           source C:/AMDDesignTools/2025.2/Vitis/tps/tcl/tcllib2.0/ooutil/pkgIndex.tcl 
Execute           source C:/AMDDesignTools/2025.2/Vitis/tps/tcl/tcllib2.0/otp/pkgIndex.tcl 
Execute           source C:/AMDDesignTools/2025.2/Vitis/tps/tcl/tcllib2.0/page/pkgIndex.tcl 
Execute           source C:/AMDDesignTools/2025.2/Vitis/tps/tcl/tcllib2.0/pluginmgr/pkgIndex.tcl 
Execute           source C:/AMDDesignTools/2025.2/Vitis/tps/tcl/tcllib2.0/png/pkgIndex.tcl 
Execute           source C:/AMDDesignTools/2025.2/Vitis/tps/tcl/tcllib2.0/pop3/pkgIndex.tcl 
Execute           source C:/AMDDesignTools/2025.2/Vitis/tps/tcl/tcllib2.0/pop3d/pkgIndex.tcl 
Execute           source C:/AMDDesignTools/2025.2/Vitis/tps/tcl/tcllib2.0/practcl/pkgIndex.tcl 
Execute           source C:/AMDDesignTools/2025.2/Vitis/tps/tcl/tcllib2.0/processman/pkgIndex.tcl 
Execute           source C:/AMDDesignTools/2025.2/Vitis/tps/tcl/tcllib2.0/profiler/pkgIndex.tcl 
Execute           source C:/AMDDesignTools/2025.2/Vitis/tps/tcl/tcllib2.0/pt/pkgIndex.tcl 
Execute           source C:/AMDDesignTools/2025.2/Vitis/tps/tcl/tcllib2.0/rcs/pkgIndex.tcl 
Execute           source C:/AMDDesignTools/2025.2/Vitis/tps/tcl/tcllib2.0/report/pkgIndex.tcl 
Execute           source C:/AMDDesignTools/2025.2/Vitis/tps/tcl/tcllib2.0/rest/pkgIndex.tcl 
Execute           source C:/AMDDesignTools/2025.2/Vitis/tps/tcl/tcllib2.0/ripemd/pkgIndex.tcl 
Execute           source C:/AMDDesignTools/2025.2/Vitis/tps/tcl/tcllib2.0/sasl/pkgIndex.tcl 
Execute           source C:/AMDDesignTools/2025.2/Vitis/tps/tcl/tcllib2.0/sha1/pkgIndex.tcl 
Execute           source C:/AMDDesignTools/2025.2/Vitis/tps/tcl/tcllib2.0/simulation/pkgIndex.tcl 
Execute           source C:/AMDDesignTools/2025.2/Vitis/tps/tcl/tcllib2.0/smtpd/pkgIndex.tcl 
Execute           source C:/AMDDesignTools/2025.2/Vitis/tps/tcl/tcllib2.0/snit/pkgIndex.tcl 
Execute           source C:/AMDDesignTools/2025.2/Vitis/tps/tcl/tcllib2.0/soundex/pkgIndex.tcl 
Execute           source C:/AMDDesignTools/2025.2/Vitis/tps/tcl/tcllib2.0/stooop/pkgIndex.tcl 
Execute           source C:/AMDDesignTools/2025.2/Vitis/tps/tcl/tcllib2.0/string/pkgIndex.tcl 
Execute           source C:/AMDDesignTools/2025.2/Vitis/tps/tcl/tcllib2.0/stringprep/pkgIndex.tcl 
Execute           source C:/AMDDesignTools/2025.2/Vitis/tps/tcl/tcllib2.0/struct/pkgIndex.tcl 
Execute           source C:/AMDDesignTools/2025.2/Vitis/tps/tcl/tcllib2.0/tar/pkgIndex.tcl 
Execute           source C:/AMDDesignTools/2025.2/Vitis/tps/tcl/tcllib2.0/tepam/pkgIndex.tcl 
Execute           source C:/AMDDesignTools/2025.2/Vitis/tps/tcl/tcllib2.0/term/pkgIndex.tcl 
Execute           source C:/AMDDesignTools/2025.2/Vitis/tps/tcl/tcllib2.0/textutil/pkgIndex.tcl 
Execute           source C:/AMDDesignTools/2025.2/Vitis/tps/tcl/tcllib2.0/tie/pkgIndex.tcl 
Execute           source C:/AMDDesignTools/2025.2/Vitis/tps/tcl/tcllib2.0/tiff/pkgIndex.tcl 
Execute           source C:/AMDDesignTools/2025.2/Vitis/tps/tcl/tcllib2.0/tool/pkgIndex.tcl 
Execute           source C:/AMDDesignTools/2025.2/Vitis/tps/tcl/tcllib2.0/transfer/pkgIndex.tcl 
Execute           source C:/AMDDesignTools/2025.2/Vitis/tps/tcl/tcllib2.0/treeql/pkgIndex.tcl 
Execute           source C:/AMDDesignTools/2025.2/Vitis/tps/tcl/tcllib2.0/try/pkgIndex.tcl 
Execute           source C:/AMDDesignTools/2025.2/Vitis/tps/tcl/tcllib2.0/udpcluster/pkgIndex.tcl 
Execute           source C:/AMDDesignTools/2025.2/Vitis/tps/tcl/tcllib2.0/uev/pkgIndex.tcl 
Execute           source C:/AMDDesignTools/2025.2/Vitis/tps/tcl/tcllib2.0/units/pkgIndex.tcl 
Execute           source C:/AMDDesignTools/2025.2/Vitis/tps/tcl/tcllib2.0/uri/pkgIndex.tcl 
Execute           source C:/AMDDesignTools/2025.2/Vitis/tps/tcl/tcllib2.0/uuid/pkgIndex.tcl 
Execute           source C:/AMDDesignTools/2025.2/Vitis/tps/tcl/tcllib2.0/valtype/pkgIndex.tcl 
Execute           source C:/AMDDesignTools/2025.2/Vitis/tps/tcl/tcllib2.0/virtchannel_base/pkgIndex.tcl 
Execute           source C:/AMDDesignTools/2025.2/Vitis/tps/tcl/tcllib2.0/virtchannel_core/pkgIndex.tcl 
Execute           source C:/AMDDesignTools/2025.2/Vitis/tps/tcl/tcllib2.0/virtchannel_transform/pkgIndex.tcl 
Execute           source C:/AMDDesignTools/2025.2/Vitis/tps/tcl/tcllib2.0/websocket/pkgIndex.tcl 
Execute           source C:/AMDDesignTools/2025.2/Vitis/tps/tcl/tcllib2.0/wip/pkgIndex.tcl 
Execute           source C:/AMDDesignTools/2025.2/Vitis/tps/tcl/tcllib2.0/yaml/pkgIndex.tcl 
Execute           source C:/AMDDesignTools/2025.2/Vitis/tps/tcl/tcllib2.0/zip/pkgIndex.tcl 
Execute         source C:/AMDDesignTools/2025.2/Vitis/tps/tcl/tdom/pkgIndex.tcl 
Execute         source C:/AMDDesignTools/2025.2/Vitis/tps/tcl/tk8.6/pkgIndex.tcl 
Execute         source C:/AMDDesignTools/2025.2/Vitis/tps/tcl/tcl8.6/opt0.4/pkgIndex.tcl 
Execute         source C:/AMDDesignTools/2025.2/Vitis/tps/tcl/tcl8.6/pkgs/win/thread2.8.7/pkgIndex.tcl 
Command       ap_source done; 0.382 sec.
INFO-FLOW: Workspace C:/Users/vempa/Documents/Projects/RADAR_Chirp_Engine/ChirpGenerator/ChirpGenerator/hls opened at Tue Aug 18 15:46:09 +0530 2026
Execute       send_msg_by_id INFO @200-1505@%s%s default  vivado 
INFO: [HLS 200-1505] Using default flow_target 'vivado'
Execute       send_msg_by_id INFO @200-2174@%s%s component hls_config.cfg 
INFO: [HLS 200-2174] Applying component config ini file hls_config.cfg
Execute       apply_ini hls_config.cfg 
Execute         send_msg_by_id INFO @200-1465@%s 'syn.file=chirp.cpp' from hls_config.cfg(7) 
INFO: [HLS 200-1465] Applying config ini 'syn.file=chirp.cpp' from hls_config.cfg(7)
Execute         add_files C:/Users/vempa/Documents/Projects/RADAR_Chirp_Engine/ChirpGenerator/chirp.cpp 
INFO: [HLS 200-10] Adding design file 'C:/Users/vempa/Documents/Projects/RADAR_Chirp_Engine/ChirpGenerator/chirp.cpp' to the project
Execute         send_msg_by_id INFO @200-1465@%s 'syn.file=chirp.h' from hls_config.cfg(8) 
INFO: [HLS 200-1465] Applying config ini 'syn.file=chirp.h' from hls_config.cfg(8)
Execute         add_files C:/Users/vempa/Documents/Projects/RADAR_Chirp_Engine/ChirpGenerator/chirp.h 
INFO: [HLS 200-10] Adding design file 'C:/Users/vempa/Documents/Projects/RADAR_Chirp_Engine/ChirpGenerator/chirp.h' to the project
Execute         send_msg_by_id INFO @200-1465@%s 'tb.file=chirp_tb.cpp' from hls_config.cfg(9) 
INFO: [HLS 200-1465] Applying config ini 'tb.file=chirp_tb.cpp' from hls_config.cfg(9)
Execute         add_files -tb C:/Users/vempa/Documents/Projects/RADAR_Chirp_Engine/ChirpGenerator/chirp_tb.cpp 
INFO: [HLS 200-10] Adding test bench file 'C:/Users/vempa/Documents/Projects/RADAR_Chirp_Engine/ChirpGenerator/chirp_tb.cpp' to the project
Execute         send_msg_by_id INFO @200-1465@%s 'syn.top=chirp' from hls_config.cfg(10) 
INFO: [HLS 200-1465] Applying config ini 'syn.top=chirp' from hls_config.cfg(10)
Execute         set_top chirp 
Execute         send_msg_by_id INFO @200-1465@%s 'flow_target=vivado' from hls_config.cfg(4) 
INFO: [HLS 200-1465] Applying config ini 'flow_target=vivado' from hls_config.cfg(4)
Execute         send_msg_by_id INFO @200-1505@%s%s  vivado 
INFO: [HLS 200-1505] Using flow_target 'vivado'
Execute         send_msg_by_id INFO @200-1465@%s 'part=xc7z020clg484-1' from hls_config.cfg(1) 
INFO: [HLS 200-1465] Applying config ini 'part=xc7z020clg484-1' from hls_config.cfg(1)
Execute         set_part xc7z020clg484-1 
Execute           create_platform xc7z020clg484-1 -board  
DBG:HLSDevice: Trying to load device library: C:/AMDDesignTools/2025.2/Vitis\lib\win64.o\xv_hlsvwrap.dll
DBG:HLSDevice: first parts/arch.xml in RDI_DATADIR: C:/AMDDesignTools/2025.2/Vivado/data/parts/arch.xml
DBG:HLSDevice: init success
INFO: [HLS 200-1611] Setting target device to 'xc7z020-clg484-1'
Command           create_platform done; 0.709 sec.
Execute           source C:/AMDDesignTools/2025.2/Vitis/common/technology/xilinx/common/xilinx.gen 
Execute             source C:/AMDDesignTools/2025.2/Vitis/common/technology/xilinx/interface/plb46.gen 
Execute             source C:/AMDDesignTools/2025.2/Vitis/common/technology/xilinx/interface/axi4.gen 
Execute             source C:/AMDDesignTools/2025.2/Vitis/common/technology/xilinx/interface/nativeAXI4.gen 
Execute               source C:/AMDDesignTools/2025.2/Vitis/common/technology/xilinx/interface/saxilite.gen 
Execute             source C:/AMDDesignTools/2025.2/Vitis/common/technology/xilinx/scripts/xilinxcoregen.gen 
Execute             source C:/AMDDesignTools/2025.2/Vitis/common/technology/xilinx/interface/XilEDKCoreGen.gen 
Execute             source C:/AMDDesignTools/2025.2/Vitis/common/technology/xilinx/ip/dds_compiler.gen 
Execute             source C:/AMDDesignTools/2025.2/Vitis/common/technology/xilinx/ip/util.gen 
Execute             source C:/AMDDesignTools/2025.2/Vitis/common/technology/xilinx/ip/xfft.gen 
Execute             source C:/AMDDesignTools/2025.2/Vitis/common/technology/xilinx/ip/xfir.gen 
Execute             source C:/AMDDesignTools/2025.2/Vitis/common/technology/xilinx/DSP48/dsp48.gen 
Execute           ap_part_info -name xc7z020-clg484-1 -data info 
Execute           config_compile -quiet -complex-mul-dsp=0 
Command         set_part done; 0.782 sec.
Execute         send_msg_by_id INFO @200-1465@%s 'package.output.format=ip_catalog' from hls_config.cfg(5) 
INFO: [HLS 200-1465] Applying config ini 'package.output.format=ip_catalog' from hls_config.cfg(5)
Execute         config_export -format=ip_catalog 
Command       apply_ini done; 0.821 sec.
Execute       write_component -config C:/Users/vempa/Documents/Projects/RADAR_Chirp_Engine/ChirpGenerator/hls_config.cfg 
Execute         send_msg_by_id INFO @200-2176@%s C:/Users/vempa/Documents/Projects/RADAR_Chirp_Engine/ChirpGenerator/ChirpGenerator/vitis-comp.json 
INFO: [HLS 200-2176] Writing Vitis IDE component file C:/Users/vempa/Documents/Projects/RADAR_Chirp_Engine/ChirpGenerator/ChirpGenerator/vitis-comp.json
Command     open_solution done; 1.248 sec.
Command   open_component done; 1.252 sec.
Execute   apply_ini C:/Users/vempa/Documents/Projects/RADAR_Chirp_Engine/ChirpGenerator/ChirpGenerator/hls/config.cmdline -iscmdline 
Execute   ::AP::init_summary_file csynth 
Execute     AP::app_get_file_relativeroot [AP::app_get_root] {}
Execute   csynth_design 
Execute     AP::msg_collection_file -open C:/Users/vempa/Documents/Projects/RADAR_Chirp_Engine/ChirpGenerator/ChirpGenerator/hls/.autopilot/db/be_messages.xml 
Execute     ap_part_info -name xc7z020-clg484-1 -data info 
INFO-FLOW: run_clang chirp.cpp.xilinx-performance-pragma-detector exec: C:/AMDDesignTools/2025.2/Vitis/win64/tools/clang-16/bin/xilinx-performance-pragma-detector chirp.cpp -- -fhls -D__VITIS_HLS__ -DAESL_SYN -D__SYNTHESIS__ -D__HLS_SYN__ -I C:/AMDDesignTools/2025.2/Vitis/common/technology/autopilot -I C:/AMDDesignTools/2025.2/Vitis/common/technology/autopilot/ap_sysc -include etc/autopilot_ssdm_op.h -D__DSP48E1__ -target fpga64-xilinx-mingw32 --sysroot C:/AMDDesignTools/2025.2/Vitis/tps/mingw/8.3.0/win64.o/nt {-hls-platform-db-name=C:/AMDDesignTools/2025.2/Vitis\common/technology\xilinx/common/platform.db} -hls-platform-name=zynq_slow -device-resource-info=BRAM_280.000000_DSP_220.000000_FF_106400.000000_LUT_53200.000000_SLICE_13300.000000_URAM_0.000000 -device-name-info=xc7z020clg484-1 > C:/Users/vempa/Documents/Projects/RADAR_Chirp_Engine/ChirpGenerator/ChirpGenerator/hls/.autopilot/db/chirp.cpp.xilinx-performance-pragma-detector.out.log 2> C:/Users/vempa/Documents/Projects/RADAR_Chirp_Engine/ChirpGenerator/ChirpGenerator/hls/.autopilot/db/chirp.cpp.xilinx-performance-pragma-detector.err.log
INFO-FLOW: run_clang result=success num-err-msgs=0 num-stderr-lines=1
Execute     elaborate -effort=medium -skip_syncheck=0 -keep_printf=0 -skip_cdt=0 -skip_transform=0 -ng=0 -g=0 -from_csynth_design=1 
INFO: [HLS 200-111] Finished File checks and directory preparation: CPU user time: 0 seconds. CPU system time: 2 seconds. Elapsed time: 5.522 seconds; current allocated memory: 149.871 MB.
Execute       send_msg_by_id INFO @200-2191@%s%s C-Synthesis clang-16 
INFO: [HLS 200-2191] C-Synthesis will use clang-16 as the compiler
Execute       set_directive_top chirp -name=chirp 
INFO: [HLS 200-10] Analyzing design file 'chirp.cpp' ... 
INFO-FLOW: Compiling one TU...
INFO-FLOW: Handling chirp.cpp as C++
Execute       ap_part_info -name xc7z020-clg484-1 -data info 
INFO-FLOW: Running: GCC PP 39
INFO-FLOW: Source preprocessing
INFO-FLOW: run_clang chirp.cpp.clang exec: C:/AMDDesignTools/2025.2/Vitis/win64/tools/clang-16/bin/clang chirp.cpp -foptimization-record-file=C:/Users/vempa/Documents/Projects/RADAR_Chirp_Engine/ChirpGenerator/ChirpGenerator/hls/.autopilot/db/chirp.cpp.clang.diag.yml -mllvm -pass-remarks-missed=reflow|pasta|unroll|inline -mllvm -pass-remarks=reflow|pasta|unroll|inline -fno-limit-debug-info --sysroot C:/AMDDesignTools/2025.2/Vitis/tps/mingw/8.3.0/win64.o/nt -fhls -fno-exceptions -insert-hls-directive=C:/Users/vempa/Documents/Projects/RADAR_Chirp_Engine/ChirpGenerator/ChirpGenerator/hls/.autopilot/db/all.directive.json -hls-directive-location -E -fno-math-errno -c -emit-llvm -mllvm -disable-llvm-optzns -Xclang -no-opaque-pointers -Xclang -fmerge-all-constants -Werror=implicit-hls-streams -Werror=return-type -Wpragmas -Wunused-parameter -Wdump-hls-pragmas -Wno-error=dump-hls-pragmas -hls-clock-period=10 -fno-threadsafe-statics -fno-use-cxa-atexit -target fpga64-xilinx-mingw32 -fno-threadsafe-statics -fno-use-cxa-atexit -D__VITIS_HLS__ -DAESL_SYN -D__SYNTHESIS__ -D__HLS_SYN__ -I C:/AMDDesignTools/2025.2/Vitis/common/technology/autopilot -I C:/AMDDesignTools/2025.2/Vitis/common/technology/autopilot/ap_sysc -include etc/autopilot_ssdm_op.h -D__DSP48E1__ -o C:/Users/vempa/Documents/Projects/RADAR_Chirp_Engine/ChirpGenerator/ChirpGenerator/hls/.autopilot/db/chirp.pp.0.cpp {-hls-platform-db-name=C:/AMDDesignTools/2025.2/Vitis\common/technology\xilinx/common/platform.db} -hls-platform-name=zynq_slow -device-resource-info=BRAM_280.000000_DSP_220.000000_FF_106400.000000_LUT_53200.000000_SLICE_13300.000000_URAM_0.000000 -device-name-info=xc7z020clg484-1 > C:/Users/vempa/Documents/Projects/RADAR_Chirp_Engine/ChirpGenerator/ChirpGenerator/hls/.autopilot/db/chirp.cpp.clang.out.log 2> C:/Users/vempa/Documents/Projects/RADAR_Chirp_Engine/ChirpGenerator/ChirpGenerator/hls/.autopilot/db/chirp.cpp.clang.err.log
INFO-FLOW: run_clang result=success num-err-msgs=0 num-stderr-lines=0
INFO-FLOW: Done: GCC PP 39 time: 0.4 seconds 
INFO-FLOW: Source syntax check for synthesis
INFO-FLOW: run_clang clang exec: C:/AMDDesignTools/2025.2/Vitis/win64/tools/clang-16/bin/clang -foptimization-record-file=C:/Users/vempa/Documents/Projects/RADAR_Chirp_Engine/ChirpGenerator/ChirpGenerator/hls/.autopilot/db/clang.diag.yml -mllvm -pass-remarks-missed=reflow|pasta|unroll|inline -mllvm -pass-remarks=reflow|pasta|unroll|inline -fsyntax-only -fhls -target fpga64-xilinx-linux-gnu C:/Users/vempa/Documents/Projects/RADAR_Chirp_Engine/ChirpGenerator/ChirpGenerator/hls/.autopilot/db/chirp.pp.0.cpp {-hls-platform-db-name=C:/AMDDesignTools/2025.2/Vitis\common/technology\xilinx/common/platform.db} -hls-platform-name=zynq_slow -device-resource-info=BRAM_280.000000_DSP_220.000000_FF_106400.000000_LUT_53200.000000_SLICE_13300.000000_URAM_0.000000 -device-name-info=xc7z020clg484-1 > C:/Users/vempa/Documents/Projects/RADAR_Chirp_Engine/ChirpGenerator/ChirpGenerator/hls/.autopilot/db/clang.out.log 2> C:/Users/vempa/Documents/Projects/RADAR_Chirp_Engine/ChirpGenerator/ChirpGenerator/hls/.autopilot/db/clang.err.log
INFO-FLOW: run_clang result=success num-err-msgs=0 num-stderr-lines=0
Execute       clang_tidy xilinx-systemc-detector -desc systemc-detector C:/Users/vempa/Documents/Projects/RADAR_Chirp_Engine/ChirpGenerator/ChirpGenerator/hls/.autopilot/db/chirp.pp.0.cpp  -target fpga -directive=C:/Users/vempa/Documents/Projects/RADAR_Chirp_Engine/ChirpGenerator/ChirpGenerator/hls/.autopilot/db/.systemc_flag 
INFO-FLOW: exec C:/AMDDesignTools/2025.2/Vitis/win64/tools/clang-16/bin/clang-tidy -header-filter=.* --checks=-*,xilinx-systemc-detector -import-directive=C:/Users/vempa/Documents/Projects/RADAR_Chirp_Engine/ChirpGenerator/ChirpGenerator/hls/.autopilot/db/.systemc_flag -fix-errors C:/Users/vempa/Documents/Projects/RADAR_Chirp_Engine/ChirpGenerator/ChirpGenerator/hls/.autopilot/db/chirp.pp.0.cpp -- - -target fpga -fhls -ferror-limit=0
Command       clang_tidy done; 3.113 sec.
INFO-FLOW: Running: clang-tidy CDT preprocess 39
Execute       clang_tidy xilinx-directive2pragma -desc directive2pragma C:/Users/vempa/Documents/Projects/RADAR_Chirp_Engine/ChirpGenerator/ChirpGenerator/hls/.autopilot/db/chirp.pp.0.cpp  -target fpga -directive=C:/Users/vempa/Documents/Projects/RADAR_Chirp_Engine/ChirpGenerator/ChirpGenerator/hls/.autopilot/db/all.directive.json 
INFO-FLOW: exec C:/AMDDesignTools/2025.2/Vitis/win64/tools/clang-16/bin/clang-tidy -header-filter=.* --checks=-*,xilinx-directive2pragma -import-directive=C:/Users/vempa/Documents/Projects/RADAR_Chirp_Engine/ChirpGenerator/ChirpGenerator/hls/.autopilot/db/all.directive.json -fix-errors C:/Users/vempa/Documents/Projects/RADAR_Chirp_Engine/ChirpGenerator/ChirpGenerator/hls/.autopilot/db/chirp.pp.0.cpp -- - -target fpga -fhls -ferror-limit=0
Command       clang_tidy done; 3.476 sec.
INFO-FLOW: Done: clang-tidy CDT preprocess 39 time: 3.5 seconds 
INFO-FLOW: Calling xilinx-label-all-loops ... 
INFO-FLOW: Calling xilinx-aggregate-on-hls-vector ... 
Execute       clang_tidy -errorcheck -desc loop-label xilinx-label-all-loops,xilinx-aggregate-on-hls-vector,,xilinx-warn-mayneed-no-ctor-attribute C:/Users/vempa/Documents/Projects/RADAR_Chirp_Engine/ChirpGenerator/ChirpGenerator/hls/.autopilot/db/chirp.pp.0.cpp  -target fpga 
INFO-FLOW: run_clang loop-label exec: C:/AMDDesignTools/2025.2/Vitis/win64/tools/clang-16/bin/clang-tidy -export-fixes=C:/Users/vempa/Documents/Projects/RADAR_Chirp_Engine/ChirpGenerator/ChirpGenerator/hls/.autopilot/db/chirp.pp.0.cpp.clang-tidy.loop-label.diag.yml -header-filter=.* --checks=-*,xilinx-label-all-loops,xilinx-aggregate-on-hls-vector,,xilinx-warn-mayneed-no-ctor-attribute -fix-errors C:/Users/vempa/Documents/Projects/RADAR_Chirp_Engine/ChirpGenerator/ChirpGenerator/hls/.autopilot/db/chirp.pp.0.cpp -- - -target fpga -fhls -ferror-limit=0 > C:/Users/vempa/Documents/Projects/RADAR_Chirp_Engine/ChirpGenerator/ChirpGenerator/hls/.autopilot/db/chirp.pp.0.cpp.clang-tidy.loop-label.out.log 2> C:/Users/vempa/Documents/Projects/RADAR_Chirp_Engine/ChirpGenerator/ChirpGenerator/hls/.autopilot/db/chirp.pp.0.cpp.clang-tidy.loop-label.err.log
Execute         source C:/AMDDesignTools/2025.2/Vitis/tps/tcl/tcllib2.0/yaml/yaml.tcl 
Execute           source C:/AMDDesignTools/2025.2/Vitis/tps/tcl/tcllib2.0/cmdline/cmdline.tcl 
INFO-FLOW: run_clang result=success num-err-msgs=0 num-stderr-lines=663
Command       clang_tidy done; 6.594 sec.
INFO-FLOW: run_clang chirp.pp.0.cpp.xilinx-dataflow-lawyer exec: C:/AMDDesignTools/2025.2/Vitis/win64/tools/clang-16/bin/xilinx-dataflow-lawyer -export-fixes=C:/Users/vempa/Documents/Projects/RADAR_Chirp_Engine/ChirpGenerator/ChirpGenerator/hls/.autopilot/db/chirp.pp.0.cpp.xilinx-dataflow-lawyer.diag.yml C:/Users/vempa/Documents/Projects/RADAR_Chirp_Engine/ChirpGenerator/ChirpGenerator/hls/.autopilot/db/chirp.pp.0.cpp -- - -target fpga -fhls -ferror-limit=0 -fstrict-dataflow > C:/Users/vempa/Documents/Projects/RADAR_Chirp_Engine/ChirpGenerator/ChirpGenerator/hls/.autopilot/db/chirp.pp.0.cpp.xilinx-dataflow-lawyer.out.log 2> C:/Users/vempa/Documents/Projects/RADAR_Chirp_Engine/ChirpGenerator/ChirpGenerator/hls/.autopilot/db/chirp.pp.0.cpp.xilinx-dataflow-lawyer.err.log
INFO-FLOW: run_clang result=success num-err-msgs=0 num-stderr-lines=0
Execute       ap_part_info -name xc7z020-clg484-1 -data info 
INFO-FLOW: compiling source code to llvm bc
INFO-FLOW: run_clang chirp.pp.0.cpp.clang exec: C:/AMDDesignTools/2025.2/Vitis/win64/tools/clang-16/bin/clang -foptimization-record-file=C:/Users/vempa/Documents/Projects/RADAR_Chirp_Engine/ChirpGenerator/ChirpGenerator/hls/.autopilot/db/chirp.pp.0.cpp.clang.diag.yml -mllvm -pass-remarks-missed=reflow|pasta|unroll|inline -mllvm -pass-remarks=reflow|pasta|unroll|inline -flto -fno-exceptions -Wno-error=c++11-narrowing -fno-limit-debug-info -fhls -hls-emit-hint-scope C:/Users/vempa/Documents/Projects/RADAR_Chirp_Engine/ChirpGenerator/ChirpGenerator/hls/.autopilot/db/chirp.pp.0.cpp -fno-math-errno -c -emit-llvm -mllvm -disable-llvm-optzns -Xclang -no-opaque-pointers -Xclang -fmerge-all-constants -Werror=implicit-hls-streams -Werror=return-type -Wpragmas -Wunused-parameter -Wdump-hls-pragmas -Wno-error=dump-hls-pragmas -hls-clock-period=10 -fno-threadsafe-statics -fno-use-cxa-atexit -target fpga64-xilinx-linux-gnu -D__VITIS_HLS__ -DAESL_SYN -D__SYNTHESIS__ -D__HLS_SYN__ -I C:/AMDDesignTools/2025.2/Vitis/common/technology/autopilot -I C:/AMDDesignTools/2025.2/Vitis/common/technology/autopilot/ap_sysc -include etc/autopilot_ssdm_op.h -D__DSP48E1__ -g -o C:/Users/vempa/Documents/Projects/RADAR_Chirp_Engine/ChirpGenerator/ChirpGenerator/hls/.autopilot/db/chirp.pre.g.bc {-hls-platform-db-name=C:/AMDDesignTools/2025.2/Vitis\common/technology\xilinx/common/platform.db} -hls-platform-name=zynq_slow -device-resource-info=BRAM_280.000000_DSP_220.000000_FF_106400.000000_LUT_53200.000000_SLICE_13300.000000_URAM_0.000000 -device-name-info=xc7z020clg484-1 > C:/Users/vempa/Documents/Projects/RADAR_Chirp_Engine/ChirpGenerator/ChirpGenerator/hls/.autopilot/db/chirp.pp.0.cpp.clang.out.log 2> C:/Users/vempa/Documents/Projects/RADAR_Chirp_Engine/ChirpGenerator/ChirpGenerator/hls/.autopilot/db/chirp.pp.0.cpp.clang.err.log
INFO-FLOW: run_clang result=success num-err-msgs=0 num-stderr-lines=0
INFO-FLOW: converting llvm 16.0.4 bc to downstrem bc
INFO-FLOW: run_clang chirp.bc.llvm-converter exec: C:/AMDDesignTools/2025.2/Vitis/win64/tools/clang-16/bin/llvm-converter -opaque-pointers=0 C:/Users/vempa/Documents/Projects/RADAR_Chirp_Engine/ChirpGenerator/ChirpGenerator/hls/.autopilot/db/chirp.pre.g.bc -o C:/Users/vempa/Documents/Projects/RADAR_Chirp_Engine/ChirpGenerator/ChirpGenerator/hls/.autopilot/db/chirp.bc > C:/Users/vempa/Documents/Projects/RADAR_Chirp_Engine/ChirpGenerator/ChirpGenerator/hls/.autopilot/db/chirp.bc.llvm-converter.out.log 2> C:/Users/vempa/Documents/Projects/RADAR_Chirp_Engine/ChirpGenerator/ChirpGenerator/hls/.autopilot/db/chirp.bc.llvm-converter.err.log
INFO-FLOW: run_clang result=success num-err-msgs=0 num-stderr-lines=0
INFO: [HLS 200-111] Finished Source Code Analysis and Preprocessing: CPU user time: 1 seconds. CPU system time: 0 seconds. Elapsed time: 22.659 seconds; current allocated memory: 156.621 MB.
INFO-FLOW: Linking Debug ...
INFO-FLOW: Linking dut bc code.
Execute       run_link_or_opt -out C:/Users/vempa/Documents/Projects/RADAR_Chirp_Engine/ChirpGenerator/ChirpGenerator/hls/.autopilot/db/a.g.ld.0.bc -args C:/Users/vempa/Documents/Projects/RADAR_Chirp_Engine/ChirpGenerator/ChirpGenerator/hls/.autopilot/db/chirp.bc 
INFO-FLOW: run_clang a.g.ld.0.bc.llvm-link exec: C:/AMDDesignTools/2025.2/Vitis/win64/tools/clang-3.9-csynth/bin/llvm-link C:/Users/vempa/Documents/Projects/RADAR_Chirp_Engine/ChirpGenerator/ChirpGenerator/hls/.autopilot/db/chirp.bc -o C:/Users/vempa/Documents/Projects/RADAR_Chirp_Engine/ChirpGenerator/ChirpGenerator/hls/.autopilot/db/a.g.ld.0.bc > C:/Users/vempa/Documents/Projects/RADAR_Chirp_Engine/ChirpGenerator/ChirpGenerator/hls/.autopilot/db/a.g.ld.0.bc.llvm-link.out.log 2> C:/Users/vempa/Documents/Projects/RADAR_Chirp_Engine/ChirpGenerator/ChirpGenerator/hls/.autopilot/db/a.g.ld.0.bc.llvm-link.err.log
INFO-FLOW: run_clang result=success num-err-msgs=0 num-stderr-lines=0
Execute       run_link_or_opt -opt -out C:/Users/vempa/Documents/Projects/RADAR_Chirp_Engine/ChirpGenerator/ChirpGenerator/hls/.autopilot/db/a.g.ld.1.lower.bc -args C:/Users/vempa/Documents/Projects/RADAR_Chirp_Engine/ChirpGenerator/ChirpGenerator/hls/.autopilot/db/a.g.ld.0.bc -reflow-lower-math-intrinsics 
INFO-FLOW: run_clang a.g.ld.1.lower.bc.opt exec: C:/AMDDesignTools/2025.2/Vitis/win64/tools/clang-3.9-csynth/bin/opt -pass-remarks-missed=reflow|pasta|unroll|inline -pass-remarks=reflow|pasta|unroll|inline -pass-remarks-output=C:/Users/vempa/Documents/Projects/RADAR_Chirp_Engine/ChirpGenerator/ChirpGenerator/hls/.autopilot/db/a.g.ld.1.lower.bc.opt.diag.yml C:/Users/vempa/Documents/Projects/RADAR_Chirp_Engine/ChirpGenerator/ChirpGenerator/hls/.autopilot/db/a.g.ld.0.bc -reflow-lower-math-intrinsics -o C:/Users/vempa/Documents/Projects/RADAR_Chirp_Engine/ChirpGenerator/ChirpGenerator/hls/.autopilot/db/a.g.ld.1.lower.bc > C:/Users/vempa/Documents/Projects/RADAR_Chirp_Engine/ChirpGenerator/ChirpGenerator/hls/.autopilot/db/a.g.ld.1.lower.bc.opt.out.log 2> C:/Users/vempa/Documents/Projects/RADAR_Chirp_Engine/ChirpGenerator/ChirpGenerator/hls/.autopilot/db/a.g.ld.1.lower.bc.opt.err.log
INFO-FLOW: run_clang result=success num-err-msgs=0 num-stderr-lines=0
INFO-FLOW: Running: gen_design_size_report post-opt
INFO-FLOW: Done: gen_design_size_report post-opt time: 0 seconds 
INFO-FLOW: Linking math bc lib
Execute       run_link_or_opt -out C:/Users/vempa/Documents/Projects/RADAR_Chirp_Engine/ChirpGenerator/ChirpGenerator/hls/.autopilot/db/a.g.ld.2.m1.bc -args C:/Users/vempa/Documents/Projects/RADAR_Chirp_Engine/ChirpGenerator/ChirpGenerator/hls/.autopilot/db/a.g.ld.1.lower.bc -only-needed C:/AMDDesignTools/2025.2/Vitis/win64/lib/libhlsm_39.bc C:/AMDDesignTools/2025.2/Vitis/win64/lib/libhlsmc++_39.bc 
INFO-FLOW: run_clang a.g.ld.2.m1.bc.llvm-link exec: C:/AMDDesignTools/2025.2/Vitis/win64/tools/clang-3.9-csynth/bin/llvm-link C:/Users/vempa/Documents/Projects/RADAR_Chirp_Engine/ChirpGenerator/ChirpGenerator/hls/.autopilot/db/a.g.ld.1.lower.bc -only-needed C:/AMDDesignTools/2025.2/Vitis/win64/lib/libhlsm_39.bc C:/AMDDesignTools/2025.2/Vitis/win64/lib/libhlsmc++_39.bc -o C:/Users/vempa/Documents/Projects/RADAR_Chirp_Engine/ChirpGenerator/ChirpGenerator/hls/.autopilot/db/a.g.ld.2.m1.bc > C:/Users/vempa/Documents/Projects/RADAR_Chirp_Engine/ChirpGenerator/ChirpGenerator/hls/.autopilot/db/a.g.ld.2.m1.bc.llvm-link.out.log 2> C:/Users/vempa/Documents/Projects/RADAR_Chirp_Engine/ChirpGenerator/ChirpGenerator/hls/.autopilot/db/a.g.ld.2.m1.bc.llvm-link.err.log
INFO-FLOW: run_clang result=success num-err-msgs=0 num-stderr-lines=0
Command       run_link_or_opt done; 1.527 sec.
Execute       run_link_or_opt -opt -out C:/Users/vempa/Documents/Projects/RADAR_Chirp_Engine/ChirpGenerator/ChirpGenerator/hls/.autopilot/db/a.g.ld.3.fpc.bc -args C:/Users/vempa/Documents/Projects/RADAR_Chirp_Engine/ChirpGenerator/ChirpGenerator/hls/.autopilot/db/a.g.ld.2.m1.bc -reflow-globaldce -hls-top-function-name=chirp -reflow-float-conversion 
INFO-FLOW: run_clang a.g.ld.3.fpc.bc.opt exec: C:/AMDDesignTools/2025.2/Vitis/win64/tools/clang-3.9-csynth/bin/opt -pass-remarks-missed=reflow|pasta|unroll|inline -pass-remarks=reflow|pasta|unroll|inline -pass-remarks-output=C:/Users/vempa/Documents/Projects/RADAR_Chirp_Engine/ChirpGenerator/ChirpGenerator/hls/.autopilot/db/a.g.ld.3.fpc.bc.opt.diag.yml C:/Users/vempa/Documents/Projects/RADAR_Chirp_Engine/ChirpGenerator/ChirpGenerator/hls/.autopilot/db/a.g.ld.2.m1.bc -reflow-globaldce -hls-top-function-name=chirp -reflow-float-conversion -o C:/Users/vempa/Documents/Projects/RADAR_Chirp_Engine/ChirpGenerator/ChirpGenerator/hls/.autopilot/db/a.g.ld.3.fpc.bc > C:/Users/vempa/Documents/Projects/RADAR_Chirp_Engine/ChirpGenerator/ChirpGenerator/hls/.autopilot/db/a.g.ld.3.fpc.bc.opt.out.log 2> C:/Users/vempa/Documents/Projects/RADAR_Chirp_Engine/ChirpGenerator/ChirpGenerator/hls/.autopilot/db/a.g.ld.3.fpc.bc.opt.err.log
INFO-FLOW: run_clang result=success num-err-msgs=0 num-stderr-lines=0
INFO-FLOW: Running: gen_design_size_report post-opt
INFO-FLOW: Done: gen_design_size_report post-opt time: 0 seconds 
Command       run_link_or_opt done; 0.682 sec.
Execute       run_link_or_opt -out C:/Users/vempa/Documents/Projects/RADAR_Chirp_Engine/ChirpGenerator/ChirpGenerator/hls/.autopilot/db/a.g.ld.4.m2.bc -args C:/Users/vempa/Documents/Projects/RADAR_Chirp_Engine/ChirpGenerator/ChirpGenerator/hls/.autopilot/db/a.g.ld.3.fpc.bc -only-needed C:/AMDDesignTools/2025.2/Vitis/win64/lib/libfloatconversion_39.bc 
INFO-FLOW: run_clang a.g.ld.4.m2.bc.llvm-link exec: C:/AMDDesignTools/2025.2/Vitis/win64/tools/clang-3.9-csynth/bin/llvm-link C:/Users/vempa/Documents/Projects/RADAR_Chirp_Engine/ChirpGenerator/ChirpGenerator/hls/.autopilot/db/a.g.ld.3.fpc.bc -only-needed C:/AMDDesignTools/2025.2/Vitis/win64/lib/libfloatconversion_39.bc -o C:/Users/vempa/Documents/Projects/RADAR_Chirp_Engine/ChirpGenerator/ChirpGenerator/hls/.autopilot/db/a.g.ld.4.m2.bc > C:/Users/vempa/Documents/Projects/RADAR_Chirp_Engine/ChirpGenerator/ChirpGenerator/hls/.autopilot/db/a.g.ld.4.m2.bc.llvm-link.out.log 2> C:/Users/vempa/Documents/Projects/RADAR_Chirp_Engine/ChirpGenerator/ChirpGenerator/hls/.autopilot/db/a.g.ld.4.m2.bc.llvm-link.err.log
INFO-FLOW: run_clang result=success num-err-msgs=0 num-stderr-lines=0
Execute       run_link_or_opt -opt -out C:/Users/vempa/Documents/Projects/RADAR_Chirp_Engine/ChirpGenerator/ChirpGenerator/hls/.autopilot/db/a.g.ld.5.gdce.bc -args C:/Users/vempa/Documents/Projects/RADAR_Chirp_Engine/ChirpGenerator/ChirpGenerator/hls/.autopilot/db/a.g.ld.4.m2.bc -reflow-globaldce -hls-top-function-name=chirp 
INFO-FLOW: run_clang a.g.ld.5.gdce.bc.opt exec: C:/AMDDesignTools/2025.2/Vitis/win64/tools/clang-3.9-csynth/bin/opt -pass-remarks-missed=reflow|pasta|unroll|inline -pass-remarks=reflow|pasta|unroll|inline -pass-remarks-output=C:/Users/vempa/Documents/Projects/RADAR_Chirp_Engine/ChirpGenerator/ChirpGenerator/hls/.autopilot/db/a.g.ld.5.gdce.bc.opt.diag.yml C:/Users/vempa/Documents/Projects/RADAR_Chirp_Engine/ChirpGenerator/ChirpGenerator/hls/.autopilot/db/a.g.ld.4.m2.bc -reflow-globaldce -hls-top-function-name=chirp -o C:/Users/vempa/Documents/Projects/RADAR_Chirp_Engine/ChirpGenerator/ChirpGenerator/hls/.autopilot/db/a.g.ld.5.gdce.bc > C:/Users/vempa/Documents/Projects/RADAR_Chirp_Engine/ChirpGenerator/ChirpGenerator/hls/.autopilot/db/a.g.ld.5.gdce.bc.opt.out.log 2> C:/Users/vempa/Documents/Projects/RADAR_Chirp_Engine/ChirpGenerator/ChirpGenerator/hls/.autopilot/db/a.g.ld.5.gdce.bc.opt.err.log
INFO-FLOW: run_clang result=success num-err-msgs=0 num-stderr-lines=0
INFO-FLOW: Running: gen_design_size_report post-opt
INFO-FLOW: Done: gen_design_size_report post-opt time: 0 seconds 
Execute       send_msg_by_id INFO @200-777@%s Vivado 
INFO: [HLS 200-777] Using interface defaults for 'Vivado' flow target.
Execute       is_m_axi_addr64 
INFO-FLOW: Doing LTO.
INFO-FLOW: run_clang reflow (background poll_ms 5000) exec: C:/AMDDesignTools/2025.2/Vitis/win64/tools/clang-3.9-csynth/bin/clang -foptimization-record-file=C:/Users/vempa/Documents/Projects/RADAR_Chirp_Engine/ChirpGenerator/ChirpGenerator/hls/.autopilot/db/a.g.ld.0.bc.clang.reflow.diag.yml -mllvm -pass-remarks-missed=reflow|pasta|unroll|inline -mllvm -pass-remarks=reflow|pasta|unroll|inline -fhls -mllvm -hls-top-function-name=chirp -mllvm -hls-db-dir -mllvm C:/Users/vempa/Documents/Projects/RADAR_Chirp_Engine/ChirpGenerator/ChirpGenerator/hls/.autopilot/db -emit-llvm -c -target fpga64-xilinx-none -mllvm -xcl-xmlinfo=C:/Users/vempa/Documents/Projects/RADAR_Chirp_Engine/ChirpGenerator/ChirpGenerator/hls/.autopilot/db/kernel.internal.xml -mllvm -top-io-mapping-info=C:/Users/vempa/Documents/Projects/RADAR_Chirp_Engine/ChirpGenerator/ChirpGenerator/hls/.autopilot/db/top-io-fe.xml -mllvm -hls-bitcode-version=3.1 -mllvm -reflow-enable-slave-interface-default-setting=true -mllvm -gen-kernel-xml=false -mllvm -default-maxi-offset=slave -mllvm -reflow-unroll-size-threshold=10000 -mllvm -reflow-unroll-cost-threshold=1000000 -mllvm -maxi-latency=0 -mllvm -hls-maxi-data-size-in-bits=8 -mllvm -hls-maxi-max-data-size-in-bits=1024 -mllvm -hls-max-widen-size-in-bits=0 -mllvm -xcl-kernel-max-mem-ports=0 -mllvm -maxi-read-trans=16 -mllvm -maxi-write-trans=16 -mllvm -maxi-read-burst-len=16 -mllvm -maxi-write-burst-len=16 -mllvm -reflow-enable-saxi-64bits=0 -mllvm -reflow-basic-block-instr-threshold=200000 -mllvm -reflow-auto-pipeline-threshold=64 -mllvm -reflow-enable-maxi-auto-id-channel=0 -mllvm -reflow-bdd-simplify-threshold=1048576 -mllvm -reflow-fanout-threshold=16 -mllvm -reflow-force-aggressive-unroll=0 -mllvm -reflow-aggressive-unroll-adjust-factor=1.000000 -mllvm -reflow-complete-threshold=4 -mllvm -reflow-array-promotion-threshold=64 -mllvm -reflow-enable-critical-path-for-performance=1 -mllvm -assume-maxi-align=1 -mllvm -reflow-enable-dataflow-strict-mode-checking=1 -ftime-report -mllvm -time-passes -mllvm -reflow-auto-array-partition-mode=default -mllvm -reflow-enable-auto-small-array-partition=true -mllvm -reflow-enable-auto-array-promotion=true -mllvm -reflow-enable-auto-array-partition-for-flatten=true -mllvm -reflow-enable-auto-parallel-performance-driven=true -mllvm -reflow-enable-partition-for-automation=true -mllvm -reflow-aggregate-bitwidth-threshold=4096 -mllvm -reflow-reserved-saxilite-registers=0 -mllvm -enable-reflow-auto-loop-pipeline -mllvm -reflow-max-unroll-threshold=409600 -mllvm -auto-unroll-tripcount-threshold=0 -mllvm -reflow-assume-no-address-wrap=true -mllvm -reflow-enable-occurrence-inference=true -mllvm -reflow-emit-hint-scope=true -mllvm -reflow-enable-codegen-with-if=true -mllvm -reflow-enable-dataflow-canon=true -mllvm -reflow-enable-dataflow-canon2=true -mllvm -reflow-dump-extra-complexity-metric=true -mllvm -reflow-enable-dse-loop-nest-extraction=false -mllvm -hls -mllvm -disable-inlined-alloca-merging=true -mllvm -default-clock-period=10 -mllvm -use_read_first_ram_in_loop=1 -mllvm -default-clock-uncertainty=2.7 -x ir C:/Users/vempa/Documents/Projects/RADAR_Chirp_Engine/ChirpGenerator/ChirpGenerator/hls/.autopilot/db/a.g.ld.5.gdce.bc -o C:/Users/vempa/Documents/Projects/RADAR_Chirp_Engine/ChirpGenerator/ChirpGenerator/hls/.autopilot/db/a.g.lto.bc {-hls-platform-db-name=C:/AMDDesignTools/2025.2/Vitis\common/technology\xilinx/common/platform.db} -hls-platform-name=zynq_slow -device-resource-info=BRAM_280.000000_DSP_220.000000_FF_106400.000000_LUT_53200.000000_SLICE_13300.000000_URAM_0.000000 -device-name-info=xc7z020clg484-1 2> C:/Users/vempa/Documents/Projects/RADAR_Chirp_Engine/ChirpGenerator/ChirpGenerator/hls/.autopilot/db/a.g.ld.0.bc.clang.reflow.err.log bg_poll_cmd: ::AP::poll_clang_39_closed_source
Execute       send_msg_by_id INFO @200-1995@%s%s%s 9,694 Compile/Link (C:/Users/vempa/Documents/Projects/RADAR_Chirp_Engine/ChirpGenerator/ChirpGenerator/hls/syn/report/csynth_design_size.rpt:2) 
INFO: [HLS 200-1995] There were 9,694 instructions in the design after the 'Compile/Link' phase of compilation. See the Design Size Report for more details (C:/Users/vempa/Documents/Projects/RADAR_Chirp_Engine/ChirpGenerator/ChirpGenerator/hls/syn/report/csynth_design_size.rpt:2)
Execute       send_msg_by_id INFO @200-1995@%s%s%s 750 Unroll/Inline (step 1) (C:/Users/vempa/Documents/Projects/RADAR_Chirp_Engine/ChirpGenerator/ChirpGenerator/hls/syn/report/csynth_design_size.rpt:2) 
INFO: [HLS 200-1995] There were 750 instructions in the design after the 'Unroll/Inline (step 1)' phase of compilation. See the Design Size Report for more details (C:/Users/vempa/Documents/Projects/RADAR_Chirp_Engine/ChirpGenerator/ChirpGenerator/hls/syn/report/csynth_design_size.rpt:2)
Execute       send_msg_by_id INFO @200-1995@%s%s%s 424 Unroll/Inline (step 2) (C:/Users/vempa/Documents/Projects/RADAR_Chirp_Engine/ChirpGenerator/ChirpGenerator/hls/syn/report/csynth_design_size.rpt:2) 
INFO: [HLS 200-1995] There were 424 instructions in the design after the 'Unroll/Inline (step 2)' phase of compilation. See the Design Size Report for more details (C:/Users/vempa/Documents/Projects/RADAR_Chirp_Engine/ChirpGenerator/ChirpGenerator/hls/syn/report/csynth_design_size.rpt:2)
Execute       send_msg_by_id INFO @200-1995@%s%s%s 389 Unroll/Inline (step 3) (C:/Users/vempa/Documents/Projects/RADAR_Chirp_Engine/ChirpGenerator/ChirpGenerator/hls/syn/report/csynth_design_size.rpt:2) 
INFO: [HLS 200-1995] There were 389 instructions in the design after the 'Unroll/Inline (step 3)' phase of compilation. See the Design Size Report for more details (C:/Users/vempa/Documents/Projects/RADAR_Chirp_Engine/ChirpGenerator/ChirpGenerator/hls/syn/report/csynth_design_size.rpt:2)
Execute       send_msg_by_id INFO @200-1995@%s%s%s 248 Unroll/Inline (step 4) (C:/Users/vempa/Documents/Projects/RADAR_Chirp_Engine/ChirpGenerator/ChirpGenerator/hls/syn/report/csynth_design_size.rpt:2) 
INFO: [HLS 200-1995] There were 248 instructions in the design after the 'Unroll/Inline (step 4)' phase of compilation. See the Design Size Report for more details (C:/Users/vempa/Documents/Projects/RADAR_Chirp_Engine/ChirpGenerator/ChirpGenerator/hls/syn/report/csynth_design_size.rpt:2)
Execute       send_msg_by_id INFO @200-1995@%s%s%s 290 Array/Struct (step 1) (C:/Users/vempa/Documents/Projects/RADAR_Chirp_Engine/ChirpGenerator/ChirpGenerator/hls/syn/report/csynth_design_size.rpt:2) 
INFO: [HLS 200-1995] There were 290 instructions in the design after the 'Array/Struct (step 1)' phase of compilation. See the Design Size Report for more details (C:/Users/vempa/Documents/Projects/RADAR_Chirp_Engine/ChirpGenerator/ChirpGenerator/hls/syn/report/csynth_design_size.rpt:2)
Execute       send_msg_by_id INFO @200-1995@%s%s%s 236 Array/Struct (step 2) (C:/Users/vempa/Documents/Projects/RADAR_Chirp_Engine/ChirpGenerator/ChirpGenerator/hls/syn/report/csynth_design_size.rpt:2) 
INFO: [HLS 200-1995] There were 236 instructions in the design after the 'Array/Struct (step 2)' phase of compilation. See the Design Size Report for more details (C:/Users/vempa/Documents/Projects/RADAR_Chirp_Engine/ChirpGenerator/ChirpGenerator/hls/syn/report/csynth_design_size.rpt:2)
Execute       send_msg_by_id INFO @200-1995@%s%s%s 236 Array/Struct (step 3) (C:/Users/vempa/Documents/Projects/RADAR_Chirp_Engine/ChirpGenerator/ChirpGenerator/hls/syn/report/csynth_design_size.rpt:2) 
INFO: [HLS 200-1995] There were 236 instructions in the design after the 'Array/Struct (step 3)' phase of compilation. See the Design Size Report for more details (C:/Users/vempa/Documents/Projects/RADAR_Chirp_Engine/ChirpGenerator/ChirpGenerator/hls/syn/report/csynth_design_size.rpt:2)
Execute       send_msg_by_id INFO @200-1995@%s%s%s 236 Array/Struct (step 4) (C:/Users/vempa/Documents/Projects/RADAR_Chirp_Engine/ChirpGenerator/ChirpGenerator/hls/syn/report/csynth_design_size.rpt:2) 
INFO: [HLS 200-1995] There were 236 instructions in the design after the 'Array/Struct (step 4)' phase of compilation. See the Design Size Report for more details (C:/Users/vempa/Documents/Projects/RADAR_Chirp_Engine/ChirpGenerator/ChirpGenerator/hls/syn/report/csynth_design_size.rpt:2)
Execute       send_msg_by_id INFO @200-1995@%s%s%s 238 Array/Struct (step 5) (C:/Users/vempa/Documents/Projects/RADAR_Chirp_Engine/ChirpGenerator/ChirpGenerator/hls/syn/report/csynth_design_size.rpt:2) 
INFO: [HLS 200-1995] There were 238 instructions in the design after the 'Array/Struct (step 5)' phase of compilation. See the Design Size Report for more details (C:/Users/vempa/Documents/Projects/RADAR_Chirp_Engine/ChirpGenerator/ChirpGenerator/hls/syn/report/csynth_design_size.rpt:2)
Execute       send_msg_by_id INFO @200-1995@%s%s%s 238 Performance (step 1) (C:/Users/vempa/Documents/Projects/RADAR_Chirp_Engine/ChirpGenerator/ChirpGenerator/hls/syn/report/csynth_design_size.rpt:2) 
INFO: [HLS 200-1995] There were 238 instructions in the design after the 'Performance (step 1)' phase of compilation. See the Design Size Report for more details (C:/Users/vempa/Documents/Projects/RADAR_Chirp_Engine/ChirpGenerator/ChirpGenerator/hls/syn/report/csynth_design_size.rpt:2)
Execute       send_msg_by_id INFO @200-1995@%s%s%s 238 Performance (step 2) (C:/Users/vempa/Documents/Projects/RADAR_Chirp_Engine/ChirpGenerator/ChirpGenerator/hls/syn/report/csynth_design_size.rpt:2) 
INFO: [HLS 200-1995] There were 238 instructions in the design after the 'Performance (step 2)' phase of compilation. See the Design Size Report for more details (C:/Users/vempa/Documents/Projects/RADAR_Chirp_Engine/ChirpGenerator/ChirpGenerator/hls/syn/report/csynth_design_size.rpt:2)
Execute       send_msg_by_id INFO @200-1995@%s%s%s 236 Performance (step 3) (C:/Users/vempa/Documents/Projects/RADAR_Chirp_Engine/ChirpGenerator/ChirpGenerator/hls/syn/report/csynth_design_size.rpt:2) 
INFO: [HLS 200-1995] There were 236 instructions in the design after the 'Performance (step 3)' phase of compilation. See the Design Size Report for more details (C:/Users/vempa/Documents/Projects/RADAR_Chirp_Engine/ChirpGenerator/ChirpGenerator/hls/syn/report/csynth_design_size.rpt:2)
Execute       send_msg_by_id INFO @200-1995@%s%s%s 236 Performance (step 4) (C:/Users/vempa/Documents/Projects/RADAR_Chirp_Engine/ChirpGenerator/ChirpGenerator/hls/syn/report/csynth_design_size.rpt:2) 
INFO: [HLS 200-1995] There were 236 instructions in the design after the 'Performance (step 4)' phase of compilation. See the Design Size Report for more details (C:/Users/vempa/Documents/Projects/RADAR_Chirp_Engine/ChirpGenerator/ChirpGenerator/hls/syn/report/csynth_design_size.rpt:2)
Execute       send_msg_by_id INFO @200-1995@%s%s%s 250 HW Transforms (step 1) (C:/Users/vempa/Documents/Projects/RADAR_Chirp_Engine/ChirpGenerator/ChirpGenerator/hls/syn/report/csynth_design_size.rpt:2) 
INFO: [HLS 200-1995] There were 250 instructions in the design after the 'HW Transforms (step 1)' phase of compilation. See the Design Size Report for more details (C:/Users/vempa/Documents/Projects/RADAR_Chirp_Engine/ChirpGenerator/ChirpGenerator/hls/syn/report/csynth_design_size.rpt:2)
Execute       send_msg_by_id INFO @200-1995@%s%s%s 253 HW Transforms (step 2) (C:/Users/vempa/Documents/Projects/RADAR_Chirp_Engine/ChirpGenerator/ChirpGenerator/hls/syn/report/csynth_design_size.rpt:2) 
INFO: [HLS 200-1995] There were 253 instructions in the design after the 'HW Transforms (step 2)' phase of compilation. See the Design Size Report for more details (C:/Users/vempa/Documents/Projects/RADAR_Chirp_Engine/ChirpGenerator/ChirpGenerator/hls/syn/report/csynth_design_size.rpt:2)
INFO: [HLS 214-291] Loop 'anonymous' is marked as complete unroll implied by the pipeline pragma (C:\scratch\2025.2\hls_product\666\2025.2\src\shared\hls\clib/src/hls\utils/x_hls_float_utils.h:289:5)
INFO: [HLS 214-291] Loop 'anonymous' is marked as complete unroll implied by the pipeline pragma (C:\scratch\2025.2\hls_product\666\2025.2\src\shared\hls\clib/src/hls\utils/x_hls_float_utils.h:282:5)
INFO: [HLS 214-291] Loop 'anonymous' is marked as complete unroll implied by the pipeline pragma (C:\scratch\2025.2\hls_product\666\2025.2\src\shared\hls\clib/src/hls\utils/x_hls_float_utils.h:269:5)
INFO: [HLS 214-291] Loop 'anonymous' is marked as complete unroll implied by the pipeline pragma (C:\scratch\2025.2\hls_product\666\2025.2\src\shared\hls\clib/src/hls\utils/x_hls_float_utils.h:268:41)
INFO: [HLS 214-291] Loop 'anonymous' is marked as complete unroll implied by the pipeline pragma
INFO: [HLS 214-186] Unrolling loop 'anonymous' (C:\scratch\2025.2\hls_product\666\2025.2\src\shared\hls\clib/src/hls\utils/x_hls_float_utils.h:289:5) in function 'scaled_fixed2ieee<29, 1>' completely with a factor of 2 (C:\scratch\2025.2\hls_product\666\2025.2\src\shared\hls\clib/src/hls\utils/x_hls_float_utils.h:257:0)
INFO: [HLS 214-186] Unrolling loop 'anonymous' (C:\scratch\2025.2\hls_product\666\2025.2\src\shared\hls\clib/src/hls\utils/x_hls_float_utils.h:282:5) in function 'scaled_fixed2ieee<29, 1>' completely with a factor of 2 (C:\scratch\2025.2\hls_product\666\2025.2\src\shared\hls\clib/src/hls\utils/x_hls_float_utils.h:257:0)
INFO: [HLS 214-186] Unrolling loop 'anonymous' (C:\scratch\2025.2\hls_product\666\2025.2\src\shared\hls\clib/src/hls\utils/x_hls_float_utils.h:269:5) in function 'scaled_fixed2ieee<29, 1>' completely with a factor of 1 (C:\scratch\2025.2\hls_product\666\2025.2\src\shared\hls\clib/src/hls\utils/x_hls_float_utils.h:257:0)
INFO: [HLS 214-186] Unrolling loop 'anonymous' (C:\scratch\2025.2\hls_product\666\2025.2\src\shared\hls\clib/src/hls\utils/x_hls_float_utils.h:268:41) in function 'scaled_fixed2ieee<29, 1>' completely with a factor of 2 (C:\scratch\2025.2\hls_product\666\2025.2\src\shared\hls\clib/src/hls\utils/x_hls_float_utils.h:257:0)
INFO: [HLS 214-186] Unrolling loop 'anonymous' () in function 'scaled_fixed2ieee<29, 1>' completely with a factor of 1 (C:\scratch\2025.2\hls_product\666\2025.2\src\shared\hls\clib/src/hls\utils/x_hls_float_utils.h:257:0)
INFO: [HLS 214-178] Inlining function 'fp_struct<float>::fp_struct(float)' into 'void range_redux_payne_hanek_hotbm<29, float, 29, 29>(float, ap_uint<3>&, ap_ufixed<29, 0, (ap_q_mode)5, (ap_o_mode)3, 0>&, ap_ufixed<29, 0, (ap_q_mode)5, (ap_o_mode)3, 0>&, ap_int<fp_struct<float>::EXP_BITS>&)' (C:\scratch\2025.2\hls_product\666\2025.2\src\shared\hls\clib/hlsmath/include/FloatingPoint/hls_range_redux.h:437:0)
INFO: [HLS 214-178] Inlining function 'fp_struct<float>::expv() const' into 'void range_redux_payne_hanek_hotbm<29, float, 29, 29>(float, ap_uint<3>&, ap_ufixed<29, 0, (ap_q_mode)5, (ap_o_mode)3, 0>&, ap_ufixed<29, 0, (ap_q_mode)5, (ap_o_mode)3, 0>&, ap_int<fp_struct<float>::EXP_BITS>&)' (C:\scratch\2025.2\hls_product\666\2025.2\src\shared\hls\clib/hlsmath/include/FloatingPoint/hls_range_redux.h:437:0)
INFO: [HLS 214-178] Inlining function 'ap_uint<(((2) * ((23) + (1))) + (29)) + (3)> table_lookup_4oPi_hotbm<23, 29>(int, float)' into 'void range_redux_payne_hanek_hotbm<29, float, 29, 29>(float, ap_uint<3>&, ap_ufixed<29, 0, (ap_q_mode)5, (ap_o_mode)3, 0>&, ap_ufixed<29, 0, (ap_q_mode)5, (ap_o_mode)3, 0>&, ap_int<fp_struct<float>::EXP_BITS>&)' (C:\scratch\2025.2\hls_product\666\2025.2\src\shared\hls\clib/hlsmath/include/FloatingPoint/hls_range_redux.h:437:0)
INFO: [HLS 214-178] Inlining function 'unsigned int clz<29, 58, 0>(ap_ufixed<58, 0, (ap_q_mode)5, (ap_o_mode)3, 0>)' into 'void range_redux_payne_hanek_hotbm<29, float, 29, 29>(float, ap_uint<3>&, ap_ufixed<29, 0, (ap_q_mode)5, (ap_o_mode)3, 0>&, ap_ufixed<29, 0, (ap_q_mode)5, (ap_o_mode)3, 0>&, ap_int<fp_struct<float>::EXP_BITS>&)' (C:\scratch\2025.2\hls_product\666\2025.2\src\shared\hls\clib/hlsmath/include/FloatingPoint/hls_range_redux.h:437:0)
INFO: [HLS 214-178] Inlining function 'fp_struct<float>::data() const (.47.56.67.76)' into 'fp_struct<float>::to_float() const (.44.53.64.73)' (C:\scratch\2025.2\hls_product\666\2025.2\src\shared\hls\clib/src/hls\utils/x_hls_utils.h:322:0)
INFO: [HLS 214-178] Inlining function 'fp_struct<float>::to_float() const (.44.53.64.73)' into 'fp_struct<float>::to_ieee() const' (C:\scratch\2025.2\hls_product\666\2025.2\src\shared\hls\clib/src/hls\utils/x_hls_utils.h:346:0)
INFO: [HLS 214-178] Inlining function 'clz(int)' into 'void scaled_fixed2ieee<29, 1>(ap_ufixed<29, 1, (ap_q_mode)5, (ap_o_mode)3, 0>, float&, int)' (C:\scratch\2025.2\hls_product\666\2025.2\src\shared\hls\clib/src/hls\utils/x_hls_float_utils.h:257:0)
INFO: [HLS 214-178] Inlining function 'fp_struct<float>::set_mantissa(ap_ufixed<24, 1, (ap_q_mode)5, (ap_o_mode)3, 0>)' into 'void scaled_fixed2ieee<29, 1>(ap_ufixed<29, 1, (ap_q_mode)5, (ap_o_mode)3, 0>, float&, int)' (C:\scratch\2025.2\hls_product\666\2025.2\src\shared\hls\clib/src/hls\utils/x_hls_float_utils.h:257:0)
INFO: [HLS 214-178] Inlining function 'fp_struct<float>::to_ieee() const' into 'void scaled_fixed2ieee<29, 1>(ap_ufixed<29, 1, (ap_q_mode)5, (ap_o_mode)3, 0>, float&, int)' (C:\scratch\2025.2\hls_product\666\2025.2\src\shared\hls\clib/src/hls\utils/x_hls_float_utils.h:257:0)
INFO: [HLS 214-178] Inlining function 'fp_struct<float>::fp_struct(float)' into 'float hotbm_::sin_or_cos<float>(float, bool, bool)' (C:\scratch\2025.2\hls_product\666\2025.2\src\shared\hls\clib/hlsmath/include/FloatingPoint\hls_hotbm.h:210:0)
INFO: [HLS 214-178] Inlining function 'void range_redux_payne_hanek_hotbm<29, float, 29, 29>(float, ap_uint<3>&, ap_ufixed<29, 0, (ap_q_mode)5, (ap_o_mode)3, 0>&, ap_ufixed<29, 0, (ap_q_mode)5, (ap_o_mode)3, 0>&, ap_int<fp_struct<float>::EXP_BITS>&)' into 'float hotbm_::sin_or_cos<float>(float, bool, bool)' (C:\scratch\2025.2\hls_product\666\2025.2\src\shared\hls\clib/hlsmath/include/FloatingPoint\hls_hotbm.h:210:0)
INFO: [HLS 214-178] Inlining function 'ap_ufixed<29, 1, (ap_q_mode)5, (ap_o_mode)3, 0> hotbm_::value_list<float>::sin_or_cos_approximation<29, 29>(bool, ap_uint<3>&, ap_ufixed<29, 0, (ap_q_mode)5, (ap_o_mode)3, 0>&, ap_ufixed<29, 0, (ap_q_mode)5, (ap_o_mode)3, 0>&, ap_int<8>&)' into 'float hotbm_::sin_or_cos<float>(float, bool, bool)' (C:\scratch\2025.2\hls_product\666\2025.2\src\shared\hls\clib/hlsmath/include/FloatingPoint\hls_hotbm.h:210:0)
INFO: [HLS 214-178] Inlining function 'void scaled_fixed2ieee<29, 1>(ap_ufixed<29, 1, (ap_q_mode)5, (ap_o_mode)3, 0>, float&, int)' into 'float hotbm_::sin_or_cos<float>(float, bool, bool)' (C:\scratch\2025.2\hls_product\666\2025.2\src\shared\hls\clib/hlsmath/include/FloatingPoint\hls_hotbm.h:210:0)
INFO: [HLS 214-178] Inlining function 'fp_struct<float>::to_ieee() const' into 'float hotbm_::sin_or_cos<float>(float, bool, bool)' (C:\scratch\2025.2\hls_product\666\2025.2\src\shared\hls\clib/hlsmath/include/FloatingPoint\hls_hotbm.h:210:0)
INFO: [HLS 214-178] Inlining function 'hotbm_::cos(float)' into 'hls::hotbm::cos(float)' (C:\scratch\2025.2\hls_product\666\2025.2\src\shared\hls\clib\hlsmath\src\c++\sincoshotbmfloat.cpp:12:0)
INFO: [HLS 214-178] Inlining function 'hls::hotbm::cos(float)' into 'hls::cosf(float)' (C:\scratch\2025.2\hls_product\666\2025.2\src\shared\hls\clib\hlsmath\src\c++\sincoshotbmfloat.cpp:44:0)
INFO: [HLS 214-178] Inlining function 'hls::cosf(float)' into 'chirp(float (*) [8192], float, float, float, float, float, float, int, int)' (chirp.cpp:28:0)
INFO: [HLS 214-248] Applying array_partition to '_ZZN6hotbm_10value_listIfE24sin_or_cos_approximationILi29ELi29EEE9ap_ufixedIXT_ELi1EL9ap_q_mode5EL9ap_o_mode3ELi0EEbR7ap_uintILi3EERS3_IXT_ELi0ELS4_5ELS5_3ELi0EERS3_IXT0_ELi0ELS4_5ELS5_3ELi0EER6ap_intILi8EEE10swap_table': Complete partitioning on dimension 1. (C:\scratch\2025.2\hls_product\666\2025.2\src\shared\hls\clib\hlsmath\src\common\hls_hotbm_float.cpp:14:0)
INFO: [HLS 214-248] Applying array_partition to '_ZZN6hotbm_10sin_or_cosIfEET_S1_bbE13neg_cos_table': Complete partitioning on dimension 1. (C:\scratch\2025.2\hls_product\666\2025.2\src\shared\hls\clib/hlsmath/include/FloatingPoint\hls_hotbm.h:217:0)
INFO: [HLS 214-248] Applying array_partition to '_ZZN6hotbm_10sin_or_cosIfEET_S1_bbE13neg_sin_table': Complete partitioning on dimension 1. (C:\scratch\2025.2\hls_product\666\2025.2\src\shared\hls\clib/hlsmath/include/FloatingPoint\hls_hotbm.h:216:0)
INFO: [HLS 214-248] Applying array_partition to '_ZZN6hotbm_10sin_or_cosIfEET_S1_bbE10swap_table': Complete partitioning on dimension 1. (C:\scratch\2025.2\hls_product\666\2025.2\src\shared\hls\clib/hlsmath/include/FloatingPoint\hls_hotbm.h:215:0)
WARNING: [HLS 214-358] Array transformation on index using bit extension logic may lead to poor performance. Please use int or long for array index computation to benefit from optimizations. (C:\scratch\2025.2\hls_product\666\2025.2\src\shared\hls\clib/hlsmath/include/FloatingPoint\hls_hotbm.h:242:30)
WARNING: [HLS 214-358] Array transformation on index using bit extension logic may lead to poor performance. Please use int or long for array index computation to benefit from optimizations. (C:\scratch\2025.2\hls_product\666\2025.2\src\shared\hls\clib\hlsmath\src\common\hls_hotbm_float.cpp:25:43)
WARNING: [HLS 214-358] Array transformation on index using bit extension logic may lead to poor performance. Please use int or long for array index computation to benefit from optimizations. (C:\scratch\2025.2\hls_product\666\2025.2\src\shared\hls\clib/hlsmath/include/FloatingPoint\hls_hotbm.h:267:8)
INFO-FLOW: run_clang result=success num-err-msgs=0 num-stderr-lines=100
INFO-FLOW: DBG:PUTS: copy_raw_kernel_xml ap_link_39: kernel.xml not generated: C:/Users/vempa/Documents/Projects/RADAR_Chirp_Engine/ChirpGenerator/ChirpGenerator/hls/.autopilot/db/kernel.internal.xml
INFO: [HLS 200-111] Finished Compiling Optimization and Transform: CPU user time: 1 seconds. CPU system time: 0 seconds. Elapsed time: 9.666 seconds; current allocated memory: 158.309 MB.
INFO: [HLS 200-111] Finished Checking Pragmas: CPU user time: 0 seconds. CPU system time: 0 seconds. Elapsed time: 0.004 seconds; current allocated memory: 158.309 MB.
Execute       opt_and_import_c a -opt_level=2 -skip_syncheck=0 -ng=0 -keep_printf=0 
Execute         cleanup_all_models 
INFO: [HLS 200-10] Starting code transformations ...
INFO-FLOW: Running Standard Transforms...
Execute         transform -hls -share-std-xform -demangle-name -inline-byval-memcpy -always-inline -promote-dbg-pointer -interface-preproc -mem2reg -reassociate -gvn -reassociate -scalarrepl -mem2reg -keep-read-access -instcombine -dce -promote-dbg-pointer -bitop-raise -loop-simplify -indvarspre -indvars -loop-simplify -constprop -instcombine -simplifycfg -indvars -simplifycfg -dce -globaldce -basicaa -simplifycfg -mem2reg -globalopt -global-constprop -deadargelim -instcombine -simplifycfg -scalarrepl -instcombine -reassociate -licm -simplifycfg -loop-simplify -indvars -instcombine -simplifycfg -mem2reg -loop-simplify -indvars -instcombine -gvn -gvn -instcombine -adce -break-crit-edges -simplifycfg -loop-delete -global-array-opt -dce -dse -adce -find-syn-modules -top chirp -deadargelim -mem2reg -instcombine -dce -presyn-prepare -interface-preproc -syn-check -check-rec-only -find-region -simplifycfg -func-extr -function-inline -globaldce -mem2reg -instcombine -dce -gvn -globaldce -adce -adse -constprop -instcombine -bit-constprop -instcombine -dce -simplifycfg -bitop-raise -simplifycfg -dce -loop-delete -reassociate -globalopt -global-privatize -mem2reg -dce -global-constprop -pointer-simplify -constprop -dce -promote-dbg-pointer -norm-name C:/Users/vempa/Documents/Projects/RADAR_Chirp_Engine/ChirpGenerator/ChirpGenerator/hls/.autopilot/db/a.g.0.bc -o C:/Users/vempa/Documents/Projects/RADAR_Chirp_Engine/ChirpGenerator/ChirpGenerator/hls/.autopilot/db/a.g.1.bc -f -phase std-opt 
INFO: [HLS 200-111] Finished Standard Transforms: CPU user time: 0 seconds. CPU system time: 0 seconds. Elapsed time: 0.041 seconds; current allocated memory: 165.539 MB.
INFO: [HLS 200-10] Checking synthesizability ...
INFO-FLOW: Checking Synthesizability 1/2..
Execute         transform -hls -syn-check -check-rec-only -scalarrepl -norm-name -dce -mem2reg -instcombine -directive-preproc -mem2reg -dse -dce -dce -pag -array-normalize -instcombine -dce -array-seg-normalize -instcombine -dce -data-pack -instcombine -dce -inst-simplify -array-flatten -instcombine -dce -array-burst -dce -deadargelim -promote-global-argument -simplifycfg -mem2reg -globaldce -dce -deadargelim -dce -instcombine -function-inline -globaldce -dce -doublePtrSimplify -doublePtrElim -dce -doublePtrSimplify -promote-dbg-pointer -dce -scalarrepl -dse -adse -instcombine -ptrLegalization -simplifycfg -dce -instcombine -pointer-simplify -ptrArgReplace -dce -instcombine -resolve-double-ptr -scalarrepl -norm-name -dce -mem2reg -instcombine -ptrLegalization -simplifycfg -deadargelim -instcombine -dce -inst-simplify -directive-preproc -mem2reg -dse -dce -globaldce C:/Users/vempa/Documents/Projects/RADAR_Chirp_Engine/ChirpGenerator/ChirpGenerator/hls/.autopilot/db/a.g.1.bc -o C:/Users/vempa/Documents/Projects/RADAR_Chirp_Engine/ChirpGenerator/ChirpGenerator/hls/.autopilot/db/a.g.2.prechk.bc -f 
INFO-FLOW: Checking Synthesizability 2/2..
Execute         transform -syn-check C:/Users/vempa/Documents/Projects/RADAR_Chirp_Engine/ChirpGenerator/ChirpGenerator/hls/.autopilot/db/a.g.2.prechk.bc -o C:/Users/vempa/Documents/Projects/RADAR_Chirp_Engine/ChirpGenerator/ChirpGenerator/hls/.autopilot/db/a.g.2.bc -f -phase syn-check 
INFO: [HLS 200-111] Finished Checking Synthesizability: CPU user time: 0 seconds. CPU system time: 0 seconds. Elapsed time: 0.035 seconds; current allocated memory: 168.371 MB.
INFO-FLOW: Compiler optimizing ...
INFO-FLOW: Share syncheck's 1.bc for syn flow: copy C:/Users/vempa/Documents/Projects/RADAR_Chirp_Engine/ChirpGenerator/ChirpGenerator/hls/.autopilot/db/a.g.1.bc to C:/Users/vempa/Documents/Projects/RADAR_Chirp_Engine/ChirpGenerator/ChirpGenerator/hls/.autopilot/db/a.o.1.bc
INFO-FLOW: Presyn 1...
Execute         transform -hls -tmp C:/Users/vempa/Documents/Projects/RADAR_Chirp_Engine/ChirpGenerator/ChirpGenerator/hls/.autopilot/db -interface-port-rename -directive-preproc -mem2reg -dse -dce -scalarrepl -norm-name -deadargelim -dce -hls-dead-arg-elim -deadargelim -mem2reg -instcombine -dce -simplifycfg -dce -resource-proc -clib-intrinsic-prepare -dce -func-buffer -dce -pag -array-normalize -func-legal -instcombine -gvn -constprop -dce -simplifycfg -mem2reg -globaldce -resolve-double-ptr -dce -deadargelim -dce -instcombine -ptrArgReplace -mem2reg -dce -array-seg-normalize -deadargelim -instcombine -dce -directive-preproc -mem2reg -dse -dce -pointer-simplify -dce -dce -interface-preproc -data-pack -instcombine -dce -basicaa -aggr-aa -aggrmodref-aa -aggr-aa -gvn -gvn -basicaa -aggr-aa -aggrmodref-aa -aggr-aa -dse -adse -adce -loop-simplify -indvars -instcombine -gvn -loop-simplify -mem2reg -dce -find-region -instcombine -inst-simplify -interface-preproc -cfgopt -instcombine -indvars -loop-simplify -loop-bound -constprop -instcombine -simplifycfg -indvars -simplifycfg -dce -globaldce -clean-region -attach-range -gvn -inst-simplify -constprop -simplifycfg -dce -pointer-simplify -dce -globalopt -constprop -dce -ptrArgReplace -mem2reg -simplifycfg -dce -instcombine -dce -array-transform-check -array-reshape -instcombine -simplifycfg -dce -ptrArgReplace -deadargelim -mem2reg -instcombine -simplifycfg -dce -indvars -loop-simplify -loop-bound -constprop -instcombine -simplifycfg -indvars -simplifycfg -dce -globaldce -basicaa -aggr-aa -aggrmodref-aa -aggr-aa -dse -duplicate-dataflow-processes -globaldce -instcombine -array-partition -prepare-dynamic-array-partition -instcombine -simplifycfg -dce -ptrArgReplace -global-constprop -deadargelim -mem2reg -func-legal -dce -global-constprop -deadargelim -mem2reg -simplifycfg -dce -merge-param -deadargelim -globalopt -constprop -dce -ptrArgReplace -mem2reg -simplifycfg -dce -mem-intrinsic-preproc -dce -global-internalize -global-privatize -mem2reg -globaldce -lcssa -loop-simplify -phi-select-elim -promote-global-argument -ptrArgReplace -mem2reg -dce -globalopt -mergereturn -simplify-global-access -mem2reg -dce -pointer-simplify -dce -basicaa -aggr-aa -aggrmodref-aa -aggr-aa -functionattrs -basicaa -aggr-aa -aggrmodref-aa -aggr-aa -gvn -gvn -basicaa -aggr-aa -aggrmodref-aa -aggr-aa -dse -adse -adce -dce -norm-name -basicaa -aggr-aa -aggrmodref-aa -aggr-aa -accesses-merge -function-inline -complex-op-raise -inst-simplify -globaldce -func-legal -dce -loop-bound -arraycheck -bitwidthmin2 -bitwidthmin2 -on-by-dataflow -loop-delete -instcombine -simplifycfg -globaldce -dce -gvn -deadargelim -dce -loop-simplify -clean-region -simplifycfg -propagate-stable-arguments -instcombine -simplifycfg -dce -globaldce -duplicate-dataflow-processes -stream-intrinsic-preproc -dce -check-ap-stream -loop-simplify -eliminate-keepreads -extract-dataflow-in-loop -loop-simplify -dce -gvn -deadargelim -dse -duplicate-dataflow-processes -check-dataflow-syntax -legalize-stream-variable -globaldce -extract-subproc -global-constprop -deadargelim -globaldce -legalize-global -dce -dead-channel-elimination -canonicalize-gep -globaldce -dce -gvn -hls-dead-arg-elim -deadargelim -canonicalize-dataflow -directive-preproc -dce -globaldce -scalar-preprocessing -scalar-propagation2 -scalar-stream -deadargelim -globaldce -mem2reg -check-dataflow-channels -function-stream -dce -globaldce -prop-fifo-spec -internal-stream-gen -canonicalize-gep -globaldce -dce -gvn -deadargelim -mergereturn -indvars -loop-simplify -instcombine -array-stream -array-seg-normalize -array-partition -clean-array-spec -func-legal -instcombine -simplifycfg -dce -bundle-memfifo-ops -deadargelim -directive-preproc -mem2reg -dse -dce -group-axi-access -licm -simplifycfg -dce -loop-delete -hls-display -norm-name C:/Users/vempa/Documents/Projects/RADAR_Chirp_Engine/ChirpGenerator/ChirpGenerator/hls/.autopilot/db/a.o.1.bc -o C:/Users/vempa/Documents/Projects/RADAR_Chirp_Engine/ChirpGenerator/ChirpGenerator/hls/.autopilot/db/a.o.1.tmp.bc -f 
INFO-FLOW: Presyn 2...
Execute         transform -hls -keep-callgraph -scalarrepl -mem2reg -attach-range -dce -pipe-mux-gen -indvars -loop-bound -inst-simplify -instcombine -dce -merge-array-access -mem2reg -dce -clean-region -mergereturn -if-conv -instcombine -dce -constprop -basicaa -aggr-aa -aggrmodref-aa -aggr-aa -gvn -gvn -basicaa -aggr-aa -aggrmodref-aa -aggr-aa -dse -adse -adce -scalarrepl -mem2reg -global-constprop -deadargelim -deadargelim -instcombine -dce -simplifycfg -ptrArgReplace -mem2reg -function-inline -globaldce -mem2reg -instcombine -dce -expr-balance -instcombine -dce -bitwidthmin2 -bitwidthmin2 -interface-preproc -directive-preproc -inst-rectify -instcombine -dce -basicaa -aggr-aa -aggrmodref-aa -aggr-aa -functionattrs -constprop -instcombine -bit-constprop -simplify-global-access -globalopt -globaldce -inst-simplify -instcombine -elimdeaddata -dce -loop-delete -simplifycfg -loop-simplify -barrier -norm-name C:/Users/vempa/Documents/Projects/RADAR_Chirp_Engine/ChirpGenerator/ChirpGenerator/hls/.autopilot/db/a.o.1.tmp.bc -o C:/Users/vempa/Documents/Projects/RADAR_Chirp_Engine/ChirpGenerator/ChirpGenerator/hls/.autopilot/db/a.o.2.bc -f -phase presyn 
INFO: [XFORM 203-401] Performing if-conversion on hyperblock from (C:\scratch\2025.2\hls_product\666\2025.2\src\shared\hls\clib/hlsmath/include/FloatingPoint\hls_hotbm.h:209:18) to (C:\scratch\2025.2\hls_product\666\2025.2\src\shared\hls\clib/hlsmath/include/FloatingPoint\hls_hotbm.h:287:5) in function 'hotbm_::sin_or_cos<float>'... converting 12 basic blocks.
INFO: [XFORM 203-602] Inlining function 'hotbm_::sin_or_cos<float>' into 'chirp' (C:\scratch\2025.2\hls_product\666\2025.2\src\shared\hls\clib\hlsmath\src\common\hls_hotbm_float.cpp:127->C:\scratch\2025.2\hls_product\666\2025.2\src\shared\hls\clib\hlsmath\src\c++\sincoshotbmfloat.cpp:13->C:\scratch\2025.2\hls_product\666\2025.2\src\shared\hls\clib\hlsmath\src\c++\sincoshotbmfloat.cpp:45->chirp.cpp:86) automatically.
INFO: [HLS 200-111] Finished Loop, function and other optimizations: CPU user time: 0 seconds. CPU system time: 0 seconds. Elapsed time: 0.091 seconds; current allocated memory: 191.652 MB.
Execute         transform -hls -auto-function-inline -globaldce -ptrArgReplace -mem2reg -dce -reset-lda -loop-simplify -indvars -aggr-aa -licm -loop-dep -loop-bound -licm -loop-simplify -loop-sink-hoist -flattenloopnest -array-flatten -gvn -instcombine -dce -array-map -dce -func-legal -gvn -adce -instcombine -cfgopt -simplifycfg-lite -loop-simplify -array-burst -promote-global-argument -dce -array-seg-normalize -basicaa -aggrmodref-aa -globalsmodref-aa -aggr-aa -gvn -gvn -basicaa -aggrmodref-aa -globalsmodref-aa -aggr-aa -dse -adse -adce -licm -inst-simplify -dce -globaldce -instcombine -array-stream -eliminate-keepreads -instcombine -dce -deadargelim -doublePtrSimplify -doublePtrElim -dce -doublePtrSimplify -promote-dbg-pointer -dce -scalarrepl -mem2reg -norm-name -mem2reg -instcombine -dse -adse -adce -ptrLegalization -dce -array-flatten -dce -instcombine -check-doubleptr -loop-rot -constprop -inst-simplify -cfgopt -simplifycfg-lite -loop-simplify -indvars -pointer-simplify -dce -loop-bound -loop-simplify -loop-preproc -constprop -global-constprop -gvn -mem2reg -instcombine -dce -loop-bound -loop-merge -dce -deadargelim -dce -canonicalize-dataflow -dce -deadargelim -globaldce -mem2reg -bram-byte-enable -inst-simplify -inst-rectify -instcombine -adce -deadargelim -load-elim -read-loop-dep -loop-simplify -loop-rewind-sink-hoist -loop-outline -hls-dead-arg-elim -directive-preproc -bitwidthmin2 -bitwidthmin2 -read-loop-dep -interface-preproc -directive-preproc -interface-gen -bram-byte-enable-spec-prop -mul2addshift -deadargelim -inst-simplify -dce -mem2reg -instcombine -gvn -dce -adse -loop-bound -instcombine -cfgopt -simplifycfg-lite -loop-simplify -clean-region -io-protocol -find-region -mem2reg -bitop-raise -complex-op-raise -inst-simplify -inst-rectify -instcombine -gvn -adce -deadargelim -float-op-raise -loop-simplify -phi-opt -bitop-raise -cfgopt -simplifycfg-lite -strip-dead-prototypes -interface-lower -bitop-lower -intrinsic-lower -auto-function-inline -basicaa -aggrmodref-aa -globalsmodref-aa -aggr-aa -inst-simplify -simplifycfg-lite -loop-simplify -mergereturn -inst-simplify -inst-rectify -globaldce -dce -load-elim -bitop-lower -float-op-raise -fma-raise -loop-rewind -pointer-simplify -dce -cfgopt -dce -loop-bound -loop-dep -read-loop-dep -dce -dyn-mem-reuse -dce -recurrence-min -dce -share-scalar-alloca -deadargelim -dce -check-stream -norm-name -legalize -inst-clarity -bitwidth -dce -validate-dataflow -dump-loop-dep-to-ir -check-all-ssdm -drop-inferred-ii -dump-complexity-metric C:/Users/vempa/Documents/Projects/RADAR_Chirp_Engine/ChirpGenerator/ChirpGenerator/hls/.autopilot/db/a.o.2.bc -o C:/Users/vempa/Documents/Projects/RADAR_Chirp_Engine/ChirpGenerator/ChirpGenerator/hls/.autopilot/db/a.o.3.bc -f -phase build-ssdm 
INFO: [HLS 200-2061] Successfully converted nested loops 'VITIS_LOOP_60_1'(chirp.cpp:60:22) and 'VITIS_LOOP_63_2'(chirp.cpp:63:26) in function 'chirp' into perfectly nested loops.
INFO: [XFORM 203-541] Flattening a loop nest 'VITIS_LOOP_60_1' (chirp.cpp:60:22) in function 'chirp'.
Execute           AP::auto_get_db
INFO-FLOW: Building ssdm...
Execute         transform -hls -cdfg-build C:/Users/vempa/Documents/Projects/RADAR_Chirp_Engine/ChirpGenerator/ChirpGenerator/hls/.autopilot/db/a.o.3.bc -o C:/Users/vempa/Documents/Projects/RADAR_Chirp_Engine/ChirpGenerator/ChirpGenerator/hls/.autopilot/db/a.o.3.bc -f -phase build-ssdm 
INFO: [HLS 200-111] Finished Architecture Synthesis: CPU user time: 0 seconds. CPU system time: 0 seconds. Elapsed time: 0.092 seconds; current allocated memory: 197.402 MB.
INFO-FLOW: Finish building internal data model.
Command       opt_and_import_c done; 0.262 sec.
Command     elaborate done; 34.587 sec.
Execute     ap_eval exec zip -j C:/Users/vempa/Documents/Projects/RADAR_Chirp_Engine/ChirpGenerator/ChirpGenerator/hls/.autopilot/db/dut.hcp $dbDir/a.o.3.bc $dbDir/${topname}.rtl_wrap.cfg.tcl $dbDir/apatb_${topname}.cpp $dbDir/apatb_${topname}_util.cpp $dbDir/apatb_${topname}_ir.ll $dbDir/mapper_${topname}.cpp $dbDir/top-io-fe.xml $dbDir/kernel.internal.xml $workdir/../hls.app 
INFO: [HLS 200-10] Starting hardware synthesis ...
INFO-FLOW: Synthesizing C/C++ design AP::SynTopModule=chirp
INFO: [HLS 200-10] Synthesizing 'chirp' ...
Execute     ap_set_top_model chirp 
Execute     get_model_list chirp -filter all-wo-channel -topdown 
Execute     preproc_iomode -model chirp 
Execute     preproc_iomode -model chirp_Pipeline_VITIS_LOOP_60_1_VITIS_LOOP_63_2 
Execute     create_clock 
Execute       ap_set_clock -name default -period 10 -unit ns -default=false 
INFO: [SYN 201-201] Setting up clock 'default' with a period of 10ns.
Execute     get_model_list chirp -filter all-wo-channel 
INFO-FLOW: Model list for configure: chirp_Pipeline_VITIS_LOOP_60_1_VITIS_LOOP_63_2 chirp
INFO-FLOW: Configuring Module : chirp_Pipeline_VITIS_LOOP_60_1_VITIS_LOOP_63_2 ...
Execute     set_default_model chirp_Pipeline_VITIS_LOOP_60_1_VITIS_LOOP_63_2 
Execute     apply_spec_resource_limit chirp_Pipeline_VITIS_LOOP_60_1_VITIS_LOOP_63_2 
INFO-FLOW: Configuring Module : chirp ...
Execute     set_default_model chirp 
Execute     apply_spec_resource_limit chirp 
INFO-FLOW: Model list for preprocess: chirp_Pipeline_VITIS_LOOP_60_1_VITIS_LOOP_63_2 chirp
INFO-FLOW: Preprocessing Module: chirp_Pipeline_VITIS_LOOP_60_1_VITIS_LOOP_63_2 ...
Execute     set_default_model chirp_Pipeline_VITIS_LOOP_60_1_VITIS_LOOP_63_2 
Execute     cdfg_preprocess -model chirp_Pipeline_VITIS_LOOP_60_1_VITIS_LOOP_63_2 
Execute     rtl_gen_preprocess chirp_Pipeline_VITIS_LOOP_60_1_VITIS_LOOP_63_2 
INFO-FLOW: Preprocessing Module: chirp ...
Execute     set_default_model chirp 
Execute     cdfg_preprocess -model chirp 
Execute     rtl_gen_preprocess chirp 
INFO-FLOW: Model list for synthesis: chirp_Pipeline_VITIS_LOOP_60_1_VITIS_LOOP_63_2 chirp
INFO: [HLS 200-10] ----------------------------------------------------------------
INFO: [HLS 200-42] -- Implementing module 'chirp_Pipeline_VITIS_LOOP_60_1_VITIS_LOOP_63_2' 
INFO: [HLS 200-10] ----------------------------------------------------------------
Execute     set_default_model chirp_Pipeline_VITIS_LOOP_60_1_VITIS_LOOP_63_2 
Execute     schedule -model chirp_Pipeline_VITIS_LOOP_60_1_VITIS_LOOP_63_2 
INFO: [SCHED 204-11] Starting scheduling ...
INFO: [SCHED 204-61] Pipelining loop 'VITIS_LOOP_60_1_VITIS_LOOP_63_2'.
INFO: [HLS 200-1470] Pipelining result : Target II = 1, Final II = 1, Depth = 69, loop 'VITIS_LOOP_60_1_VITIS_LOOP_63_2'
INFO: [SCHED 204-11] Finished scheduling.
Command     schedule done; 0.107 sec.
INFO: [HLS 200-111] Finished Scheduling: CPU user time: 0 seconds. CPU system time: 0 seconds. Elapsed time: 0.178 seconds; current allocated memory: 201.488 MB.
Execute     syn_report -verbosereport -o C:/Users/vempa/Documents/Projects/RADAR_Chirp_Engine/ChirpGenerator/ChirpGenerator/hls/.autopilot/db/chirp_Pipeline_VITIS_LOOP_60_1_VITIS_LOOP_63_2.verbose.sched.rpt 
Execute       list_part -family xc7z020-clg484-1 
Execute         ap_family_info -name xc7z020-clg484-1 -data names 
Execute         ap_part_info -quiet -name xc7z020-clg484-1 -data family 
Execute     db_write -o C:/Users/vempa/Documents/Projects/RADAR_Chirp_Engine/ChirpGenerator/ChirpGenerator/hls/.autopilot/db/chirp_Pipeline_VITIS_LOOP_60_1_VITIS_LOOP_63_2.sched.adb -f 
INFO-FLOW: Finish scheduling chirp_Pipeline_VITIS_LOOP_60_1_VITIS_LOOP_63_2.
Execute     set_default_model chirp_Pipeline_VITIS_LOOP_60_1_VITIS_LOOP_63_2 
Execute     bind -model chirp_Pipeline_VITIS_LOOP_60_1_VITIS_LOOP_63_2 
INFO: [BIND 205-100] Starting micro-architecture generation ...
INFO: [BIND 205-101] Performing variable lifetime analysis.
INFO: [BIND 205-101] Exploring resource sharing.
INFO: [BIND 205-101] Binding ...
INFO: [BIND 205-100] Finished micro-architecture generation.
INFO: [HLS 200-111] Finished Binding: CPU user time: 0 seconds. CPU system time: 0 seconds. Elapsed time: 0.055 seconds; current allocated memory: 202.582 MB.
Execute     syn_report -verbosereport -o C:/Users/vempa/Documents/Projects/RADAR_Chirp_Engine/ChirpGenerator/ChirpGenerator/hls/.autopilot/db/chirp_Pipeline_VITIS_LOOP_60_1_VITIS_LOOP_63_2.verbose.bind.rpt 
Execute       list_part -family xc7z020-clg484-1 
Execute         ap_family_info -name xc7z020-clg484-1 -data names 
Execute         ap_part_info -quiet -name xc7z020-clg484-1 -data family 
Execute     db_write -o C:/Users/vempa/Documents/Projects/RADAR_Chirp_Engine/ChirpGenerator/ChirpGenerator/hls/.autopilot/db/chirp_Pipeline_VITIS_LOOP_60_1_VITIS_LOOP_63_2.bind.adb -f 
INFO-FLOW: Finish binding chirp_Pipeline_VITIS_LOOP_60_1_VITIS_LOOP_63_2.
INFO: [HLS 200-10] ----------------------------------------------------------------
INFO: [HLS 200-42] -- Implementing module 'chirp' 
INFO: [HLS 200-10] ----------------------------------------------------------------
Execute     set_default_model chirp 
Execute     schedule -model chirp 
INFO: [SCHED 204-11] Starting scheduling ...
INFO: [SCHED 204-11] Finished scheduling.
INFO: [HLS 200-111] Finished Scheduling: CPU user time: 0 seconds. CPU system time: 0 seconds. Elapsed time: 0.061 seconds; current allocated memory: 202.824 MB.
Execute     syn_report -verbosereport -o C:/Users/vempa/Documents/Projects/RADAR_Chirp_Engine/ChirpGenerator/ChirpGenerator/hls/.autopilot/db/chirp.verbose.sched.rpt 
Execute       list_part -family xc7z020-clg484-1 
Execute         ap_family_info -name xc7z020-clg484-1 -data names 
Execute         ap_part_info -quiet -name xc7z020-clg484-1 -data family 
Execute     db_write -o C:/Users/vempa/Documents/Projects/RADAR_Chirp_Engine/ChirpGenerator/ChirpGenerator/hls/.autopilot/db/chirp.sched.adb -f 
INFO-FLOW: Finish scheduling chirp.
Execute     set_default_model chirp 
Execute     bind -model chirp 
INFO: [BIND 205-100] Starting micro-architecture generation ...
INFO: [BIND 205-101] Performing variable lifetime analysis.
INFO: [BIND 205-101] Exploring resource sharing.
INFO: [BIND 205-101] Binding ...
INFO: [BIND 205-100] Finished micro-architecture generation.
Command     bind done; 1.429 sec.
INFO: [HLS 200-111] Finished Binding: CPU user time: 0 seconds. CPU system time: 0 seconds. Elapsed time: 1.445 seconds; current allocated memory: 203.207 MB.
Execute     syn_report -verbosereport -o C:/Users/vempa/Documents/Projects/RADAR_Chirp_Engine/ChirpGenerator/ChirpGenerator/hls/.autopilot/db/chirp.verbose.bind.rpt 
Execute       list_part -family xc7z020-clg484-1 
Execute         ap_family_info -name xc7z020-clg484-1 -data names 
Execute         ap_part_info -quiet -name xc7z020-clg484-1 -data family 
Execute     db_write -o C:/Users/vempa/Documents/Projects/RADAR_Chirp_Engine/ChirpGenerator/ChirpGenerator/hls/.autopilot/db/chirp.bind.adb -f 
INFO-FLOW: Finish binding chirp.
Execute     get_model_list chirp -filter all-wo-channel 
INFO-FLOW: Preprocessing for RTLGen ...
Execute     rtl_gen_preprocess chirp_Pipeline_VITIS_LOOP_60_1_VITIS_LOOP_63_2 
Execute     rtl_gen_preprocess chirp 
INFO-FLOW: Model list for RTL generation: chirp_Pipeline_VITIS_LOOP_60_1_VITIS_LOOP_63_2 chirp
INFO: [HLS 200-10] ----------------------------------------------------------------
INFO: [HLS 200-10] -- Generating RTL for module 'chirp_Pipeline_VITIS_LOOP_60_1_VITIS_LOOP_63_2' 
INFO: [HLS 200-10] ----------------------------------------------------------------
Execute     create_rtl_model chirp_Pipeline_VITIS_LOOP_60_1_VITIS_LOOP_63_2 -top_prefix chirp_ -sub_prefix chirp_ -mg_file C:/Users/vempa/Documents/Projects/RADAR_Chirp_Engine/ChirpGenerator/ChirpGenerator/hls/.autopilot/db/chirp_Pipeline_VITIS_LOOP_60_1_VITIS_LOOP_63_2.compgen.tcl 
INFO: [SYN 201-210] Renamed object name 'chirp_Pipeline_VITIS_LOOP_60_1_VITIS_LOOP_63_2_ref_4oPi_table_100_ROM_1P_LUTRAM_1R' to 'chirp_Pipeline_VITIS_LOOP_60_1_VITIS_LOOP_63_2_ref_4oPi_table_100_ROM_1P_LUTRbkb' due to the length limit 80
INFO: [SYN 201-210] Renamed object name 'chirp_Pipeline_VITIS_LOOP_60_1_VITIS_LOOP_63_2_second_order_float_sin_cos_K0_ROM_1P_LUTRAM_1R' to 'chirp_Pipeline_VITIS_LOOP_60_1_VITIS_LOOP_63_2_second_order_float_sin_cos_K0_cud' due to the length limit 80
INFO: [SYN 201-210] Renamed object name 'chirp_Pipeline_VITIS_LOOP_60_1_VITIS_LOOP_63_2_second_order_float_sin_cos_K1_ROM_1P_LUTRAM_1R' to 'chirp_Pipeline_VITIS_LOOP_60_1_VITIS_LOOP_63_2_second_order_float_sin_cos_K1_dEe' due to the length limit 80
INFO: [SYN 201-210] Renamed object name 'chirp_Pipeline_VITIS_LOOP_60_1_VITIS_LOOP_63_2_second_order_float_sin_cos_K2_ROM_1P_LUTRAM_1R' to 'chirp_Pipeline_VITIS_LOOP_60_1_VITIS_LOOP_63_2_second_order_float_sin_cos_K2_eOg' due to the length limit 80
INFO: [HLS 200-1030] Apply Unified Pipeline Control on module 'chirp_Pipeline_VITIS_LOOP_60_1_VITIS_LOOP_63_2' pipeline 'VITIS_LOOP_60_1_VITIS_LOOP_63_2' pipeline type 'loop pipeline'
INFO: [RTGEN 206-100] Generating core module 'ctlz_30_30_1_1': 1 instance(s).
INFO: [RTGEN 206-100] Generating core module 'ctlz_32_32_1_1': 2 instance(s).
INFO: [RTGEN 206-100] Generating core module 'dmul_64ns_64ns_64_7_max_dsp_1': 1 instance(s).
INFO: [RTGEN 206-100] Generating core module 'fadd_32ns_32ns_32_5_full_dsp_1': 1 instance(s).
INFO: [RTGEN 206-100] Generating core module 'fcmp_32ns_32ns_1_2_no_dsp_1': 1 instance(s).
INFO: [RTGEN 206-100] Generating core module 'fdiv_32ns_32ns_32_16_no_dsp_1': 1 instance(s).
INFO: [RTGEN 206-100] Generating core module 'fmul_32ns_32ns_32_4_max_dsp_1': 3 instance(s).
INFO: [RTGEN 206-100] Generating core module 'fpext_32ns_64_2_no_dsp_1': 1 instance(s).
INFO: [RTGEN 206-100] Generating core module 'fptrunc_64ns_32_2_no_dsp_1': 1 instance(s).
INFO: [RTGEN 206-100] Generating core module 'mul_15ns_15ns_30_1_1': 1 instance(s).
INFO: [RTGEN 206-100] Generating core module 'mul_15ns_15s_30_1_1': 1 instance(s).
INFO: [RTGEN 206-100] Generating core module 'mul_23s_22ns_45_1_1': 1 instance(s).
INFO: [RTGEN 206-100] Generating core module 'mul_30s_29ns_58_2_1': 1 instance(s).
INFO: [RTGEN 206-100] Generating core module 'mul_80s_24ns_80_5_1': 1 instance(s).
INFO: [RTGEN 206-100] Generating core module 'sitofp_32ns_32_6_no_dsp_1': 1 instance(s).
INFO: [RTGEN 206-100] Generating core module 'sparsemux_17_3_1_1_1': 1 instance(s).
INFO: [RTGEN 206-100] Generating core module 'sparsemux_33_4_1_1_1': 2 instance(s).
INFO: [RTGEN 206-100] Finished creating RTL model for 'chirp_Pipeline_VITIS_LOOP_60_1_VITIS_LOOP_63_2'.
INFO: [RTMG 210-279] Implementing memory 'chirp_chirp_Pipeline_VITIS_LOOP_60_1_VITIS_LOOP_63_2_ref_4oPi_table_100_ROM_1P_LUTRbkb' using distributed ROMs.
INFO: [RTMG 210-279] Implementing memory 'chirp_chirp_Pipeline_VITIS_LOOP_60_1_VITIS_LOOP_63_2_second_order_float_sin_cos_K0_cud' using distributed ROMs.
INFO: [RTMG 210-279] Implementing memory 'chirp_chirp_Pipeline_VITIS_LOOP_60_1_VITIS_LOOP_63_2_second_order_float_sin_cos_K1_dEe' using distributed ROMs.
INFO: [RTMG 210-279] Implementing memory 'chirp_chirp_Pipeline_VITIS_LOOP_60_1_VITIS_LOOP_63_2_second_order_float_sin_cos_K2_eOg' using distributed ROMs.
Command     create_rtl_model done; 0.15 sec.
INFO: [HLS 200-111] Finished Creating RTL model: CPU user time: 0 seconds. CPU system time: 0 seconds. Elapsed time: 0.184 seconds; current allocated memory: 209.207 MB.
Execute     source C:/Users/vempa/Documents/Projects/RADAR_Chirp_Engine/ChirpGenerator/ChirpGenerator/hls/.autopilot/db/chirp.rtl_wrap.cfg.tcl 
Execute     gen_rtl chirp_Pipeline_VITIS_LOOP_60_1_VITIS_LOOP_63_2 -style xilinx -f -lang vhdl -o C:/Users/vempa/Documents/Projects/RADAR_Chirp_Engine/ChirpGenerator/ChirpGenerator/hls/syn/vhdl/chirp_chirp_Pipeline_VITIS_LOOP_60_1_VITIS_LOOP_63_2 
Execute     gen_rtl chirp_Pipeline_VITIS_LOOP_60_1_VITIS_LOOP_63_2 -style xilinx -f -lang vlog -o C:/Users/vempa/Documents/Projects/RADAR_Chirp_Engine/ChirpGenerator/ChirpGenerator/hls/syn/verilog/chirp_chirp_Pipeline_VITIS_LOOP_60_1_VITIS_LOOP_63_2 
Execute     syn_report -csynth -model chirp_Pipeline_VITIS_LOOP_60_1_VITIS_LOOP_63_2 -o C:/Users/vempa/Documents/Projects/RADAR_Chirp_Engine/ChirpGenerator/ChirpGenerator/hls/syn/report/chirp_Pipeline_VITIS_LOOP_60_1_VITIS_LOOP_63_2_csynth.rpt 
Execute       list_part -family xc7z020-clg484-1 
Execute         ap_family_info -name xc7z020-clg484-1 -data names 
Execute         ap_part_info -quiet -name xc7z020-clg484-1 -data family 
Execute     syn_report -rtlxml -model chirp_Pipeline_VITIS_LOOP_60_1_VITIS_LOOP_63_2 -o C:/Users/vempa/Documents/Projects/RADAR_Chirp_Engine/ChirpGenerator/ChirpGenerator/hls/syn/report/chirp_Pipeline_VITIS_LOOP_60_1_VITIS_LOOP_63_2_csynth.xml 
Execute       list_part -family xc7z020-clg484-1 
Execute         ap_family_info -name xc7z020-clg484-1 -data names 
Execute         ap_part_info -quiet -name xc7z020-clg484-1 -data family 
Execute     syn_report -verbosereport -model chirp_Pipeline_VITIS_LOOP_60_1_VITIS_LOOP_63_2 -o C:/Users/vempa/Documents/Projects/RADAR_Chirp_Engine/ChirpGenerator/ChirpGenerator/hls/.autopilot/db/chirp_Pipeline_VITIS_LOOP_60_1_VITIS_LOOP_63_2.verbose.rpt 
Execute       list_part -family xc7z020-clg484-1 
Execute         ap_family_info -name xc7z020-clg484-1 -data names 
Execute         ap_part_info -quiet -name xc7z020-clg484-1 -data family 
Execute     db_write -model chirp_Pipeline_VITIS_LOOP_60_1_VITIS_LOOP_63_2 -f -o C:/Users/vempa/Documents/Projects/RADAR_Chirp_Engine/ChirpGenerator/ChirpGenerator/hls/.autopilot/db/chirp_Pipeline_VITIS_LOOP_60_1_VITIS_LOOP_63_2.adb 
Execute     db_write -model chirp_Pipeline_VITIS_LOOP_60_1_VITIS_LOOP_63_2 -bindview -o C:/Users/vempa/Documents/Projects/RADAR_Chirp_Engine/ChirpGenerator/ChirpGenerator/hls/.autopilot/db/design.bindinfo.xml 
Execute     gen_tb_info chirp_Pipeline_VITIS_LOOP_60_1_VITIS_LOOP_63_2 -p C:/Users/vempa/Documents/Projects/RADAR_Chirp_Engine/ChirpGenerator/ChirpGenerator/hls/.autopilot/db -o C:/Users/vempa/Documents/Projects/RADAR_Chirp_Engine/ChirpGenerator/ChirpGenerator/hls/.autopilot/db/chirp_Pipeline_VITIS_LOOP_60_1_VITIS_LOOP_63_2 
INFO: [HLS 200-10] ----------------------------------------------------------------
INFO: [HLS 200-10] -- Generating RTL for module 'chirp' 
INFO: [HLS 200-10] ----------------------------------------------------------------
Execute     create_rtl_model chirp -top_prefix  -sub_prefix chirp_ -mg_file C:/Users/vempa/Documents/Projects/RADAR_Chirp_Engine/ChirpGenerator/ChirpGenerator/hls/.autopilot/db/chirp.compgen.tcl 
INFO: [RTGEN 206-500] Setting interface mode on port 'chirp/out_r' to 'ap_memory'.
INFO: [RTGEN 206-500] Setting interface mode on port 'chirp/fs' to 'ap_none'.
INFO: [RTGEN 206-500] Setting interface mode on port 'chirp/f0' to 'ap_none'.
INFO: [RTGEN 206-500] Setting interface mode on port 'chirp/B' to 'ap_none'.
INFO: [RTGEN 206-500] Setting interface mode on port 'chirp/Tc' to 'ap_none'.
INFO: [RTGEN 206-500] Setting interface mode on port 'chirp/Ti' to 'ap_none'.
INFO: [RTGEN 206-500] Setting interface mode on port 'chirp/Tg' to 'ap_none'.
INFO: [RTGEN 206-500] Setting interface mode on port 'chirp/Nframe' to 'ap_none'.
INFO: [RTGEN 206-500] Setting interface mode on port 'chirp/N_SAMPLES_USED' to 'ap_none'.
INFO: [RTGEN 206-500] Setting interface mode on function 'chirp' to 'ap_ctrl_hs'.
WARNING: [RTGEN 206-101] Port 'chirp/Ti' has no fanin or fanout and is left dangling.
               Please use C simulation to confirm this function argument can be read from or written to.
WARNING: [RTGEN 206-101] Port 'chirp/Tg' has no fanin or fanout and is left dangling.
               Please use C simulation to confirm this function argument can be read from or written to.
INFO: [RTGEN 206-100] Generating core module 'fdiv_32ns_32ns_32_16_no_dsp_1': 1 instance(s).
INFO: [RTGEN 206-100] Generating core module 'fmul_32ns_32ns_32_4_max_dsp_1': 1 instance(s).
INFO: [RTGEN 206-100] Generating core module 'mul_31ns_31ns_62_2_1': 1 instance(s).
INFO: [RTGEN 206-100] Finished creating RTL model for 'chirp'.
Command     create_rtl_model done; 1.373 sec.
INFO: [HLS 200-111] Finished Creating RTL model: CPU user time: 0 seconds. CPU system time: 0 seconds. Elapsed time: 1.838 seconds; current allocated memory: 216.539 MB.
Execute     source C:/Users/vempa/Documents/Projects/RADAR_Chirp_Engine/ChirpGenerator/ChirpGenerator/hls/.autopilot/db/chirp.rtl_wrap.cfg.tcl 
Execute     gen_rtl chirp -istop -style xilinx -f -lang vhdl -o C:/Users/vempa/Documents/Projects/RADAR_Chirp_Engine/ChirpGenerator/ChirpGenerator/hls/syn/vhdl/chirp 
Execute     gen_rtl chirp -istop -style xilinx -f -lang vlog -o C:/Users/vempa/Documents/Projects/RADAR_Chirp_Engine/ChirpGenerator/ChirpGenerator/hls/syn/verilog/chirp 
Execute     syn_report -csynth -model chirp -o C:/Users/vempa/Documents/Projects/RADAR_Chirp_Engine/ChirpGenerator/ChirpGenerator/hls/syn/report/chirp_csynth.rpt 
Execute       list_part -family xc7z020-clg484-1 
Execute         ap_family_info -name xc7z020-clg484-1 -data names 
Execute         ap_part_info -quiet -name xc7z020-clg484-1 -data family 
Execute     syn_report -rtlxml -model chirp -o C:/Users/vempa/Documents/Projects/RADAR_Chirp_Engine/ChirpGenerator/ChirpGenerator/hls/syn/report/chirp_csynth.xml 
Execute       list_part -family xc7z020-clg484-1 
Execute         ap_family_info -name xc7z020-clg484-1 -data names 
Execute         ap_part_info -quiet -name xc7z020-clg484-1 -data family 
Execute     syn_report -verbosereport -model chirp -o C:/Users/vempa/Documents/Projects/RADAR_Chirp_Engine/ChirpGenerator/ChirpGenerator/hls/.autopilot/db/chirp.verbose.rpt 
Execute       list_part -family xc7z020-clg484-1 
Execute         ap_family_info -name xc7z020-clg484-1 -data names 
Execute         ap_part_info -quiet -name xc7z020-clg484-1 -data family 
Execute     db_write -model chirp -f -o C:/Users/vempa/Documents/Projects/RADAR_Chirp_Engine/ChirpGenerator/ChirpGenerator/hls/.autopilot/db/chirp.adb 
Execute     db_write -model chirp -bindview -o C:/Users/vempa/Documents/Projects/RADAR_Chirp_Engine/ChirpGenerator/ChirpGenerator/hls/.autopilot/db/design.bindinfo.xml 
Execute     gen_tb_info chirp -p C:/Users/vempa/Documents/Projects/RADAR_Chirp_Engine/ChirpGenerator/ChirpGenerator/hls/.autopilot/db -o C:/Users/vempa/Documents/Projects/RADAR_Chirp_Engine/ChirpGenerator/ChirpGenerator/hls/.autopilot/db/chirp 
Execute     export_constraint_db -f -tool general -o C:/Users/vempa/Documents/Projects/RADAR_Chirp_Engine/ChirpGenerator/ChirpGenerator/hls/.autopilot/db/chirp.constraint.tcl 
Execute     syn_report -designview -model chirp -o C:/Users/vempa/Documents/Projects/RADAR_Chirp_Engine/ChirpGenerator/ChirpGenerator/hls/.autopilot/db/chirp.design.xml 
Execute     syn_report -csynthDesign -model chirp -o C:/Users/vempa/Documents/Projects/RADAR_Chirp_Engine/ChirpGenerator/ChirpGenerator/hls/syn/report/csynth.rpt -MHOut C:/Users/vempa/Documents/Projects/RADAR_Chirp_Engine/ChirpGenerator/ChirpGenerator/hls/.autopilot/db/kernel_module_hierarchy.tcl 
Execute       list_part -family xc7z020-clg484-1 
Execute         ap_family_info -name xc7z020-clg484-1 -data names 
Execute         ap_part_info -quiet -name xc7z020-clg484-1 -data family 
Execute     syn_report -wcfg -model chirp -o C:/Users/vempa/Documents/Projects/RADAR_Chirp_Engine/ChirpGenerator/ChirpGenerator/hls/.autopilot/db/chirp_dataflow_ana.wcfg 
Execute     syn_report -protoinst -model chirp -o C:/Users/vempa/Documents/Projects/RADAR_Chirp_Engine/ChirpGenerator/ChirpGenerator/hls/.autopilot/db/chirp.protoinst 
Execute     sc_get_clocks chirp 
Execute     sc_get_portdomain chirp 
INFO-FLOW: Model list for RTL component generation: chirp_Pipeline_VITIS_LOOP_60_1_VITIS_LOOP_63_2 chirp
INFO-FLOW: Handling components in module [chirp_Pipeline_VITIS_LOOP_60_1_VITIS_LOOP_63_2] ... 
Execute     source C:/Users/vempa/Documents/Projects/RADAR_Chirp_Engine/ChirpGenerator/ChirpGenerator/hls/.autopilot/db/chirp_Pipeline_VITIS_LOOP_60_1_VITIS_LOOP_63_2.compgen.tcl 
INFO-FLOW: Found component chirp_fadd_32ns_32ns_32_5_full_dsp_1.
INFO-FLOW: Append model chirp_fadd_32ns_32ns_32_5_full_dsp_1
INFO-FLOW: Found component chirp_fmul_32ns_32ns_32_4_max_dsp_1.
INFO-FLOW: Append model chirp_fmul_32ns_32ns_32_4_max_dsp_1
INFO-FLOW: Found component chirp_sitofp_32ns_32_6_no_dsp_1.
INFO-FLOW: Append model chirp_sitofp_32ns_32_6_no_dsp_1
INFO-FLOW: Found component chirp_fptrunc_64ns_32_2_no_dsp_1.
INFO-FLOW: Append model chirp_fptrunc_64ns_32_2_no_dsp_1
INFO-FLOW: Found component chirp_fpext_32ns_64_2_no_dsp_1.
INFO-FLOW: Append model chirp_fpext_32ns_64_2_no_dsp_1
INFO-FLOW: Found component chirp_fcmp_32ns_32ns_1_2_no_dsp_1.
INFO-FLOW: Append model chirp_fcmp_32ns_32ns_1_2_no_dsp_1
INFO-FLOW: Found component chirp_dmul_64ns_64ns_64_7_max_dsp_1.
INFO-FLOW: Append model chirp_dmul_64ns_64ns_64_7_max_dsp_1
INFO-FLOW: Found component chirp_mul_23s_22ns_45_1_1.
INFO-FLOW: Append model chirp_mul_23s_22ns_45_1_1
INFO-FLOW: Found component chirp_mul_30s_29ns_58_2_1.
INFO-FLOW: Append model chirp_mul_30s_29ns_58_2_1
INFO-FLOW: Found component chirp_mul_80s_24ns_80_5_1.
INFO-FLOW: Append model chirp_mul_80s_24ns_80_5_1
INFO-FLOW: Found component chirp_sparsemux_17_3_1_1_1.
INFO-FLOW: Append model chirp_sparsemux_17_3_1_1_1
INFO-FLOW: Found component chirp_sparsemux_33_4_1_1_1.
INFO-FLOW: Append model chirp_sparsemux_33_4_1_1_1
INFO-FLOW: Found component chirp_sparsemux_33_4_1_1_1.
INFO-FLOW: Append model chirp_sparsemux_33_4_1_1_1
INFO-FLOW: Found component chirp_ctlz_30_30_1_1.
INFO-FLOW: Append model chirp_ctlz_30_30_1_1
INFO-FLOW: Found component chirp_mul_15ns_15ns_30_1_1.
INFO-FLOW: Append model chirp_mul_15ns_15ns_30_1_1
INFO-FLOW: Found component chirp_mul_15ns_15s_30_1_1.
INFO-FLOW: Append model chirp_mul_15ns_15s_30_1_1
INFO-FLOW: Found component chirp_ctlz_32_32_1_1.
INFO-FLOW: Append model chirp_ctlz_32_32_1_1
INFO-FLOW: Found component chirp_chirp_Pipeline_VITIS_LOOP_60_1_VITIS_LOOP_63_2_ref_4oPi_table_100_ROM_1P_LUTRbkb.
INFO-FLOW: Append model chirp_chirp_Pipeline_VITIS_LOOP_60_1_VITIS_LOOP_63_2_ref_4oPi_table_100_ROM_1P_LUTRbkb
INFO-FLOW: Found component chirp_chirp_Pipeline_VITIS_LOOP_60_1_VITIS_LOOP_63_2_second_order_float_sin_cos_K0_cud.
INFO-FLOW: Append model chirp_chirp_Pipeline_VITIS_LOOP_60_1_VITIS_LOOP_63_2_second_order_float_sin_cos_K0_cud
INFO-FLOW: Found component chirp_chirp_Pipeline_VITIS_LOOP_60_1_VITIS_LOOP_63_2_second_order_float_sin_cos_K1_dEe.
INFO-FLOW: Append model chirp_chirp_Pipeline_VITIS_LOOP_60_1_VITIS_LOOP_63_2_second_order_float_sin_cos_K1_dEe
INFO-FLOW: Found component chirp_chirp_Pipeline_VITIS_LOOP_60_1_VITIS_LOOP_63_2_second_order_float_sin_cos_K2_eOg.
INFO-FLOW: Append model chirp_chirp_Pipeline_VITIS_LOOP_60_1_VITIS_LOOP_63_2_second_order_float_sin_cos_K2_eOg
INFO-FLOW: Found component chirp_flow_control_loop_pipe_sequential_init.
INFO-FLOW: Append model chirp_flow_control_loop_pipe_sequential_init
INFO-FLOW: Handling components in module [chirp] ... 
Execute     source C:/Users/vempa/Documents/Projects/RADAR_Chirp_Engine/ChirpGenerator/ChirpGenerator/hls/.autopilot/db/chirp.compgen.tcl 
INFO-FLOW: Found component chirp_fmul_32ns_32ns_32_4_max_dsp_1.
INFO-FLOW: Append model chirp_fmul_32ns_32ns_32_4_max_dsp_1
INFO-FLOW: Found component chirp_fdiv_32ns_32ns_32_16_no_dsp_1.
INFO-FLOW: Append model chirp_fdiv_32ns_32ns_32_16_no_dsp_1
INFO-FLOW: Found component chirp_mul_31ns_31ns_62_2_1.
INFO-FLOW: Append model chirp_mul_31ns_31ns_62_2_1
INFO-FLOW: Append model chirp_Pipeline_VITIS_LOOP_60_1_VITIS_LOOP_63_2
INFO-FLOW: Append model chirp
INFO-FLOW: Generating RTL model list ...
INFO-FLOW: All models in this session: chirp_fadd_32ns_32ns_32_5_full_dsp_1 chirp_fmul_32ns_32ns_32_4_max_dsp_1 chirp_sitofp_32ns_32_6_no_dsp_1 chirp_fptrunc_64ns_32_2_no_dsp_1 chirp_fpext_32ns_64_2_no_dsp_1 chirp_fcmp_32ns_32ns_1_2_no_dsp_1 chirp_dmul_64ns_64ns_64_7_max_dsp_1 chirp_mul_23s_22ns_45_1_1 chirp_mul_30s_29ns_58_2_1 chirp_mul_80s_24ns_80_5_1 chirp_sparsemux_17_3_1_1_1 chirp_sparsemux_33_4_1_1_1 chirp_sparsemux_33_4_1_1_1 chirp_ctlz_30_30_1_1 chirp_mul_15ns_15ns_30_1_1 chirp_mul_15ns_15s_30_1_1 chirp_ctlz_32_32_1_1 chirp_chirp_Pipeline_VITIS_LOOP_60_1_VITIS_LOOP_63_2_ref_4oPi_table_100_ROM_1P_LUTRbkb chirp_chirp_Pipeline_VITIS_LOOP_60_1_VITIS_LOOP_63_2_second_order_float_sin_cos_K0_cud chirp_chirp_Pipeline_VITIS_LOOP_60_1_VITIS_LOOP_63_2_second_order_float_sin_cos_K1_dEe chirp_chirp_Pipeline_VITIS_LOOP_60_1_VITIS_LOOP_63_2_second_order_float_sin_cos_K2_eOg chirp_flow_control_loop_pipe_sequential_init chirp_fmul_32ns_32ns_32_4_max_dsp_1 chirp_fdiv_32ns_32ns_32_16_no_dsp_1 chirp_mul_31ns_31ns_62_2_1 chirp_Pipeline_VITIS_LOOP_60_1_VITIS_LOOP_63_2 chirp
INFO-FLOW: Generating C:/Users/vempa/Documents/Projects/RADAR_Chirp_Engine/ChirpGenerator/ChirpGenerator/hls/.autopilot/db/autopilot.rtl.models.txt file...
INFO-FLOW: To file: write model chirp_fadd_32ns_32ns_32_5_full_dsp_1
INFO-FLOW: To file: write model chirp_fmul_32ns_32ns_32_4_max_dsp_1
INFO-FLOW: To file: write model chirp_sitofp_32ns_32_6_no_dsp_1
INFO-FLOW: To file: write model chirp_fptrunc_64ns_32_2_no_dsp_1
INFO-FLOW: To file: write model chirp_fpext_32ns_64_2_no_dsp_1
INFO-FLOW: To file: write model chirp_fcmp_32ns_32ns_1_2_no_dsp_1
INFO-FLOW: To file: write model chirp_dmul_64ns_64ns_64_7_max_dsp_1
INFO-FLOW: To file: write model chirp_mul_23s_22ns_45_1_1
INFO-FLOW: To file: write model chirp_mul_30s_29ns_58_2_1
INFO-FLOW: To file: write model chirp_mul_80s_24ns_80_5_1
INFO-FLOW: To file: write model chirp_sparsemux_17_3_1_1_1
INFO-FLOW: To file: write model chirp_sparsemux_33_4_1_1_1
INFO-FLOW: To file: write model chirp_sparsemux_33_4_1_1_1
INFO-FLOW: To file: write model chirp_ctlz_30_30_1_1
INFO-FLOW: To file: write model chirp_mul_15ns_15ns_30_1_1
INFO-FLOW: To file: write model chirp_mul_15ns_15s_30_1_1
INFO-FLOW: To file: write model chirp_ctlz_32_32_1_1
INFO-FLOW: To file: write model chirp_chirp_Pipeline_VITIS_LOOP_60_1_VITIS_LOOP_63_2_ref_4oPi_table_100_ROM_1P_LUTRbkb
INFO-FLOW: To file: write model chirp_chirp_Pipeline_VITIS_LOOP_60_1_VITIS_LOOP_63_2_second_order_float_sin_cos_K0_cud
INFO-FLOW: To file: write model chirp_chirp_Pipeline_VITIS_LOOP_60_1_VITIS_LOOP_63_2_second_order_float_sin_cos_K1_dEe
INFO-FLOW: To file: write model chirp_chirp_Pipeline_VITIS_LOOP_60_1_VITIS_LOOP_63_2_second_order_float_sin_cos_K2_eOg
INFO-FLOW: To file: write model chirp_flow_control_loop_pipe_sequential_init
INFO-FLOW: To file: write model chirp_fmul_32ns_32ns_32_4_max_dsp_1
INFO-FLOW: To file: write model chirp_fdiv_32ns_32ns_32_16_no_dsp_1
INFO-FLOW: To file: write model chirp_mul_31ns_31ns_62_2_1
INFO-FLOW: To file: write model chirp_Pipeline_VITIS_LOOP_60_1_VITIS_LOOP_63_2
INFO-FLOW: To file: write model chirp
INFO-FLOW: Generating C:/Users/vempa/Documents/Projects/RADAR_Chirp_Engine/ChirpGenerator/ChirpGenerator/hls/.autopilot/db/autopilot.rtl.models.tcl file...
INFO-FLOW: Finished generating RTL model list.


INFO-FLOW: RTL Generation done.
INFO-FLOW: CAS Generation done.
INFO-FLOW: CBC Generation done.
Execute     AP::msg_collection_file -close 
INFO-FLOW: DBG:PROC: ::AESL_AUTOMG::auto_generate_csynth_design
INFO-FLOW: DBG:PUTS: read_platform_lib C:/Users/vempa/Documents/Projects/RADAR_Chirp_Engine/ChirpGenerator/ChirpGenerator/hls/.autopilot/db/global.setting.tcl
Execute     source C:/AMDDesignTools/2025.2/Vitis/common/technology/generic/autopilot/common.gen 
Execute       source C:/AMDDesignTools/2025.2/Vitis/common/technology/generic/autopilot/APCoreGen.gen 
Execute     source C:/AMDDesignTools/2025.2/Vitis/common/technology/generic/autopilot/op.gen 
Execute     source C:/AMDDesignTools/2025.2/Vitis/common/technology/generic/autopilot/op_simcore.gen 
Execute     source C:/AMDDesignTools/2025.2/Vitis/common/technology/generic/autopilot/interface.gen 
Execute     source C:/Users/vempa/Documents/Projects/RADAR_Chirp_Engine/ChirpGenerator/ChirpGenerator/hls/.autopilot/db/global.setting.tcl 
Execute     source C:/AMDDesignTools/2025.2/Vitis/common/technology/xilinx/common/xilinx.gen 
Execute       source C:/AMDDesignTools/2025.2/Vitis/common/technology/xilinx/interface/plb46.gen 
Execute       source C:/AMDDesignTools/2025.2/Vitis/common/technology/xilinx/interface/axi4.gen 
Execute       source C:/AMDDesignTools/2025.2/Vitis/common/technology/xilinx/interface/nativeAXI4.gen 
Execute         source C:/AMDDesignTools/2025.2/Vitis/common/technology/xilinx/interface/saxilite.gen 
Execute       source C:/AMDDesignTools/2025.2/Vitis/common/technology/xilinx/scripts/xilinxcoregen.gen 
Execute       source C:/AMDDesignTools/2025.2/Vitis/common/technology/xilinx/interface/XilEDKCoreGen.gen 
Execute       source C:/AMDDesignTools/2025.2/Vitis/common/technology/xilinx/ip/dds_compiler.gen 
Execute       source C:/AMDDesignTools/2025.2/Vitis/common/technology/xilinx/ip/util.gen 
Execute       source C:/AMDDesignTools/2025.2/Vitis/common/technology/xilinx/ip/xfft.gen 
Execute       source C:/AMDDesignTools/2025.2/Vitis/common/technology/xilinx/ip/xfir.gen 
Execute       source C:/AMDDesignTools/2025.2/Vitis/common/technology/xilinx/DSP48/dsp48.gen 
INFO-FLOW: DBG:PUTS:   using AESL_AUTOCG::g_clock_period=10.000 (was NA)
INFO-FLOW: DBG:PROC: ::AESL_AUTOMG::generate_ip_cores gen_sim_model='1' gen_fp_models='0' gen_for_export='0' dstSCDir='' dstVhdlDir='C:/Users/vempa/Documents/Projects/RADAR_Chirp_Engine/ChirpGenerator/ChirpGenerator/hls/.autopilot/db/vhdl' dstVlogDir='C:/Users/vempa/Documents/Projects/RADAR_Chirp_Engine/ChirpGenerator/ChirpGenerator/hls/.autopilot/db/vlog' tclDir='C:/Users/vempa/Documents/Projects/RADAR_Chirp_Engine/ChirpGenerator/ChirpGenerator/hls/.autopilot/db' modelList='chirp_fadd_32ns_32ns_32_5_full_dsp_1
chirp_fmul_32ns_32ns_32_4_max_dsp_1
chirp_sitofp_32ns_32_6_no_dsp_1
chirp_fptrunc_64ns_32_2_no_dsp_1
chirp_fpext_32ns_64_2_no_dsp_1
chirp_fcmp_32ns_32ns_1_2_no_dsp_1
chirp_dmul_64ns_64ns_64_7_max_dsp_1
chirp_mul_23s_22ns_45_1_1
chirp_mul_30s_29ns_58_2_1
chirp_mul_80s_24ns_80_5_1
chirp_sparsemux_17_3_1_1_1
chirp_sparsemux_33_4_1_1_1
chirp_sparsemux_33_4_1_1_1
chirp_ctlz_30_30_1_1
chirp_mul_15ns_15ns_30_1_1
chirp_mul_15ns_15s_30_1_1
chirp_ctlz_32_32_1_1
chirp_chirp_Pipeline_VITIS_LOOP_60_1_VITIS_LOOP_63_2_ref_4oPi_table_100_ROM_1P_LUTRbkb
chirp_chirp_Pipeline_VITIS_LOOP_60_1_VITIS_LOOP_63_2_second_order_float_sin_cos_K0_cud
chirp_chirp_Pipeline_VITIS_LOOP_60_1_VITIS_LOOP_63_2_second_order_float_sin_cos_K1_dEe
chirp_chirp_Pipeline_VITIS_LOOP_60_1_VITIS_LOOP_63_2_second_order_float_sin_cos_K2_eOg
chirp_flow_control_loop_pipe_sequential_init
chirp_fmul_32ns_32ns_32_4_max_dsp_1
chirp_fdiv_32ns_32ns_32_16_no_dsp_1
chirp_mul_31ns_31ns_62_2_1
chirp_Pipeline_VITIS_LOOP_60_1_VITIS_LOOP_63_2
chirp
' expOnly='0'
Execute     source C:/Users/vempa/Documents/Projects/RADAR_Chirp_Engine/ChirpGenerator/ChirpGenerator/hls/.autopilot/db/global.setting.tcl 
Execute     ap_part_info -name xc7z020-clg484-1 -data names -quiet 
Execute     ap_part_info -name xc7z020-clg484-1 -data info -quiet 
Execute     source C:/Users/vempa/Documents/Projects/RADAR_Chirp_Engine/ChirpGenerator/ChirpGenerator/hls/.autopilot/db/global.setting.tcl 
Execute     source C:/Users/vempa/Documents/Projects/RADAR_Chirp_Engine/ChirpGenerator/ChirpGenerator/hls/.autopilot/db/global.setting.tcl 
Execute     source C:/Users/vempa/Documents/Projects/RADAR_Chirp_Engine/ChirpGenerator/ChirpGenerator/hls/.autopilot/db/chirp_Pipeline_VITIS_LOOP_60_1_VITIS_LOOP_63_2.compgen.tcl 
Execute     source C:/Users/vempa/Documents/Projects/RADAR_Chirp_Engine/ChirpGenerator/ChirpGenerator/hls/.autopilot/db/chirp.compgen.tcl 
INFO: [HLS 200-111] Finished Generating all RTL models: CPU user time: 1 seconds. CPU system time: 0 seconds. Elapsed time: 0.539 seconds; current allocated memory: 218.566 MB.
INFO-FLOW: DBG:PROC: ::HLSREPORTS::create_csynth_xml bind_info_var='bind_info' RtlSubPrefix='chirp_' outfile=''
INFO-FLOW: Running: create_csynth_xml read xml data
INFO-FLOW: Done: create_csynth_xml read xml data time: 0 seconds 
INFO-FLOW: create_csynth_xml: all_module_nodes count=2
INFO-FLOW: Running: create_csynth_xml bind info
INFO-FLOW: create_csynth_xml: all_bind_nodes count=88
INFO-FLOW: Done: create_csynth_xml bind info time: 0 seconds 
INFO-FLOW: create_csynth_xml: bind_instances counts: modules=2 instances=87
INFO-FLOW: Running: create_csynth_xml update csynth_xml_module_hier
INFO-FLOW: Done: create_csynth_xml update csynth_xml_module_hier time: 0 seconds 
INFO-FLOW: create_csynth_xml: csynth_xml_module_hier max_depth=3
INFO-FLOW: Running: create_csynth_xml gen bind_report_dict
INFO-FLOW: Done: create_csynth_xml gen bind_report_dict time: 0 seconds 
INFO-FLOW: Running: create_csynth_xml config info
INFO-FLOW: Done: create_csynth_xml config info time: 0.5 seconds 
INFO-FLOW: Running: create_csynth_xml write xml
INFO-FLOW: Done: create_csynth_xml write xml time: 0 seconds 
INFO-FLOW: DBG:PUTS:      create_csynth_xml wrote csynth_xml=C:/Users/vempa/Documents/Projects/RADAR_Chirp_Engine/ChirpGenerator/ChirpGenerator/hls/syn/report/csynth.xml
INFO-FLOW: Running: generate_json
INFO-FLOW: DBG:PROC: ::AP::DESIGN_DATA::generate_json generate_bd_files='0' generate_xo_files='0' modelList='chirp_fadd_32ns_32ns_32_5_full_dsp_1
chirp_fmul_32ns_32ns_32_4_max_dsp_1
chirp_sitofp_32ns_32_6_no_dsp_1
chirp_fptrunc_64ns_32_2_no_dsp_1
chirp_fpext_32ns_64_2_no_dsp_1
chirp_fcmp_32ns_32ns_1_2_no_dsp_1
chirp_dmul_64ns_64ns_64_7_max_dsp_1
chirp_mul_23s_22ns_45_1_1
chirp_mul_30s_29ns_58_2_1
chirp_mul_80s_24ns_80_5_1
chirp_sparsemux_17_3_1_1_1
chirp_sparsemux_33_4_1_1_1
chirp_sparsemux_33_4_1_1_1
chirp_ctlz_30_30_1_1
chirp_mul_15ns_15ns_30_1_1
chirp_mul_15ns_15s_30_1_1
chirp_ctlz_32_32_1_1
chirp_chirp_Pipeline_VITIS_LOOP_60_1_VITIS_LOOP_63_2_ref_4oPi_table_100_ROM_1P_LUTRbkb
chirp_chirp_Pipeline_VITIS_LOOP_60_1_VITIS_LOOP_63_2_second_order_float_sin_cos_K0_cud
chirp_chirp_Pipeline_VITIS_LOOP_60_1_VITIS_LOOP_63_2_second_order_float_sin_cos_K1_dEe
chirp_chirp_Pipeline_VITIS_LOOP_60_1_VITIS_LOOP_63_2_second_order_float_sin_cos_K2_eOg
chirp_flow_control_loop_pipe_sequential_init
chirp_fmul_32ns_32ns_32_4_max_dsp_1
chirp_fdiv_32ns_32ns_32_16_no_dsp_1
chirp_mul_31ns_31ns_62_2_1
chirp_Pipeline_VITIS_LOOP_60_1_VITIS_LOOP_63_2
chirp
' rtl_lang='both' bootstrap_tcl='false' outdir='' outfilename=''
Execute     source C:/Users/vempa/Documents/Projects/RADAR_Chirp_Engine/ChirpGenerator/ChirpGenerator/hls/.autopilot/db/global.setting.tcl 
Execute     source C:/Users/vempa/Documents/Projects/RADAR_Chirp_Engine/ChirpGenerator/ChirpGenerator/hls/.autopilot/db/global.setting.tcl 
Execute     source C:/Users/vempa/Documents/Projects/RADAR_Chirp_Engine/ChirpGenerator/ChirpGenerator/hls/.autopilot/db/top-io-be.tcl 
Execute     source C:/Users/vempa/Documents/Projects/RADAR_Chirp_Engine/ChirpGenerator/ChirpGenerator/hls/.autopilot/db/chirp.tbgen.tcl 
Execute     source C:/Users/vempa/Documents/Projects/RADAR_Chirp_Engine/ChirpGenerator/ChirpGenerator/hls/.autopilot/db/chirp.rtl_wrap.cfg.tcl 
Execute     source C:/Users/vempa/Documents/Projects/RADAR_Chirp_Engine/ChirpGenerator/ChirpGenerator/hls/.autopilot/db/chirp.compgen.dataonly.tcl 
Execute     source C:/Users/vempa/Documents/Projects/RADAR_Chirp_Engine/ChirpGenerator/ChirpGenerator/hls/.autopilot/db/chirp_Pipeline_VITIS_LOOP_60_1_VITIS_LOOP_63_2.tbgen.tcl 
Execute     source C:/Users/vempa/Documents/Projects/RADAR_Chirp_Engine/ChirpGenerator/ChirpGenerator/hls/.autopilot/db/chirp.tbgen.tcl 
Execute     source C:/Users/vempa/Documents/Projects/RADAR_Chirp_Engine/ChirpGenerator/ChirpGenerator/hls/.autopilot/db/global.setting.tcl 
Execute     ap_part_info -name xc7z020-clg484-1 -data names -quiet 
Execute     ap_part_info -name xc7z020-clg484-1 -data info -quiet 
Execute     source C:/Users/vempa/Documents/Projects/RADAR_Chirp_Engine/ChirpGenerator/ChirpGenerator/hls/.autopilot/db/chirp.constraint.tcl 
Execute     sc_get_clocks chirp 
Execute     source C:/Users/vempa/Documents/Projects/RADAR_Chirp_Engine/ChirpGenerator/ChirpGenerator/hls/.autopilot/db/global.setting.tcl 
Execute     source C:/AMDDesignTools/2025.2/Vitis/tps/tcl/tcllib2.0/fileutil/fileutil.tcl 
Execute     source C:/Users/vempa/Documents/Projects/RADAR_Chirp_Engine/ChirpGenerator/ChirpGenerator/hls/impl/misc/chirp_dmul_64ns_64ns_64_7_max_dsp_1_ip.tcl 
Execute     source C:/Users/vempa/Documents/Projects/RADAR_Chirp_Engine/ChirpGenerator/ChirpGenerator/hls/impl/misc/chirp_fadd_32ns_32ns_32_5_full_dsp_1_ip.tcl 
Execute     source C:/Users/vempa/Documents/Projects/RADAR_Chirp_Engine/ChirpGenerator/ChirpGenerator/hls/impl/misc/chirp_fcmp_32ns_32ns_1_2_no_dsp_1_ip.tcl 
Execute     source C:/Users/vempa/Documents/Projects/RADAR_Chirp_Engine/ChirpGenerator/ChirpGenerator/hls/impl/misc/chirp_fdiv_32ns_32ns_32_16_no_dsp_1_ip.tcl 
Execute     source C:/Users/vempa/Documents/Projects/RADAR_Chirp_Engine/ChirpGenerator/ChirpGenerator/hls/impl/misc/chirp_fmul_32ns_32ns_32_4_max_dsp_1_ip.tcl 
Execute     source C:/Users/vempa/Documents/Projects/RADAR_Chirp_Engine/ChirpGenerator/ChirpGenerator/hls/impl/misc/chirp_fpext_32ns_64_2_no_dsp_1_ip.tcl 
Execute     source C:/Users/vempa/Documents/Projects/RADAR_Chirp_Engine/ChirpGenerator/ChirpGenerator/hls/impl/misc/chirp_fptrunc_64ns_32_2_no_dsp_1_ip.tcl 
Execute     source C:/Users/vempa/Documents/Projects/RADAR_Chirp_Engine/ChirpGenerator/ChirpGenerator/hls/impl/misc/chirp_sitofp_32ns_32_6_no_dsp_1_ip.tcl 
INFO-FLOW: Done: generate_json time: 0.3 seconds 
INFO-FLOW: Running: add_csynth_report_sections
INFO-FLOW: DBG:PROC: ::HLSREPORTS::add_csynth_report_sections bind_info_dict='adapter_nodes {} cache_nodes {} report_dict {TOPINST chirp MODULE2INSTS {chirp chirp chirp_Pipeline_VITIS_LOOP_60_1_VITIS_LOOP_63_2 grp_chirp_Pipeline_VITIS_LOOP_60_1_VITIS_LOOP_63_2_fu_96} INST2MODULE {chirp chirp grp_chirp_Pipeline_VITIS_LOOP_60_1_VITIS_LOOP_63_2_fu_96 chirp_Pipeline_VITIS_LOOP_60_1_VITIS_LOOP_63_2} INSTDATA {chirp {DEPTH 1 CHILDREN grp_chirp_Pipeline_VITIS_LOOP_60_1_VITIS_LOOP_63_2_fu_96} grp_chirp_Pipeline_VITIS_LOOP_60_1_VITIS_LOOP_63_2_fu_96 {DEPTH 2 CHILDREN {}}} MODULEDATA {chirp_Pipeline_VITIS_LOOP_60_1_VITIS_LOOP_63_2 {BINDINFO {{BINDTYPE op ID {} IMPL auto LATENCY 0 OPTYPE seteq PRAGMA {} RTLNAME icmp_ln60_fu_486_p2 SOURCE chirp.cpp:60 VARIABLE icmp_ln60 LOOP VITIS_LOOP_60_1_VITIS_LOOP_63_2 BUNDLEDNAME {} DSP 0 BRAM 0 URAM 0 STORAGESUBTYPE {} DISPNAME {bind_op seteq} VISIBLE false} {BINDTYPE op ID {} IMPL auto LATENCY 0 OPTYPE setlt PRAGMA {} RTLNAME icmp_ln63_fu_512_p2 SOURCE chirp.cpp:63 VARIABLE icmp_ln63 LOOP VITIS_LOOP_60_1_VITIS_LOOP_63_2 BUNDLEDNAME {} DSP 0 BRAM 0 URAM 0 STORAGESUBTYPE {} DISPNAME {bind_op setlt} VISIBLE false} {BINDTYPE op ID {} IMPL fabric LATENCY 0 OPTYPE add PRAGMA {} RTLNAME add_ln60_1_fu_491_p2 SOURCE chirp.cpp:60 VARIABLE add_ln60_1 LOOP VITIS_LOOP_60_1_VITIS_LOOP_63_2 BUNDLEDNAME {} DSP 0 BRAM 0 URAM 0 STORAGESUBTYPE {} DISPNAME {bind_op add} VISIBLE true} {BINDTYPE op ID {} IMPL fabric LATENCY 0 OPTYPE add PRAGMA {} RTLNAME add_ln60_fu_517_p2 SOURCE chirp.cpp:60 VARIABLE add_ln60 LOOP VITIS_LOOP_60_1_VITIS_LOOP_63_2 BUNDLEDNAME {} DSP 0 BRAM 0 URAM 0 STORAGESUBTYPE {} DISPNAME {bind_op add} VISIBLE true} {BINDTYPE op ID {} IMPL auto_sel LATENCY 0 OPTYPE select PRAGMA {} RTLNAME select_ln60_fu_523_p3 SOURCE chirp.cpp:60 VARIABLE select_ln60 LOOP VITIS_LOOP_60_1_VITIS_LOOP_63_2 BUNDLEDNAME {} DSP 0 BRAM 0 URAM 0 STORAGESUBTYPE {} DISPNAME {bind_op select} VISIBLE false} {BINDTYPE op ID {} IMPL auto_sel LATENCY 0 OPTYPE select PRAGMA {} RTLNAME select_ln60_1_fu_531_p3 SOURCE chirp.cpp:60 VARIABLE select_ln60_1 LOOP VITIS_LOOP_60_1_VITIS_LOOP_63_2 BUNDLEDNAME {} DSP 0 BRAM 0 URAM 0 STORAGESUBTYPE {} DISPNAME {bind_op select} VISIBLE false} {BINDTYPE op ID {} IMPL fabric LATENCY 0 OPTYPE add PRAGMA {} RTLNAME add_ln85_fu_555_p2 SOURCE chirp.cpp:85 VARIABLE add_ln85 LOOP VITIS_LOOP_60_1_VITIS_LOOP_63_2 BUNDLEDNAME {} DSP 0 BRAM 0 URAM 0 STORAGESUBTYPE {} DISPNAME {bind_op add} VISIBLE true} {BINDTYPE op ID {} IMPL auto LATENCY 5 OPTYPE sitofp PRAGMA {} RTLNAME sitofp_32ns_32_6_no_dsp_1_U6 SOURCE chirp.cpp:71 VARIABLE conv LOOP VITIS_LOOP_60_1_VITIS_LOOP_63_2 BUNDLEDNAME {} DSP 0 BRAM 0 URAM 0 STORAGESUBTYPE {} DISPNAME {bind_op sitofp} VISIBLE false} {BINDTYPE op ID {} IMPL auto LATENCY 0 OPTYPE setne PRAGMA {} RTLNAME icmp_ln75_fu_607_p2 SOURCE chirp.cpp:75 VARIABLE icmp_ln75 LOOP VITIS_LOOP_60_1_VITIS_LOOP_63_2 BUNDLEDNAME {} DSP 0 BRAM 0 URAM 0 STORAGESUBTYPE {} DISPNAME {bind_op setne} VISIBLE false} {BINDTYPE op ID {} IMPL auto LATENCY 0 OPTYPE seteq PRAGMA {} RTLNAME icmp_ln75_1_fu_613_p2 SOURCE chirp.cpp:75 VARIABLE icmp_ln75_1 LOOP VITIS_LOOP_60_1_VITIS_LOOP_63_2 BUNDLEDNAME {} DSP 0 BRAM 0 URAM 0 STORAGESUBTYPE {} DISPNAME {bind_op seteq} VISIBLE false} {BINDTYPE op ID {} IMPL auto LATENCY 0 OPTYPE or PRAGMA {} RTLNAME or_ln75_fu_619_p2 SOURCE chirp.cpp:75 VARIABLE or_ln75 LOOP VITIS_LOOP_60_1_VITIS_LOOP_63_2 BUNDLEDNAME {} DSP 0 BRAM 0 URAM 0 STORAGESUBTYPE {} DISPNAME {bind_op or} VISIBLE false} {BINDTYPE op ID {} IMPL auto LATENCY 0 OPTYPE setne PRAGMA {} RTLNAME icmp_ln75_2_fu_625_p2 SOURCE chirp.cpp:75 VARIABLE icmp_ln75_2 LOOP VITIS_LOOP_60_1_VITIS_LOOP_63_2 BUNDLEDNAME {} DSP 0 BRAM 0 URAM 0 STORAGESUBTYPE {} DISPNAME {bind_op setne} VISIBLE false} {BINDTYPE op ID {} IMPL auto LATENCY 0 OPTYPE seteq PRAGMA {} RTLNAME icmp_ln75_3_fu_631_p2 SOURCE chirp.cpp:75 VARIABLE icmp_ln75_3 LOOP VITIS_LOOP_60_1_VITIS_LOOP_63_2 BUNDLEDNAME {} DSP 0 BRAM 0 URAM 0 STORAGESUBTYPE {} DISPNAME {bind_op seteq} VISIBLE false} {BINDTYPE op ID {} IMPL auto LATENCY 0 OPTYPE or PRAGMA {} RTLNAME or_ln75_1_fu_636_p2 SOURCE chirp.cpp:75 VARIABLE or_ln75_1 LOOP VITIS_LOOP_60_1_VITIS_LOOP_63_2 BUNDLEDNAME {} DSP 0 BRAM 0 URAM 0 STORAGESUBTYPE {} DISPNAME {bind_op or} VISIBLE false} {BINDTYPE op ID {} IMPL auto LATENCY 1 OPTYPE fcmp PRAGMA {} RTLNAME fcmp_32ns_32ns_1_2_no_dsp_1_U9 SOURCE chirp.cpp:75 VARIABLE tmp_2 LOOP VITIS_LOOP_60_1_VITIS_LOOP_63_2 BUNDLEDNAME {} DSP 0 BRAM 0 URAM 0 STORAGESUBTYPE {} DISPNAME {bind_op fcmp} VISIBLE false} {BINDTYPE op ID {} IMPL auto LATENCY 0 OPTYPE and PRAGMA {} RTLNAME and_ln75_fu_642_p2 SOURCE chirp.cpp:75 VARIABLE and_ln75 LOOP VITIS_LOOP_60_1_VITIS_LOOP_63_2 BUNDLEDNAME {} DSP 0 BRAM 0 URAM 0 STORAGESUBTYPE {} DISPNAME {bind_op and} VISIBLE false} {BINDTYPE op ID {} IMPL auto LATENCY 0 OPTYPE and PRAGMA {} RTLNAME and_ln75_1_fu_648_p2 SOURCE chirp.cpp:75 VARIABLE and_ln75_1 LOOP VITIS_LOOP_60_1_VITIS_LOOP_63_2 BUNDLEDNAME {} DSP 0 BRAM 0 URAM 0 STORAGESUBTYPE {} DISPNAME {bind_op and} VISIBLE false} {BINDTYPE op ID {} IMPL maxdsp LATENCY 3 OPTYPE fmul PRAGMA {} RTLNAME fmul_32ns_32ns_32_4_max_dsp_1_U3 SOURCE chirp.cpp:81 VARIABLE mul LOOP VITIS_LOOP_60_1_VITIS_LOOP_63_2 BUNDLEDNAME {} DSP 3 BRAM 0 URAM 0 STORAGESUBTYPE {} DISPNAME {bind_op fmul} VISIBLE true} {BINDTYPE op ID {} IMPL maxdsp LATENCY 3 OPTYPE fmul PRAGMA {} RTLNAME fmul_32ns_32ns_32_4_max_dsp_1_U4 SOURCE chirp.cpp:81 VARIABLE mul1 LOOP VITIS_LOOP_60_1_VITIS_LOOP_63_2 BUNDLEDNAME {} DSP 3 BRAM 0 URAM 0 STORAGESUBTYPE {} DISPNAME {bind_op fmul} VISIBLE true} {BINDTYPE op ID {} IMPL fulldsp LATENCY 4 OPTYPE fadd PRAGMA {} RTLNAME fadd_32ns_32ns_32_5_full_dsp_1_U1 SOURCE chirp.cpp:81 VARIABLE add LOOP VITIS_LOOP_60_1_VITIS_LOOP_63_2 BUNDLEDNAME {} DSP 2 BRAM 0 URAM 0 STORAGESUBTYPE {} DISPNAME {bind_op fadd} VISIBLE true} {BINDTYPE op ID {} IMPL auto LATENCY 1 OPTYPE fpext PRAGMA {} RTLNAME fpext_32ns_64_2_no_dsp_1_U8 SOURCE chirp.cpp:81 VARIABLE conv1 LOOP VITIS_LOOP_60_1_VITIS_LOOP_63_2 BUNDLEDNAME {} DSP 0 BRAM 0 URAM 0 STORAGESUBTYPE {} DISPNAME {bind_op fpext} VISIBLE false} {BINDTYPE op ID {} IMPL maxdsp LATENCY 6 OPTYPE dmul PRAGMA {} RTLNAME dmul_64ns_64ns_64_7_max_dsp_1_U10 SOURCE chirp.cpp:80 VARIABLE mul2 LOOP VITIS_LOOP_60_1_VITIS_LOOP_63_2 BUNDLEDNAME {} DSP 11 BRAM 0 URAM 0 STORAGESUBTYPE {} DISPNAME {bind_op dmul} VISIBLE true} {BINDTYPE op ID {} IMPL auto LATENCY 1 OPTYPE fptrunc PRAGMA {} RTLNAME fptrunc_64ns_32_2_no_dsp_1_U7 SOURCE chirp.cpp:80 VARIABLE phase LOOP VITIS_LOOP_60_1_VITIS_LOOP_63_2 BUNDLEDNAME {} DSP 0 BRAM 0 URAM 0 STORAGESUBTYPE {} DISPNAME {bind_op fptrunc} VISIBLE false} {BINDTYPE op ID {} IMPL auto LATENCY 0 OPTYPE setlt PRAGMA {} RTLNAME closepath_fu_681_p2 SOURCE {C:\scratch\2025.2\hls_product\666\2025.2\src\shared\hls\clib/hlsmath/include/FloatingPoint/hls_range_redux.h:451} VARIABLE closepath LOOP VITIS_LOOP_60_1_VITIS_LOOP_63_2 BUNDLEDNAME {} DSP 0 BRAM 0 URAM 0 STORAGESUBTYPE {} DISPNAME {bind_op setlt} VISIBLE false} {BINDTYPE op ID {} IMPL fabric LATENCY 0 OPTYPE add PRAGMA {} RTLNAME Ex_fu_1042_p2 SOURCE {C:\scratch\2025.2\hls_product\666\2025.2\src\shared\hls\clib/hlsmath/include/FloatingPoint/hls_range_redux.h:454} VARIABLE Ex LOOP VITIS_LOOP_60_1_VITIS_LOOP_63_2 BUNDLEDNAME {} DSP 0 BRAM 0 URAM 0 STORAGESUBTYPE {} DISPNAME {bind_op add} VISIBLE true} {BINDTYPE op ID {} IMPL auto_sel LATENCY 0 OPTYPE select PRAGMA {} RTLNAME select_ln453_fu_1047_p3 SOURCE {C:\scratch\2025.2\hls_product\666\2025.2\src\shared\hls\clib/hlsmath/include/FloatingPoint/hls_range_redux.h:453} VARIABLE select_ln453 LOOP VITIS_LOOP_60_1_VITIS_LOOP_63_2 BUNDLEDNAME {} DSP 0 BRAM 0 URAM 0 STORAGESUBTYPE {} DISPNAME {bind_op select} VISIBLE false} {BINDTYPE op ID {} IMPL fabric LATENCY 0 OPTYPE add PRAGMA {} RTLNAME add_ln376_fu_687_p2 SOURCE {C:\scratch\2025.2\hls_product\666\2025.2\src\shared\hls\clib/hlsmath/include/FloatingPoint/hls_range_redux.h:376} VARIABLE add_ln376 LOOP VITIS_LOOP_60_1_VITIS_LOOP_63_2 BUNDLEDNAME {} DSP 0 BRAM 0 URAM 0 STORAGESUBTYPE {} DISPNAME {bind_op add} VISIBLE true} {BINDTYPE op ID {} IMPL auto_sel LATENCY 0 OPTYPE select PRAGMA {} RTLNAME addr_fu_693_p3 SOURCE {C:\scratch\2025.2\hls_product\666\2025.2\src\shared\hls\clib/hlsmath/include/FloatingPoint/hls_range_redux.h:376} VARIABLE addr LOOP VITIS_LOOP_60_1_VITIS_LOOP_63_2 BUNDLEDNAME {} DSP 0 BRAM 0 URAM 0 STORAGESUBTYPE {} DISPNAME {bind_op select} VISIBLE false} {BINDTYPE op ID {} IMPL auto_pipe LATENCY 0 OPTYPE shl PRAGMA {} RTLNAME shl_ln379_fu_723_p2 SOURCE {C:\scratch\2025.2\hls_product\666\2025.2\src\shared\hls\clib/hlsmath/include/FloatingPoint/hls_range_redux.h:379} VARIABLE shl_ln379 LOOP VITIS_LOOP_60_1_VITIS_LOOP_63_2 BUNDLEDNAME {} DSP 0 BRAM 0 URAM 0 STORAGESUBTYPE {} DISPNAME {bind_op shl} VISIBLE false} {BINDTYPE op ID {} IMPL auto LATENCY 4 OPTYPE mul PRAGMA {} RTLNAME mul_80s_24ns_80_5_1_U13 SOURCE {C:\scratch\2025.2\hls_product\666\2025.2\src\shared\hls\clib/hlsmath/include/FloatingPoint/hls_range_redux.h:468} VARIABLE h LOOP VITIS_LOOP_60_1_VITIS_LOOP_63_2 BUNDLEDNAME {} DSP 5 BRAM 0 URAM 0 STORAGESUBTYPE {} DISPNAME {bind_op mul} VISIBLE true} {BINDTYPE op ID {} IMPL auto_sel LATENCY 0 OPTYPE select PRAGMA {} RTLNAME k_fu_774_p3 SOURCE {C:\scratch\2025.2\hls_product\666\2025.2\src\shared\hls\clib/hlsmath/include/FloatingPoint/hls_range_redux.h:451} VARIABLE k LOOP VITIS_LOOP_60_1_VITIS_LOOP_63_2 BUNDLEDNAME {} DSP 0 BRAM 0 URAM 0 STORAGESUBTYPE {} DISPNAME {bind_op select} VISIBLE false} {BINDTYPE op ID {} IMPL fabric LATENCY 0 OPTYPE sub PRAGMA {} RTLNAME Mx_bits_1_fu_784_p2 SOURCE {C:\scratch\2025.2\hls_product\666\2025.2\src\shared\hls\clib/hlsmath/include/FloatingPoint/hls_range_redux.h:492} VARIABLE Mx_bits_1 LOOP VITIS_LOOP_60_1_VITIS_LOOP_63_2 BUNDLEDNAME {} DSP 0 BRAM 0 URAM 0 STORAGESUBTYPE {} DISPNAME {bind_op sub} VISIBLE true} {BINDTYPE op ID {} IMPL auto_sel LATENCY 0 OPTYPE select PRAGMA {} RTLNAME Mx_bits_3_fu_789_p3 SOURCE {C:\scratch\2025.2\hls_product\666\2025.2\src\shared\hls\clib/hlsmath/include/FloatingPoint/hls_range_redux.h:491} VARIABLE Mx_bits_3 LOOP VITIS_LOOP_60_1_VITIS_LOOP_63_2 BUNDLEDNAME {} DSP 0 BRAM 0 URAM 0 STORAGESUBTYPE {} DISPNAME {bind_op select} VISIBLE false} {BINDTYPE op ID {} IMPL auto LATENCY 0 OPTYPE ctlz PRAGMA {} RTLNAME ctlz_30_30_1_1_U17 SOURCE {C:\scratch\2025.2\hls_product\666\2025.2\src\shared\hls\clib/hlsmath/include/FloatingPoint/hls_normalize.h:75} VARIABLE Mx_zeros LOOP VITIS_LOOP_60_1_VITIS_LOOP_63_2 BUNDLEDNAME {} DSP 0 BRAM 0 URAM 0 STORAGESUBTYPE {} DISPNAME {bind_op ctlz} VISIBLE false} {BINDTYPE op ID {} IMPL auto_pipe LATENCY 0 OPTYPE shl PRAGMA {} RTLNAME shl_ln504_fu_1073_p2 SOURCE {C:\scratch\2025.2\hls_product\666\2025.2\src\shared\hls\clib/hlsmath/include/FloatingPoint/hls_range_redux.h:504} VARIABLE shl_ln504 LOOP VITIS_LOOP_60_1_VITIS_LOOP_63_2 BUNDLEDNAME {} DSP 0 BRAM 0 URAM 0 STORAGESUBTYPE {} DISPNAME {bind_op shl} VISIBLE false} {BINDTYPE op ID {} IMPL fabric LATENCY 0 OPTYPE sub PRAGMA {} RTLNAME Ex_1_fu_1092_p2 SOURCE {C:\scratch\2025.2\hls_product\666\2025.2\src\shared\hls\clib/hlsmath/include/FloatingPoint/hls_range_redux.h:505} VARIABLE Ex_1 LOOP VITIS_LOOP_60_1_VITIS_LOOP_63_2 BUNDLEDNAME {} DSP 0 BRAM 0 URAM 0 STORAGESUBTYPE {} DISPNAME {bind_op sub} VISIBLE true} {BINDTYPE op ID {} IMPL fabric LATENCY 0 OPTYPE sub PRAGMA {} RTLNAME sub_ln506_fu_1106_p2 SOURCE {C:\scratch\2025.2\hls_product\666\2025.2\src\shared\hls\clib/hlsmath/include/FloatingPoint/hls_range_redux.h:506} VARIABLE sub_ln506 LOOP VITIS_LOOP_60_1_VITIS_LOOP_63_2 BUNDLEDNAME {} DSP 0 BRAM 0 URAM 0 STORAGESUBTYPE {} DISPNAME {bind_op sub} VISIBLE true} {BINDTYPE op ID {} IMPL auto_sel LATENCY 0 OPTYPE select PRAGMA {} RTLNAME select_ln506_fu_1112_p3 SOURCE {C:\scratch\2025.2\hls_product\666\2025.2\src\shared\hls\clib/hlsmath/include/FloatingPoint/hls_range_redux.h:506} VARIABLE select_ln506 LOOP VITIS_LOOP_60_1_VITIS_LOOP_63_2 BUNDLEDNAME {} DSP 0 BRAM 0 URAM 0 STORAGESUBTYPE {} DISPNAME {bind_op select} VISIBLE false} {BINDTYPE op ID {} IMPL auto_pipe LATENCY 0 OPTYPE lshr PRAGMA {} RTLNAME lshr_ln506_fu_1124_p2 SOURCE {C:\scratch\2025.2\hls_product\666\2025.2\src\shared\hls\clib/hlsmath/include/FloatingPoint/hls_range_redux.h:506} VARIABLE lshr_ln506 LOOP VITIS_LOOP_60_1_VITIS_LOOP_63_2 BUNDLEDNAME {} DSP 0 BRAM 0 URAM 0 STORAGESUBTYPE {} DISPNAME {bind_op lshr} VISIBLE false} {BINDTYPE op ID {} IMPL auto_pipe LATENCY 0 OPTYPE shl PRAGMA {} RTLNAME shl_ln506_fu_1130_p2 SOURCE {C:\scratch\2025.2\hls_product\666\2025.2\src\shared\hls\clib/hlsmath/include/FloatingPoint/hls_range_redux.h:506} VARIABLE shl_ln506 LOOP VITIS_LOOP_60_1_VITIS_LOOP_63_2 BUNDLEDNAME {} DSP 0 BRAM 0 URAM 0 STORAGESUBTYPE {} DISPNAME {bind_op shl} VISIBLE false} {BINDTYPE op ID {} IMPL auto_sel LATENCY 0 OPTYPE select PRAGMA {} RTLNAME select_ln506_1_fu_1136_p3 SOURCE {C:\scratch\2025.2\hls_product\666\2025.2\src\shared\hls\clib/hlsmath/include/FloatingPoint/hls_range_redux.h:506} VARIABLE select_ln506_1 LOOP VITIS_LOOP_60_1_VITIS_LOOP_63_2 BUNDLEDNAME {} DSP 0 BRAM 0 URAM 0 STORAGESUBTYPE {} DISPNAME {bind_op select} VISIBLE false} {BINDTYPE op ID {} IMPL compactencoding_dontcare LATENCY 0 OPTYPE sparsemux PRAGMA {} RTLNAME sparsemux_17_3_1_1_1_U14 SOURCE {C:\scratch\2025.2\hls_product\666\2025.2\src\shared\hls\clib/hlsmath/include/FloatingPoint\hls_hotbm.h:242} VARIABLE sin_basis LOOP VITIS_LOOP_60_1_VITIS_LOOP_63_2 BUNDLEDNAME {} DSP 0 BRAM 0 URAM 0 STORAGESUBTYPE {} DISPNAME {bind_op sparsemux} VISIBLE false} {BINDTYPE op ID {} IMPL auto_sel LATENCY 0 OPTYPE select PRAGMA {} RTLNAME Mx_1_fu_1147_p3 SOURCE {C:\scratch\2025.2\hls_product\666\2025.2\src\shared\hls\clib/hlsmath/include/FloatingPoint\hls_hotbm.h:243} VARIABLE Mx_1 LOOP VITIS_LOOP_60_1_VITIS_LOOP_63_2 BUNDLEDNAME {} DSP 0 BRAM 0 URAM 0 STORAGESUBTYPE {} DISPNAME {bind_op select} VISIBLE false} {BINDTYPE op ID {} IMPL auto_sel LATENCY 0 OPTYPE select PRAGMA {} RTLNAME Ex_2_fu_1173_p3 SOURCE {C:\scratch\2025.2\hls_product\666\2025.2\src\shared\hls\clib/hlsmath/include/FloatingPoint\hls_hotbm.h:243} VARIABLE Ex_2 LOOP VITIS_LOOP_60_1_VITIS_LOOP_63_2 BUNDLEDNAME {} DSP 0 BRAM 0 URAM 0 STORAGESUBTYPE {} DISPNAME {bind_op select} VISIBLE false} {BINDTYPE op ID {} IMPL auto LATENCY 0 OPTYPE mul PRAGMA {} RTLNAME mul_15ns_15ns_30_1_1_U18 SOURCE {C:\scratch\2025.2\hls_product\666\2025.2\src\shared\hls\clib\hlsmath\src\common\hls_hotbm_float.cpp:23} VARIABLE mul_ln23 LOOP VITIS_LOOP_60_1_VITIS_LOOP_63_2 BUNDLEDNAME {} DSP 1 BRAM 0 URAM 0 STORAGESUBTYPE {} DISPNAME {bind_op mul} VISIBLE true} {BINDTYPE op ID {} IMPL auto LATENCY 0 OPTYPE mul PRAGMA {} RTLNAME mul_23s_22ns_45_1_1_U11 SOURCE {C:\scratch\2025.2\hls_product\666\2025.2\src\shared\hls\clib\hlsmath\src\common\hls_hotbm_float.cpp:29} VARIABLE mul_ln29 LOOP VITIS_LOOP_60_1_VITIS_LOOP_63_2 BUNDLEDNAME {} DSP 2 BRAM 0 URAM 0 STORAGESUBTYPE {} DISPNAME {bind_op mul} VISIBLE true} {BINDTYPE op ID {} IMPL auto LATENCY 0 OPTYPE mul PRAGMA {} RTLNAME mul_15ns_15s_30_1_1_U19 SOURCE {C:\scratch\2025.2\hls_product\666\2025.2\src\shared\hls\clib\hlsmath\src\common\hls_hotbm_float.cpp:30} VARIABLE mul_ln30 LOOP VITIS_LOOP_60_1_VITIS_LOOP_63_2 BUNDLEDNAME {} DSP 1 BRAM 0 URAM 0 STORAGESUBTYPE {} DISPNAME {bind_op mul} VISIBLE true} {BINDTYPE op ID {} IMPL auto LATENCY 1 OPTYPE mul PRAGMA {} RTLNAME mul_30s_29ns_58_2_1_U12 SOURCE {C:\scratch\2025.2\hls_product\666\2025.2\src\shared\hls\clib\hlsmath\src\common\hls_hotbm_float.cpp:32} VARIABLE mul_ln32 LOOP VITIS_LOOP_60_1_VITIS_LOOP_63_2 BUNDLEDNAME {} DSP 4 BRAM 0 URAM 0 STORAGESUBTYPE {} DISPNAME {bind_op mul} VISIBLE true} {BINDTYPE op ID {} IMPL auto LATENCY 0 OPTYPE ctlz PRAGMA {} RTLNAME ctlz_32_32_1_1_U20 SOURCE {C:\scratch\2025.2\hls_product\666\2025.2\src\shared\hls\clib/hlsmath/include/FloatingPoint/hls_normalize.h:81} VARIABLE c LOOP VITIS_LOOP_60_1_VITIS_LOOP_63_2 BUNDLEDNAME {} DSP 0 BRAM 0 URAM 0 STORAGESUBTYPE {} DISPNAME {bind_op ctlz} VISIBLE false} {BINDTYPE op ID {} IMPL auto LATENCY 0 OPTYPE ctlz PRAGMA {} RTLNAME ctlz_32_32_1_1_U21 SOURCE {C:\scratch\2025.2\hls_product\666\2025.2\src\shared\hls\clib/hlsmath/include/FloatingPoint/hls_normalize.h:81} VARIABLE c_1 LOOP VITIS_LOOP_60_1_VITIS_LOOP_63_2 BUNDLEDNAME {} DSP 0 BRAM 0 URAM 0 STORAGESUBTYPE {} DISPNAME {bind_op ctlz} VISIBLE false} {BINDTYPE op ID {} IMPL auto_pipe LATENCY 0 OPTYPE shl PRAGMA {} RTLNAME in_shift_1_fu_1372_p2 SOURCE {C:\scratch\2025.2\hls_product\666\2025.2\src\shared\hls\clib/src/hls\utils/x_hls_float_utils.h:291} VARIABLE in_shift_1 LOOP VITIS_LOOP_60_1_VITIS_LOOP_63_2 BUNDLEDNAME {} DSP 0 BRAM 0 URAM 0 STORAGESUBTYPE {} DISPNAME {bind_op shl} VISIBLE false} {BINDTYPE op ID {} IMPL auto LATENCY 0 OPTYPE seteq PRAGMA {} RTLNAME icmp_ln292_fu_1377_p2 SOURCE {C:\scratch\2025.2\hls_product\666\2025.2\src\shared\hls\clib/src/hls\utils/x_hls_float_utils.h:292} VARIABLE icmp_ln292 LOOP VITIS_LOOP_60_1_VITIS_LOOP_63_2 BUNDLEDNAME {} DSP 0 BRAM 0 URAM 0 STORAGESUBTYPE {} DISPNAME {bind_op seteq} VISIBLE false} {BINDTYPE op ID {} IMPL auto_pipe LATENCY 0 OPTYPE shl PRAGMA {} RTLNAME in_shift_2_fu_1401_p2 SOURCE {C:\scratch\2025.2\hls_product\666\2025.2\src\shared\hls\clib/src/hls\utils/x_hls_float_utils.h:291} VARIABLE in_shift_2 LOOP VITIS_LOOP_60_1_VITIS_LOOP_63_2 BUNDLEDNAME {} DSP 0 BRAM 0 URAM 0 STORAGESUBTYPE {} DISPNAME {bind_op shl} VISIBLE false} {BINDTYPE op ID {} IMPL auto_sel LATENCY 0 OPTYPE select PRAGMA {} RTLNAME shift_2_fu_1406_p3 SOURCE {C:\scratch\2025.2\hls_product\666\2025.2\src\shared\hls\clib/src/hls\utils/x_hls_float_utils.h:292} VARIABLE shift_2 LOOP VITIS_LOOP_60_1_VITIS_LOOP_63_2 BUNDLEDNAME {} DSP 0 BRAM 0 URAM 0 STORAGESUBTYPE {} DISPNAME {bind_op select} VISIBLE false} {BINDTYPE op ID {} IMPL auto LATENCY 0 OPTYPE seteq PRAGMA {} RTLNAME icmp_ln306_fu_1383_p2 SOURCE {C:\scratch\2025.2\hls_product\666\2025.2\src\shared\hls\clib/src/hls\utils/x_hls_float_utils.h:306} VARIABLE icmp_ln306 LOOP VITIS_LOOP_60_1_VITIS_LOOP_63_2 BUNDLEDNAME {} DSP 0 BRAM 0 URAM 0 STORAGESUBTYPE {} DISPNAME {bind_op seteq} VISIBLE false} {BINDTYPE op ID {} IMPL auto LATENCY 0 OPTYPE or PRAGMA {} RTLNAME or_ln306_fu_1436_p2 SOURCE {C:\scratch\2025.2\hls_product\666\2025.2\src\shared\hls\clib/src/hls\utils/x_hls_float_utils.h:306} VARIABLE or_ln306 LOOP VITIS_LOOP_60_1_VITIS_LOOP_63_2 BUNDLEDNAME {} DSP 0 BRAM 0 URAM 0 STORAGESUBTYPE {} DISPNAME {bind_op or} VISIBLE false} {BINDTYPE op ID {} IMPL auto_sel LATENCY 0 OPTYPE select PRAGMA {} RTLNAME empty_31_fu_1464_p3 SOURCE {C:\scratch\2025.2\hls_product\666\2025.2\src\shared\hls\clib/src/hls\utils/x_hls_float_utils.h:292} VARIABLE empty_31 LOOP VITIS_LOOP_60_1_VITIS_LOOP_63_2 BUNDLEDNAME {} DSP 0 BRAM 0 URAM 0 STORAGESUBTYPE {} DISPNAME {bind_op select} VISIBLE false} {BINDTYPE op ID {} IMPL compactencoding_dontcare LATENCY 0 OPTYPE sparsemux PRAGMA {} RTLNAME sparsemux_33_4_1_1_1_U15 SOURCE {C:\scratch\2025.2\hls_product\666\2025.2\src\shared\hls\clib/hlsmath/include/FloatingPoint\hls_hotbm.h:267} VARIABLE tmp_4_i LOOP VITIS_LOOP_60_1_VITIS_LOOP_63_2 BUNDLEDNAME {} DSP 0 BRAM 0 URAM 0 STORAGESUBTYPE {} DISPNAME {bind_op sparsemux} VISIBLE false} {BINDTYPE op ID {} IMPL compactencoding_dontcare LATENCY 0 OPTYPE sparsemux PRAGMA {} RTLNAME sparsemux_33_4_1_1_1_U16 SOURCE {C:\scratch\2025.2\hls_product\666\2025.2\src\shared\hls\clib/hlsmath/include/FloatingPoint\hls_hotbm.h:267} VARIABLE tmp_8_i LOOP VITIS_LOOP_60_1_VITIS_LOOP_63_2 BUNDLEDNAME {} DSP 0 BRAM 0 URAM 0 STORAGESUBTYPE {} DISPNAME {bind_op sparsemux} VISIBLE false} {BINDTYPE op ID {} IMPL auto_sel LATENCY 0 OPTYPE select PRAGMA {} RTLNAME results_sign_fu_995_p3 SOURCE {C:\scratch\2025.2\hls_product\666\2025.2\src\shared\hls\clib/hlsmath/include/FloatingPoint\hls_hotbm.h:242} VARIABLE results_sign LOOP VITIS_LOOP_60_1_VITIS_LOOP_63_2 BUNDLEDNAME {} DSP 0 BRAM 0 URAM 0 STORAGESUBTYPE {} DISPNAME {bind_op select} VISIBLE false} {BINDTYPE op ID {} IMPL auto LATENCY 0 OPTYPE seteq PRAGMA {} RTLNAME icmp_ln271_fu_1003_p2 SOURCE {C:\scratch\2025.2\hls_product\666\2025.2\src\shared\hls\clib/hlsmath/include/FloatingPoint\hls_hotbm.h:271} VARIABLE icmp_ln271 LOOP VITIS_LOOP_60_1_VITIS_LOOP_63_2 BUNDLEDNAME {} DSP 0 BRAM 0 URAM 0 STORAGESUBTYPE {} DISPNAME {bind_op seteq} VISIBLE false} {BINDTYPE op ID {} IMPL auto LATENCY 0 OPTYPE seteq PRAGMA {} RTLNAME icmp_ln271_1_fu_749_p2 SOURCE {C:\scratch\2025.2\hls_product\666\2025.2\src\shared\hls\clib/hlsmath/include/FloatingPoint\hls_hotbm.h:271} VARIABLE icmp_ln271_1 LOOP VITIS_LOOP_60_1_VITIS_LOOP_63_2 BUNDLEDNAME {} DSP 0 BRAM 0 URAM 0 STORAGESUBTYPE {} DISPNAME {bind_op seteq} VISIBLE false} {BINDTYPE op ID {} IMPL auto LATENCY 0 OPTYPE and PRAGMA {} RTLNAME and_ln271_fu_1008_p2 SOURCE {C:\scratch\2025.2\hls_product\666\2025.2\src\shared\hls\clib/hlsmath/include/FloatingPoint\hls_hotbm.h:271} VARIABLE and_ln271 LOOP VITIS_LOOP_60_1_VITIS_LOOP_63_2 BUNDLEDNAME {} DSP 0 BRAM 0 URAM 0 STORAGESUBTYPE {} DISPNAME {bind_op and} VISIBLE false} {BINDTYPE op ID {} IMPL auto LATENCY 0 OPTYPE seteq PRAGMA {} RTLNAME icmp_ln282_fu_1013_p2 SOURCE {C:\scratch\2025.2\hls_product\666\2025.2\src\shared\hls\clib/hlsmath/include/FloatingPoint\hls_hotbm.h:282} VARIABLE icmp_ln282 LOOP VITIS_LOOP_60_1_VITIS_LOOP_63_2 BUNDLEDNAME {} DSP 0 BRAM 0 URAM 0 STORAGESUBTYPE {} DISPNAME {bind_op seteq} VISIBLE false} {BINDTYPE op ID {} IMPL auto LATENCY 0 OPTYPE xor PRAGMA {} RTLNAME xor_ln282_fu_1018_p2 SOURCE {C:\scratch\2025.2\hls_product\666\2025.2\src\shared\hls\clib/hlsmath/include/FloatingPoint\hls_hotbm.h:282} VARIABLE xor_ln282 LOOP VITIS_LOOP_60_1_VITIS_LOOP_63_2 BUNDLEDNAME {} DSP 0 BRAM 0 URAM 0 STORAGESUBTYPE {} DISPNAME {bind_op xor} VISIBLE false} {BINDTYPE op ID {} IMPL auto LATENCY 0 OPTYPE and PRAGMA {} RTLNAME results_sign_1_fu_1024_p2 SOURCE {C:\scratch\2025.2\hls_product\666\2025.2\src\shared\hls\clib/hlsmath/include/FloatingPoint\hls_hotbm.h:282} VARIABLE results_sign_1 LOOP VITIS_LOOP_60_1_VITIS_LOOP_63_2 BUNDLEDNAME {} DSP 0 BRAM 0 URAM 0 STORAGESUBTYPE {} DISPNAME {bind_op and} VISIBLE false} {BINDTYPE op ID {} IMPL auto_sel LATENCY 0 OPTYPE select PRAGMA {} RTLNAME select_ln282_fu_1471_p3 SOURCE {C:\scratch\2025.2\hls_product\666\2025.2\src\shared\hls\clib/hlsmath/include/FloatingPoint\hls_hotbm.h:282} VARIABLE select_ln282 LOOP VITIS_LOOP_60_1_VITIS_LOOP_63_2 BUNDLEDNAME {} DSP 0 BRAM 0 URAM 0 STORAGESUBTYPE {} DISPNAME {bind_op select} VISIBLE false} {BINDTYPE op ID {} IMPL auto LATENCY 0 OPTYPE or PRAGMA {} RTLNAME or_ln282_fu_1478_p2 SOURCE {C:\scratch\2025.2\hls_product\666\2025.2\src\shared\hls\clib/hlsmath/include/FloatingPoint\hls_hotbm.h:282} VARIABLE or_ln282 LOOP VITIS_LOOP_60_1_VITIS_LOOP_63_2 BUNDLEDNAME {} DSP 0 BRAM 0 URAM 0 STORAGESUBTYPE {} DISPNAME {bind_op or} VISIBLE false} {BINDTYPE op ID {} IMPL auto_sel LATENCY 0 OPTYPE select PRAGMA {} RTLNAME results_exp_fu_1483_p3 SOURCE {C:\scratch\2025.2\hls_product\666\2025.2\src\shared\hls\clib/hlsmath/include/FloatingPoint\hls_hotbm.h:282} VARIABLE results_exp LOOP VITIS_LOOP_60_1_VITIS_LOOP_63_2 BUNDLEDNAME {} DSP 0 BRAM 0 URAM 0 STORAGESUBTYPE {} DISPNAME {bind_op select} VISIBLE false} {BINDTYPE op ID {} IMPL auto_sel LATENCY 0 OPTYPE select PRAGMA {} RTLNAME select_ln282_2_fu_1491_p3 SOURCE {C:\scratch\2025.2\hls_product\666\2025.2\src\shared\hls\clib/hlsmath/include/FloatingPoint\hls_hotbm.h:282} VARIABLE select_ln282_2 LOOP VITIS_LOOP_60_1_VITIS_LOOP_63_2 BUNDLEDNAME {} DSP 0 BRAM 0 URAM 0 STORAGESUBTYPE {} DISPNAME {bind_op select} VISIBLE false} {BINDTYPE op ID {} IMPL auto_sel LATENCY 0 OPTYPE select PRAGMA {} RTLNAME results_sig_fu_1498_p3 SOURCE {C:\scratch\2025.2\hls_product\666\2025.2\src\shared\hls\clib/hlsmath/include/FloatingPoint\hls_hotbm.h:282} VARIABLE results_sig LOOP VITIS_LOOP_60_1_VITIS_LOOP_63_2 BUNDLEDNAME {} DSP 0 BRAM 0 URAM 0 STORAGESUBTYPE {} DISPNAME {bind_op select} VISIBLE false} {BINDTYPE op ID {} IMPL auto LATENCY 0 OPTYPE xor PRAGMA {} RTLNAME not_and_ln271_i_fu_1030_p2 SOURCE {C:\scratch\2025.2\hls_product\666\2025.2\src\shared\hls\clib/hlsmath/include/FloatingPoint\hls_hotbm.h:271} VARIABLE not_and_ln271_i LOOP VITIS_LOOP_60_1_VITIS_LOOP_63_2 BUNDLEDNAME {} DSP 0 BRAM 0 URAM 0 STORAGESUBTYPE {} DISPNAME {bind_op xor} VISIBLE false} {BINDTYPE op ID {} IMPL auto LATENCY 0 OPTYPE and PRAGMA {} RTLNAME results_sign_2_fu_1036_p2 SOURCE {C:\scratch\2025.2\hls_product\666\2025.2\src\shared\hls\clib/hlsmath/include/FloatingPoint\hls_hotbm.h:282} VARIABLE results_sign_2 LOOP VITIS_LOOP_60_1_VITIS_LOOP_63_2 BUNDLEDNAME {} DSP 0 BRAM 0 URAM 0 STORAGESUBTYPE {} DISPNAME {bind_op and} VISIBLE false} {BINDTYPE op ID {} IMPL auto_sel LATENCY 0 OPTYPE select PRAGMA {} RTLNAME results_exp_1_fu_1506_p3 SOURCE {C:\scratch\2025.2\hls_product\666\2025.2\src\shared\hls\clib/hlsmath/include/FloatingPoint\hls_hotbm.h:271} VARIABLE results_exp_1 LOOP VITIS_LOOP_60_1_VITIS_LOOP_63_2 BUNDLEDNAME {} DSP 0 BRAM 0 URAM 0 STORAGESUBTYPE {} DISPNAME {bind_op select} VISIBLE false} {BINDTYPE op ID {} IMPL auto_sel LATENCY 0 OPTYPE select PRAGMA {} RTLNAME results_sig_1_fu_1513_p3 SOURCE {C:\scratch\2025.2\hls_product\666\2025.2\src\shared\hls\clib/hlsmath/include/FloatingPoint\hls_hotbm.h:271} VARIABLE results_sig_1 LOOP VITIS_LOOP_60_1_VITIS_LOOP_63_2 BUNDLEDNAME {} DSP 0 BRAM 0 URAM 0 STORAGESUBTYPE {} DISPNAME {bind_op select} VISIBLE false} {BINDTYPE op ID {} IMPL fabric LATENCY 0 OPTYPE add PRAGMA {} RTLNAME add_ln63_fu_561_p2 SOURCE chirp.cpp:63 VARIABLE add_ln63 LOOP VITIS_LOOP_60_1_VITIS_LOOP_63_2 BUNDLEDNAME {} DSP 0 BRAM 0 URAM 0 STORAGESUBTYPE {} DISPNAME {bind_op add} VISIBLE true} {BINDTYPE storage ID {} IMPL lutram LATENCY 1 OPTYPE rom_1p PRAGMA pragma RTLNAME ref_4oPi_table_100_U SOURCE {} VARIABLE ref_4oPi_table_100 LOOP {} BUNDLEDNAME {} DSP 0 BRAM 0 URAM 0 STORAGESUBTYPE {} STORAGESIZE {100 13 1} STORAGEUSAGE rom_1p DISPNAME {bind_storage rom_1p} VISIBLE true} {BINDTYPE storage ID {} IMPL lutram LATENCY 1 OPTYPE rom_1p PRAGMA pragma RTLNAME second_order_float_sin_cos_K0_U SOURCE {} VARIABLE second_order_float_sin_cos_K0 LOOP {} BUNDLEDNAME {} DSP 0 BRAM 0 URAM 0 STORAGESUBTYPE {} STORAGESIZE {30 256 1} STORAGEUSAGE rom_1p DISPNAME {bind_storage rom_1p} VISIBLE true} {BINDTYPE storage ID {} IMPL lutram LATENCY 1 OPTYPE rom_1p PRAGMA pragma RTLNAME second_order_float_sin_cos_K1_U SOURCE {} VARIABLE second_order_float_sin_cos_K1 LOOP {} BUNDLEDNAME {} DSP 0 BRAM 0 URAM 0 STORAGESUBTYPE {} STORAGESIZE {23 256 1} STORAGEUSAGE rom_1p DISPNAME {bind_storage rom_1p} VISIBLE true} {BINDTYPE storage ID {} IMPL lutram LATENCY 1 OPTYPE rom_1p PRAGMA pragma RTLNAME second_order_float_sin_cos_K2_U SOURCE {} VARIABLE second_order_float_sin_cos_K2 LOOP {} BUNDLEDNAME {} DSP 0 BRAM 0 URAM 0 STORAGESUBTYPE {} STORAGESIZE {15 256 1} STORAGEUSAGE rom_1p DISPNAME {bind_storage rom_1p} VISIBLE true}} AREA {DSP 32 BRAM 0 URAM 0}} chirp {BINDINFO {{BINDTYPE op ID {} IMPL fabric LATENCY 15 OPTYPE fdiv PRAGMA {} RTLNAME fdiv_32ns_32ns_32_16_no_dsp_1_U53 SOURCE chirp.cpp:51 VARIABLE k LOOP {} BUNDLEDNAME {} DSP 0 BRAM 0 URAM 0 STORAGESUBTYPE {} DISPNAME {bind_op fdiv} VISIBLE true} {BINDTYPE op ID {} IMPL maxdsp LATENCY 3 OPTYPE fmul PRAGMA {} RTLNAME fmul_32ns_32ns_32_4_max_dsp_1_U52 SOURCE chirp.cpp:81 VARIABLE mul8 LOOP {} BUNDLEDNAME {} DSP 3 BRAM 0 URAM 0 STORAGESUBTYPE {} DISPNAME {bind_op fmul} VISIBLE true} {BINDTYPE op ID {} IMPL auto LATENCY 0 OPTYPE setgt PRAGMA {} RTLNAME empty_fu_143_p2 SOURCE chirp.cpp:11 VARIABLE empty LOOP {} BUNDLEDNAME {} DSP 0 BRAM 0 URAM 0 STORAGESUBTYPE {} DISPNAME {bind_op setgt} VISIBLE false} {BINDTYPE op ID {} IMPL auto_sel LATENCY 0 OPTYPE select PRAGMA {} RTLNAME smax_fu_149_p3 SOURCE chirp.cpp:11 VARIABLE smax LOOP {} BUNDLEDNAME {} DSP 0 BRAM 0 URAM 0 STORAGESUBTYPE {} DISPNAME {bind_op select} VISIBLE false} {BINDTYPE op ID {} IMPL auto LATENCY 0 OPTYPE setgt PRAGMA {} RTLNAME empty_32_fu_157_p2 SOURCE chirp.cpp:11 VARIABLE empty_32 LOOP {} BUNDLEDNAME {} DSP 0 BRAM 0 URAM 0 STORAGESUBTYPE {} DISPNAME {bind_op setgt} VISIBLE false} {BINDTYPE op ID {} IMPL auto_sel LATENCY 0 OPTYPE select PRAGMA {} RTLNAME smax1_fu_163_p3 SOURCE chirp.cpp:11 VARIABLE smax1 LOOP {} BUNDLEDNAME {} DSP 0 BRAM 0 URAM 0 STORAGESUBTYPE {} DISPNAME {bind_op select} VISIBLE false} {BINDTYPE op ID {} IMPL auto LATENCY 1 OPTYPE mul PRAGMA {} RTLNAME mul_31ns_31ns_62_2_1_U54 SOURCE chirp.cpp:11 VARIABLE mul_ln11 LOOP {} BUNDLEDNAME {} DSP 4 BRAM 0 URAM 0 STORAGESUBTYPE {} DISPNAME {bind_op mul} VISIBLE true}} AREA {DSP 39 BRAM 0 URAM 0}}}}'
INFO-FLOW: DBG:PUTS:      update_csynth_reports json2rpt_hw_sw_interfaces
INFO-FLOW: Running: gen_csynth_sec_pragma
INFO-FLOW: Done: gen_csynth_sec_pragma time: 0.8 seconds 
Execute     send_msg_by_id INFO @200-2225@%s C:/Users/vempa/Documents/Projects/RADAR_Chirp_Engine/ChirpGenerator/ChirpGenerator/hls/syn/inferred_directives.ini 
INFO: [HLS 200-2225] Wrote inferred directives to file C:/Users/vempa/Documents/Projects/RADAR_Chirp_Engine/ChirpGenerator/ChirpGenerator/hls/syn/inferred_directives.ini
INFO-FLOW: DBG:PUTS:      update_csynth_reports wrote xml
INFO-FLOW: DBG:PUTS:      update_csynth_reports appended to csynth rpt file
INFO-FLOW: Done: add_csynth_report_sections time: 0.8 seconds 
INFO: [HLS 200-111] Finished Updating report files: CPU user time: 0 seconds. CPU system time: 1 seconds. Elapsed time: 1.677 seconds; current allocated memory: 222.156 MB.
INFO: [VHDL 208-304] Generating VHDL RTL for chirp.
INFO: [VLOG 209-307] Generating Verilog RTL for chirp.
Execute     syn_report -model chirp -printsummary 
INFO: [HLS 200-790] **** Loop Constraint Status: All loop constraints were satisfied.
INFO: [HLS 200-789] **** Estimated Fmax: 137.82 MHz
Execute     AP::msg_collection_file -close 
Command   csynth_design done; 43.892 sec.
Execute   close_project 
Execute     close_solution 
Execute       cleanup_all 
Execute       cleanup_all 
Execute       source -notrace -encoding utf-8 C:/AMDDesignTools/2025.2/Vitis/tps/tcl/tcl8.6/clock.tcl 
Execute         source -encoding utf-8 C:/AMDDesignTools/2025.2/Vitis/tps/tcl/tcl8/8.5/msgcat-1.6.1.tm 
Execute           source C:/AMDDesignTools/2025.2/Vitis/tps/tcl/tcllib2.0/0compatibility/pkgIndex.tcl 
Execute           source C:/AMDDesignTools/2025.2/Vitis/tps/tcl/tcllib2.0/amazon-s3/pkgIndex.tcl 
Execute           source C:/AMDDesignTools/2025.2/Vitis/tps/tcl/tcllib2.0/asn/pkgIndex.tcl 
Execute           source C:/AMDDesignTools/2025.2/Vitis/tps/tcl/tcllib2.0/base32/pkgIndex.tcl 
Execute           source C:/AMDDesignTools/2025.2/Vitis/tps/tcl/tcllib2.0/base64/pkgIndex.tcl 
Execute           source C:/AMDDesignTools/2025.2/Vitis/tps/tcl/tcllib2.0/bee/pkgIndex.tcl 
Execute           source C:/AMDDesignTools/2025.2/Vitis/tps/tcl/tcllib2.0/bench/pkgIndex.tcl 
Execute           source C:/AMDDesignTools/2025.2/Vitis/tps/tcl/tcllib2.0/bibtex/pkgIndex.tcl 
Execute           source C:/AMDDesignTools/2025.2/Vitis/tps/tcl/tcllib2.0/cache/pkgIndex.tcl 
Execute           source C:/AMDDesignTools/2025.2/Vitis/tps/tcl/tcllib2.0/clay/pkgIndex.tcl 
Execute           source C:/AMDDesignTools/2025.2/Vitis/tps/tcl/tcllib2.0/clock/pkgIndex.tcl 
Execute           source C:/AMDDesignTools/2025.2/Vitis/tps/tcl/tcllib2.0/cmdline/pkgIndex.tcl 
Execute           source C:/AMDDesignTools/2025.2/Vitis/tps/tcl/tcllib2.0/comm/pkgIndex.tcl 
Execute           source C:/AMDDesignTools/2025.2/Vitis/tps/tcl/tcllib2.0/control/pkgIndex.tcl 
Execute           source C:/AMDDesignTools/2025.2/Vitis/tps/tcl/tcllib2.0/coroutine/pkgIndex.tcl 
Execute           source C:/AMDDesignTools/2025.2/Vitis/tps/tcl/tcllib2.0/counter/pkgIndex.tcl 
Execute           source C:/AMDDesignTools/2025.2/Vitis/tps/tcl/tcllib2.0/crc/pkgIndex.tcl 
Execute           source C:/AMDDesignTools/2025.2/Vitis/tps/tcl/tcllib2.0/cron/pkgIndex.tcl 
Execute           source C:/AMDDesignTools/2025.2/Vitis/tps/tcl/tcllib2.0/csv/pkgIndex.tcl 
Execute           source C:/AMDDesignTools/2025.2/Vitis/tps/tcl/tcllib2.0/debug/pkgIndex.tcl 
Execute           source C:/AMDDesignTools/2025.2/Vitis/tps/tcl/tcllib2.0/defer/pkgIndex.tcl 
Execute           source C:/AMDDesignTools/2025.2/Vitis/tps/tcl/tcllib2.0/dicttool/pkgIndex.tcl 
Execute           source C:/AMDDesignTools/2025.2/Vitis/tps/tcl/tcllib2.0/dns/pkgIndex.tcl 
Execute           source C:/AMDDesignTools/2025.2/Vitis/tps/tcl/tcllib2.0/docstrip/pkgIndex.tcl 
Execute           source C:/AMDDesignTools/2025.2/Vitis/tps/tcl/tcllib2.0/doctools/pkgIndex.tcl 
Execute           source C:/AMDDesignTools/2025.2/Vitis/tps/tcl/tcllib2.0/doctools2base/pkgIndex.tcl 
Execute           source C:/AMDDesignTools/2025.2/Vitis/tps/tcl/tcllib2.0/doctools2idx/pkgIndex.tcl 
Execute           source C:/AMDDesignTools/2025.2/Vitis/tps/tcl/tcllib2.0/doctools2toc/pkgIndex.tcl 
Execute           source C:/AMDDesignTools/2025.2/Vitis/tps/tcl/tcllib2.0/dtplite/pkgIndex.tcl 
Execute           source C:/AMDDesignTools/2025.2/Vitis/tps/tcl/tcllib2.0/fileutil/pkgIndex.tcl 
Execute           source C:/AMDDesignTools/2025.2/Vitis/tps/tcl/tcllib2.0/ftp/pkgIndex.tcl 
Execute           source C:/AMDDesignTools/2025.2/Vitis/tps/tcl/tcllib2.0/ftpd/pkgIndex.tcl 
Execute           source C:/AMDDesignTools/2025.2/Vitis/tps/tcl/tcllib2.0/fumagic/pkgIndex.tcl 
Execute           source C:/AMDDesignTools/2025.2/Vitis/tps/tcl/tcllib2.0/generator/pkgIndex.tcl 
Execute           source C:/AMDDesignTools/2025.2/Vitis/tps/tcl/tcllib2.0/gpx/pkgIndex.tcl 
Execute           source C:/AMDDesignTools/2025.2/Vitis/tps/tcl/tcllib2.0/grammar_aycock/pkgIndex.tcl 
Execute           source C:/AMDDesignTools/2025.2/Vitis/tps/tcl/tcllib2.0/grammar_fa/pkgIndex.tcl 
Execute           source C:/AMDDesignTools/2025.2/Vitis/tps/tcl/tcllib2.0/grammar_me/pkgIndex.tcl 
Execute           source C:/AMDDesignTools/2025.2/Vitis/tps/tcl/tcllib2.0/grammar_peg/pkgIndex.tcl 
Execute           source C:/AMDDesignTools/2025.2/Vitis/tps/tcl/tcllib2.0/hook/pkgIndex.tcl 
Execute           source C:/AMDDesignTools/2025.2/Vitis/tps/tcl/tcllib2.0/html/pkgIndex.tcl 
Execute           source C:/AMDDesignTools/2025.2/Vitis/tps/tcl/tcllib2.0/htmlparse/pkgIndex.tcl 
Execute           source C:/AMDDesignTools/2025.2/Vitis/tps/tcl/tcllib2.0/http/pkgIndex.tcl 
Execute           source C:/AMDDesignTools/2025.2/Vitis/tps/tcl/tcllib2.0/httpd/pkgIndex.tcl 
Execute           source C:/AMDDesignTools/2025.2/Vitis/tps/tcl/tcllib2.0/httpwget/pkgIndex.tcl 
Execute           source C:/AMDDesignTools/2025.2/Vitis/tps/tcl/tcllib2.0/ident/pkgIndex.tcl 
Execute           source C:/AMDDesignTools/2025.2/Vitis/tps/tcl/tcllib2.0/imap4/pkgIndex.tcl 
Execute           source C:/AMDDesignTools/2025.2/Vitis/tps/tcl/tcllib2.0/inifile/pkgIndex.tcl 
Execute           source C:/AMDDesignTools/2025.2/Vitis/tps/tcl/tcllib2.0/interp/pkgIndex.tcl 
Execute           source C:/AMDDesignTools/2025.2/Vitis/tps/tcl/tcllib2.0/irc/pkgIndex.tcl 
Execute           source C:/AMDDesignTools/2025.2/Vitis/tps/tcl/tcllib2.0/javascript/pkgIndex.tcl 
Execute           source C:/AMDDesignTools/2025.2/Vitis/tps/tcl/tcllib2.0/jpeg/pkgIndex.tcl 
Execute           source C:/AMDDesignTools/2025.2/Vitis/tps/tcl/tcllib2.0/json/pkgIndex.tcl 
Execute           source C:/AMDDesignTools/2025.2/Vitis/tps/tcl/tcllib2.0/lambda/pkgIndex.tcl 
Execute           source C:/AMDDesignTools/2025.2/Vitis/tps/tcl/tcllib2.0/lazyset/pkgIndex.tcl 
Execute           source C:/AMDDesignTools/2025.2/Vitis/tps/tcl/tcllib2.0/ldap/pkgIndex.tcl 
Execute           source C:/AMDDesignTools/2025.2/Vitis/tps/tcl/tcllib2.0/log/pkgIndex.tcl 
Execute           source C:/AMDDesignTools/2025.2/Vitis/tps/tcl/tcllib2.0/map/pkgIndex.tcl 
Execute           source C:/AMDDesignTools/2025.2/Vitis/tps/tcl/tcllib2.0/mapproj/pkgIndex.tcl 
Execute           source C:/AMDDesignTools/2025.2/Vitis/tps/tcl/tcllib2.0/markdown/pkgIndex.tcl 
Execute           source C:/AMDDesignTools/2025.2/Vitis/tps/tcl/tcllib2.0/math/pkgIndex.tcl 
Execute           source C:/AMDDesignTools/2025.2/Vitis/tps/tcl/tcllib2.0/md4/pkgIndex.tcl 
Execute           source C:/AMDDesignTools/2025.2/Vitis/tps/tcl/tcllib2.0/md5/pkgIndex.tcl 
Execute           source C:/AMDDesignTools/2025.2/Vitis/tps/tcl/tcllib2.0/md5crypt/pkgIndex.tcl 
Execute           source C:/AMDDesignTools/2025.2/Vitis/tps/tcl/tcllib2.0/mime/pkgIndex.tcl 
Execute           source C:/AMDDesignTools/2025.2/Vitis/tps/tcl/tcllib2.0/mkdoc/pkgIndex.tcl 
Execute           source C:/AMDDesignTools/2025.2/Vitis/tps/tcl/tcllib2.0/multiplexer/pkgIndex.tcl 
Execute           source C:/AMDDesignTools/2025.2/Vitis/tps/tcl/tcllib2.0/namespacex/pkgIndex.tcl 
Execute           source C:/AMDDesignTools/2025.2/Vitis/tps/tcl/tcllib2.0/ncgi/pkgIndex.tcl 
Execute           source C:/AMDDesignTools/2025.2/Vitis/tps/tcl/tcllib2.0/nettool/pkgIndex.tcl 
Execute           source C:/AMDDesignTools/2025.2/Vitis/tps/tcl/tcllib2.0/nmea/pkgIndex.tcl 
Execute           source C:/AMDDesignTools/2025.2/Vitis/tps/tcl/tcllib2.0/nns/pkgIndex.tcl 
Execute           source C:/AMDDesignTools/2025.2/Vitis/tps/tcl/tcllib2.0/nntp/pkgIndex.tcl 
Execute           source C:/AMDDesignTools/2025.2/Vitis/tps/tcl/tcllib2.0/ntp/pkgIndex.tcl 
Execute           source C:/AMDDesignTools/2025.2/Vitis/tps/tcl/tcllib2.0/oauth/pkgIndex.tcl 
Execute           source C:/AMDDesignTools/2025.2/Vitis/tps/tcl/tcllib2.0/oodialect/pkgIndex.tcl 
Execute           source C:/AMDDesignTools/2025.2/Vitis/tps/tcl/tcllib2.0/oometa/pkgIndex.tcl 
Execute           source C:/AMDDesignTools/2025.2/Vitis/tps/tcl/tcllib2.0/ooutil/pkgIndex.tcl 
Execute           source C:/AMDDesignTools/2025.2/Vitis/tps/tcl/tcllib2.0/otp/pkgIndex.tcl 
Execute           source C:/AMDDesignTools/2025.2/Vitis/tps/tcl/tcllib2.0/page/pkgIndex.tcl 
Execute           source C:/AMDDesignTools/2025.2/Vitis/tps/tcl/tcllib2.0/pluginmgr/pkgIndex.tcl 
Execute           source C:/AMDDesignTools/2025.2/Vitis/tps/tcl/tcllib2.0/png/pkgIndex.tcl 
Execute           source C:/AMDDesignTools/2025.2/Vitis/tps/tcl/tcllib2.0/pop3/pkgIndex.tcl 
Execute           source C:/AMDDesignTools/2025.2/Vitis/tps/tcl/tcllib2.0/pop3d/pkgIndex.tcl 
Execute           source C:/AMDDesignTools/2025.2/Vitis/tps/tcl/tcllib2.0/practcl/pkgIndex.tcl 
Execute           source C:/AMDDesignTools/2025.2/Vitis/tps/tcl/tcllib2.0/processman/pkgIndex.tcl 
Execute           source C:/AMDDesignTools/2025.2/Vitis/tps/tcl/tcllib2.0/profiler/pkgIndex.tcl 
Execute           source C:/AMDDesignTools/2025.2/Vitis/tps/tcl/tcllib2.0/pt/pkgIndex.tcl 
Execute           source C:/AMDDesignTools/2025.2/Vitis/tps/tcl/tcllib2.0/rcs/pkgIndex.tcl 
Execute           source C:/AMDDesignTools/2025.2/Vitis/tps/tcl/tcllib2.0/report/pkgIndex.tcl 
Execute           source C:/AMDDesignTools/2025.2/Vitis/tps/tcl/tcllib2.0/rest/pkgIndex.tcl 
Execute           source C:/AMDDesignTools/2025.2/Vitis/tps/tcl/tcllib2.0/ripemd/pkgIndex.tcl 
Execute           source C:/AMDDesignTools/2025.2/Vitis/tps/tcl/tcllib2.0/sasl/pkgIndex.tcl 
Execute           source C:/AMDDesignTools/2025.2/Vitis/tps/tcl/tcllib2.0/sha1/pkgIndex.tcl 
Execute           source C:/AMDDesignTools/2025.2/Vitis/tps/tcl/tcllib2.0/simulation/pkgIndex.tcl 
Execute           source C:/AMDDesignTools/2025.2/Vitis/tps/tcl/tcllib2.0/smtpd/pkgIndex.tcl 
Execute           source C:/AMDDesignTools/2025.2/Vitis/tps/tcl/tcllib2.0/snit/pkgIndex.tcl 
Execute           source C:/AMDDesignTools/2025.2/Vitis/tps/tcl/tcllib2.0/soundex/pkgIndex.tcl 
Execute           source C:/AMDDesignTools/2025.2/Vitis/tps/tcl/tcllib2.0/stooop/pkgIndex.tcl 
Execute           source C:/AMDDesignTools/2025.2/Vitis/tps/tcl/tcllib2.0/string/pkgIndex.tcl 
Execute           source C:/AMDDesignTools/2025.2/Vitis/tps/tcl/tcllib2.0/stringprep/pkgIndex.tcl 
Execute           source C:/AMDDesignTools/2025.2/Vitis/tps/tcl/tcllib2.0/struct/pkgIndex.tcl 
Execute           source C:/AMDDesignTools/2025.2/Vitis/tps/tcl/tcllib2.0/tar/pkgIndex.tcl 
Execute           source C:/AMDDesignTools/2025.2/Vitis/tps/tcl/tcllib2.0/tepam/pkgIndex.tcl 
Execute           source C:/AMDDesignTools/2025.2/Vitis/tps/tcl/tcllib2.0/term/pkgIndex.tcl 
Execute           source C:/AMDDesignTools/2025.2/Vitis/tps/tcl/tcllib2.0/textutil/pkgIndex.tcl 
Execute           source C:/AMDDesignTools/2025.2/Vitis/tps/tcl/tcllib2.0/tie/pkgIndex.tcl 
Execute           source C:/AMDDesignTools/2025.2/Vitis/tps/tcl/tcllib2.0/tiff/pkgIndex.tcl 
Execute           source C:/AMDDesignTools/2025.2/Vitis/tps/tcl/tcllib2.0/tool/pkgIndex.tcl 
Execute           source C:/AMDDesignTools/2025.2/Vitis/tps/tcl/tcllib2.0/transfer/pkgIndex.tcl 
Execute           source C:/AMDDesignTools/2025.2/Vitis/tps/tcl/tcllib2.0/treeql/pkgIndex.tcl 
Execute           source C:/AMDDesignTools/2025.2/Vitis/tps/tcl/tcllib2.0/try/pkgIndex.tcl 
Execute           source C:/AMDDesignTools/2025.2/Vitis/tps/tcl/tcllib2.0/udpcluster/pkgIndex.tcl 
Execute           source C:/AMDDesignTools/2025.2/Vitis/tps/tcl/tcllib2.0/uev/pkgIndex.tcl 
Execute           source C:/AMDDesignTools/2025.2/Vitis/tps/tcl/tcllib2.0/units/pkgIndex.tcl 
Execute           source C:/AMDDesignTools/2025.2/Vitis/tps/tcl/tcllib2.0/uri/pkgIndex.tcl 
Execute           source C:/AMDDesignTools/2025.2/Vitis/tps/tcl/tcllib2.0/uuid/pkgIndex.tcl 
Execute           source C:/AMDDesignTools/2025.2/Vitis/tps/tcl/tcllib2.0/valtype/pkgIndex.tcl 
Execute           source C:/AMDDesignTools/2025.2/Vitis/tps/tcl/tcllib2.0/virtchannel_base/pkgIndex.tcl 
Execute           source C:/AMDDesignTools/2025.2/Vitis/tps/tcl/tcllib2.0/virtchannel_core/pkgIndex.tcl 
Execute           source C:/AMDDesignTools/2025.2/Vitis/tps/tcl/tcllib2.0/virtchannel_transform/pkgIndex.tcl 
Execute           source C:/AMDDesignTools/2025.2/Vitis/tps/tcl/tcllib2.0/websocket/pkgIndex.tcl 
Execute           source C:/AMDDesignTools/2025.2/Vitis/tps/tcl/tcllib2.0/wip/pkgIndex.tcl 
Execute           source C:/AMDDesignTools/2025.2/Vitis/tps/tcl/tcllib2.0/yaml/pkgIndex.tcl 
Execute           source C:/AMDDesignTools/2025.2/Vitis/tps/tcl/tcllib2.0/zip/pkgIndex.tcl 
Execute           source C:/AMDDesignTools/2025.2/Vitis/tps/tcl/tcllib2.0/pkgIndex.tcl 
Execute             source C:/AMDDesignTools/2025.2/Vitis/tps/tcl/tcllib2.0/0compatibility/pkgIndex.tcl 
Execute             source C:/AMDDesignTools/2025.2/Vitis/tps/tcl/tcllib2.0/amazon-s3/pkgIndex.tcl 
Execute             source C:/AMDDesignTools/2025.2/Vitis/tps/tcl/tcllib2.0/asn/pkgIndex.tcl 
Execute             source C:/AMDDesignTools/2025.2/Vitis/tps/tcl/tcllib2.0/base32/pkgIndex.tcl 
Execute             source C:/AMDDesignTools/2025.2/Vitis/tps/tcl/tcllib2.0/base64/pkgIndex.tcl 
Execute             source C:/AMDDesignTools/2025.2/Vitis/tps/tcl/tcllib2.0/bee/pkgIndex.tcl 
Execute             source C:/AMDDesignTools/2025.2/Vitis/tps/tcl/tcllib2.0/bench/pkgIndex.tcl 
Execute             source C:/AMDDesignTools/2025.2/Vitis/tps/tcl/tcllib2.0/bibtex/pkgIndex.tcl 
Execute             source C:/AMDDesignTools/2025.2/Vitis/tps/tcl/tcllib2.0/cache/pkgIndex.tcl 
Execute             source C:/AMDDesignTools/2025.2/Vitis/tps/tcl/tcllib2.0/clay/pkgIndex.tcl 
Execute             source C:/AMDDesignTools/2025.2/Vitis/tps/tcl/tcllib2.0/clock/pkgIndex.tcl 
Execute             source C:/AMDDesignTools/2025.2/Vitis/tps/tcl/tcllib2.0/cmdline/pkgIndex.tcl 
Execute             source C:/AMDDesignTools/2025.2/Vitis/tps/tcl/tcllib2.0/comm/pkgIndex.tcl 
Execute             source C:/AMDDesignTools/2025.2/Vitis/tps/tcl/tcllib2.0/control/pkgIndex.tcl 
Execute             source C:/AMDDesignTools/2025.2/Vitis/tps/tcl/tcllib2.0/coroutine/pkgIndex.tcl 
Execute             source C:/AMDDesignTools/2025.2/Vitis/tps/tcl/tcllib2.0/counter/pkgIndex.tcl 
Execute             source C:/AMDDesignTools/2025.2/Vitis/tps/tcl/tcllib2.0/crc/pkgIndex.tcl 
Execute             source C:/AMDDesignTools/2025.2/Vitis/tps/tcl/tcllib2.0/cron/pkgIndex.tcl 
Execute             source C:/AMDDesignTools/2025.2/Vitis/tps/tcl/tcllib2.0/csv/pkgIndex.tcl 
Execute             source C:/AMDDesignTools/2025.2/Vitis/tps/tcl/tcllib2.0/debug/pkgIndex.tcl 
Execute             source C:/AMDDesignTools/2025.2/Vitis/tps/tcl/tcllib2.0/defer/pkgIndex.tcl 
Execute             source C:/AMDDesignTools/2025.2/Vitis/tps/tcl/tcllib2.0/dicttool/pkgIndex.tcl 
Execute             source C:/AMDDesignTools/2025.2/Vitis/tps/tcl/tcllib2.0/dns/pkgIndex.tcl 
Execute             source C:/AMDDesignTools/2025.2/Vitis/tps/tcl/tcllib2.0/docstrip/pkgIndex.tcl 
Execute             source C:/AMDDesignTools/2025.2/Vitis/tps/tcl/tcllib2.0/doctools/pkgIndex.tcl 
Execute             source C:/AMDDesignTools/2025.2/Vitis/tps/tcl/tcllib2.0/doctools2base/pkgIndex.tcl 
Execute             source C:/AMDDesignTools/2025.2/Vitis/tps/tcl/tcllib2.0/doctools2idx/pkgIndex.tcl 
Execute             source C:/AMDDesignTools/2025.2/Vitis/tps/tcl/tcllib2.0/doctools2toc/pkgIndex.tcl 
Execute             source C:/AMDDesignTools/2025.2/Vitis/tps/tcl/tcllib2.0/dtplite/pkgIndex.tcl 
Execute             source C:/AMDDesignTools/2025.2/Vitis/tps/tcl/tcllib2.0/fileutil/pkgIndex.tcl 
Execute             source C:/AMDDesignTools/2025.2/Vitis/tps/tcl/tcllib2.0/ftp/pkgIndex.tcl 
Execute             source C:/AMDDesignTools/2025.2/Vitis/tps/tcl/tcllib2.0/ftpd/pkgIndex.tcl 
Execute             source C:/AMDDesignTools/2025.2/Vitis/tps/tcl/tcllib2.0/fumagic/pkgIndex.tcl 
Execute             source C:/AMDDesignTools/2025.2/Vitis/tps/tcl/tcllib2.0/generator/pkgIndex.tcl 
Execute             source C:/AMDDesignTools/2025.2/Vitis/tps/tcl/tcllib2.0/gpx/pkgIndex.tcl 
Execute             source C:/AMDDesignTools/2025.2/Vitis/tps/tcl/tcllib2.0/grammar_aycock/pkgIndex.tcl 
Execute             source C:/AMDDesignTools/2025.2/Vitis/tps/tcl/tcllib2.0/grammar_fa/pkgIndex.tcl 
Execute             source C:/AMDDesignTools/2025.2/Vitis/tps/tcl/tcllib2.0/grammar_me/pkgIndex.tcl 
Execute             source C:/AMDDesignTools/2025.2/Vitis/tps/tcl/tcllib2.0/grammar_peg/pkgIndex.tcl 
Execute             source C:/AMDDesignTools/2025.2/Vitis/tps/tcl/tcllib2.0/hook/pkgIndex.tcl 
Execute             source C:/AMDDesignTools/2025.2/Vitis/tps/tcl/tcllib2.0/html/pkgIndex.tcl 
Execute             source C:/AMDDesignTools/2025.2/Vitis/tps/tcl/tcllib2.0/htmlparse/pkgIndex.tcl 
Execute             source C:/AMDDesignTools/2025.2/Vitis/tps/tcl/tcllib2.0/http/pkgIndex.tcl 
Execute             source C:/AMDDesignTools/2025.2/Vitis/tps/tcl/tcllib2.0/httpd/pkgIndex.tcl 
Execute             source C:/AMDDesignTools/2025.2/Vitis/tps/tcl/tcllib2.0/httpwget/pkgIndex.tcl 
Execute             source C:/AMDDesignTools/2025.2/Vitis/tps/tcl/tcllib2.0/ident/pkgIndex.tcl 
Execute             source C:/AMDDesignTools/2025.2/Vitis/tps/tcl/tcllib2.0/imap4/pkgIndex.tcl 
Execute             source C:/AMDDesignTools/2025.2/Vitis/tps/tcl/tcllib2.0/inifile/pkgIndex.tcl 
Execute             source C:/AMDDesignTools/2025.2/Vitis/tps/tcl/tcllib2.0/interp/pkgIndex.tcl 
Execute             source C:/AMDDesignTools/2025.2/Vitis/tps/tcl/tcllib2.0/irc/pkgIndex.tcl 
Execute             source C:/AMDDesignTools/2025.2/Vitis/tps/tcl/tcllib2.0/javascript/pkgIndex.tcl 
Execute             source C:/AMDDesignTools/2025.2/Vitis/tps/tcl/tcllib2.0/jpeg/pkgIndex.tcl 
Execute             source C:/AMDDesignTools/2025.2/Vitis/tps/tcl/tcllib2.0/json/pkgIndex.tcl 
Execute             source C:/AMDDesignTools/2025.2/Vitis/tps/tcl/tcllib2.0/lambda/pkgIndex.tcl 
Execute             source C:/AMDDesignTools/2025.2/Vitis/tps/tcl/tcllib2.0/lazyset/pkgIndex.tcl 
Execute             source C:/AMDDesignTools/2025.2/Vitis/tps/tcl/tcllib2.0/ldap/pkgIndex.tcl 
Execute             source C:/AMDDesignTools/2025.2/Vitis/tps/tcl/tcllib2.0/log/pkgIndex.tcl 
Execute             source C:/AMDDesignTools/2025.2/Vitis/tps/tcl/tcllib2.0/map/pkgIndex.tcl 
Execute             source C:/AMDDesignTools/2025.2/Vitis/tps/tcl/tcllib2.0/mapproj/pkgIndex.tcl 
Execute             source C:/AMDDesignTools/2025.2/Vitis/tps/tcl/tcllib2.0/markdown/pkgIndex.tcl 
Execute             source C:/AMDDesignTools/2025.2/Vitis/tps/tcl/tcllib2.0/math/pkgIndex.tcl 
Execute             source C:/AMDDesignTools/2025.2/Vitis/tps/tcl/tcllib2.0/md4/pkgIndex.tcl 
Execute             source C:/AMDDesignTools/2025.2/Vitis/tps/tcl/tcllib2.0/md5/pkgIndex.tcl 
Execute             source C:/AMDDesignTools/2025.2/Vitis/tps/tcl/tcllib2.0/md5crypt/pkgIndex.tcl 
Execute             source C:/AMDDesignTools/2025.2/Vitis/tps/tcl/tcllib2.0/mime/pkgIndex.tcl 
Execute             source C:/AMDDesignTools/2025.2/Vitis/tps/tcl/tcllib2.0/mkdoc/pkgIndex.tcl 
Execute             source C:/AMDDesignTools/2025.2/Vitis/tps/tcl/tcllib2.0/multiplexer/pkgIndex.tcl 
Execute             source C:/AMDDesignTools/2025.2/Vitis/tps/tcl/tcllib2.0/namespacex/pkgIndex.tcl 
Execute             source C:/AMDDesignTools/2025.2/Vitis/tps/tcl/tcllib2.0/ncgi/pkgIndex.tcl 
Execute             source C:/AMDDesignTools/2025.2/Vitis/tps/tcl/tcllib2.0/nettool/pkgIndex.tcl 
Execute             source C:/AMDDesignTools/2025.2/Vitis/tps/tcl/tcllib2.0/nmea/pkgIndex.tcl 
Execute             source C:/AMDDesignTools/2025.2/Vitis/tps/tcl/tcllib2.0/nns/pkgIndex.tcl 
Execute             source C:/AMDDesignTools/2025.2/Vitis/tps/tcl/tcllib2.0/nntp/pkgIndex.tcl 
Execute             source C:/AMDDesignTools/2025.2/Vitis/tps/tcl/tcllib2.0/ntp/pkgIndex.tcl 
Execute             source C:/AMDDesignTools/2025.2/Vitis/tps/tcl/tcllib2.0/oauth/pkgIndex.tcl 
Execute             source C:/AMDDesignTools/2025.2/Vitis/tps/tcl/tcllib2.0/oodialect/pkgIndex.tcl 
Execute             source C:/AMDDesignTools/2025.2/Vitis/tps/tcl/tcllib2.0/oometa/pkgIndex.tcl 
Execute             source C:/AMDDesignTools/2025.2/Vitis/tps/tcl/tcllib2.0/ooutil/pkgIndex.tcl 
Execute             source C:/AMDDesignTools/2025.2/Vitis/tps/tcl/tcllib2.0/otp/pkgIndex.tcl 
Execute             source C:/AMDDesignTools/2025.2/Vitis/tps/tcl/tcllib2.0/page/pkgIndex.tcl 
Execute             source C:/AMDDesignTools/2025.2/Vitis/tps/tcl/tcllib2.0/pluginmgr/pkgIndex.tcl 
Execute             source C:/AMDDesignTools/2025.2/Vitis/tps/tcl/tcllib2.0/png/pkgIndex.tcl 
Execute             source C:/AMDDesignTools/2025.2/Vitis/tps/tcl/tcllib2.0/pop3/pkgIndex.tcl 
Execute             source C:/AMDDesignTools/2025.2/Vitis/tps/tcl/tcllib2.0/pop3d/pkgIndex.tcl 
Execute             source C:/AMDDesignTools/2025.2/Vitis/tps/tcl/tcllib2.0/practcl/pkgIndex.tcl 
Execute             source C:/AMDDesignTools/2025.2/Vitis/tps/tcl/tcllib2.0/processman/pkgIndex.tcl 
Execute             source C:/AMDDesignTools/2025.2/Vitis/tps/tcl/tcllib2.0/profiler/pkgIndex.tcl 
Execute             source C:/AMDDesignTools/2025.2/Vitis/tps/tcl/tcllib2.0/pt/pkgIndex.tcl 
Execute             source C:/AMDDesignTools/2025.2/Vitis/tps/tcl/tcllib2.0/rcs/pkgIndex.tcl 
Execute             source C:/AMDDesignTools/2025.2/Vitis/tps/tcl/tcllib2.0/report/pkgIndex.tcl 
Execute             source C:/AMDDesignTools/2025.2/Vitis/tps/tcl/tcllib2.0/rest/pkgIndex.tcl 
Execute             source C:/AMDDesignTools/2025.2/Vitis/tps/tcl/tcllib2.0/ripemd/pkgIndex.tcl 
Execute             source C:/AMDDesignTools/2025.2/Vitis/tps/tcl/tcllib2.0/sasl/pkgIndex.tcl 
Execute             source C:/AMDDesignTools/2025.2/Vitis/tps/tcl/tcllib2.0/sha1/pkgIndex.tcl 
Execute             source C:/AMDDesignTools/2025.2/Vitis/tps/tcl/tcllib2.0/simulation/pkgIndex.tcl 
Execute             source C:/AMDDesignTools/2025.2/Vitis/tps/tcl/tcllib2.0/smtpd/pkgIndex.tcl 
Execute             source C:/AMDDesignTools/2025.2/Vitis/tps/tcl/tcllib2.0/snit/pkgIndex.tcl 
Execute             source C:/AMDDesignTools/2025.2/Vitis/tps/tcl/tcllib2.0/soundex/pkgIndex.tcl 
Execute             source C:/AMDDesignTools/2025.2/Vitis/tps/tcl/tcllib2.0/stooop/pkgIndex.tcl 
Execute             source C:/AMDDesignTools/2025.2/Vitis/tps/tcl/tcllib2.0/string/pkgIndex.tcl 
Execute             source C:/AMDDesignTools/2025.2/Vitis/tps/tcl/tcllib2.0/stringprep/pkgIndex.tcl 
Execute             source C:/AMDDesignTools/2025.2/Vitis/tps/tcl/tcllib2.0/struct/pkgIndex.tcl 
Execute             source C:/AMDDesignTools/2025.2/Vitis/tps/tcl/tcllib2.0/tar/pkgIndex.tcl 
Execute             source C:/AMDDesignTools/2025.2/Vitis/tps/tcl/tcllib2.0/tepam/pkgIndex.tcl 
Execute             source C:/AMDDesignTools/2025.2/Vitis/tps/tcl/tcllib2.0/term/pkgIndex.tcl 
Execute             source C:/AMDDesignTools/2025.2/Vitis/tps/tcl/tcllib2.0/textutil/pkgIndex.tcl 
Execute             source C:/AMDDesignTools/2025.2/Vitis/tps/tcl/tcllib2.0/tie/pkgIndex.tcl 
Execute             source C:/AMDDesignTools/2025.2/Vitis/tps/tcl/tcllib2.0/tiff/pkgIndex.tcl 
Execute             source C:/AMDDesignTools/2025.2/Vitis/tps/tcl/tcllib2.0/tool/pkgIndex.tcl 
Execute             source C:/AMDDesignTools/2025.2/Vitis/tps/tcl/tcllib2.0/transfer/pkgIndex.tcl 
Execute             source C:/AMDDesignTools/2025.2/Vitis/tps/tcl/tcllib2.0/treeql/pkgIndex.tcl 
Execute             source C:/AMDDesignTools/2025.2/Vitis/tps/tcl/tcllib2.0/try/pkgIndex.tcl 
Execute             source C:/AMDDesignTools/2025.2/Vitis/tps/tcl/tcllib2.0/udpcluster/pkgIndex.tcl 
Execute             source C:/AMDDesignTools/2025.2/Vitis/tps/tcl/tcllib2.0/uev/pkgIndex.tcl 
Execute             source C:/AMDDesignTools/2025.2/Vitis/tps/tcl/tcllib2.0/units/pkgIndex.tcl 
Execute             source C:/AMDDesignTools/2025.2/Vitis/tps/tcl/tcllib2.0/uri/pkgIndex.tcl 
Execute             source C:/AMDDesignTools/2025.2/Vitis/tps/tcl/tcllib2.0/uuid/pkgIndex.tcl 
Execute             source C:/AMDDesignTools/2025.2/Vitis/tps/tcl/tcllib2.0/valtype/pkgIndex.tcl 
Execute             source C:/AMDDesignTools/2025.2/Vitis/tps/tcl/tcllib2.0/virtchannel_base/pkgIndex.tcl 
Execute             source C:/AMDDesignTools/2025.2/Vitis/tps/tcl/tcllib2.0/virtchannel_core/pkgIndex.tcl 
Execute             source C:/AMDDesignTools/2025.2/Vitis/tps/tcl/tcllib2.0/virtchannel_transform/pkgIndex.tcl 
Execute             source C:/AMDDesignTools/2025.2/Vitis/tps/tcl/tcllib2.0/websocket/pkgIndex.tcl 
Execute             source C:/AMDDesignTools/2025.2/Vitis/tps/tcl/tcllib2.0/wip/pkgIndex.tcl 
Execute             source C:/AMDDesignTools/2025.2/Vitis/tps/tcl/tcllib2.0/yaml/pkgIndex.tcl 
Execute             source C:/AMDDesignTools/2025.2/Vitis/tps/tcl/tcllib2.0/zip/pkgIndex.tcl 
Execute           source C:/AMDDesignTools/2025.2/Vitis/tps/tcl/tdom/pkgIndex.tcl 
Execute           source C:/AMDDesignTools/2025.2/Vitis/tps/tcl/tk8.6/pkgIndex.tcl 
Execute           source C:/AMDDesignTools/2025.2/Vitis/tps/tcl/tcl8.6/opt0.4/pkgIndex.tcl 
Execute           source C:/AMDDesignTools/2025.2/Vitis/tps/tcl/tcl8.6/pkgs/win/thread2.8.7/pkgIndex.tcl 
Command         ap_source done; 0.183 sec.
Execute         source C:/AMDDesignTools/2025.2/Vitis/tps/tcl/tcllib2.0/0compatibility/pkgIndex.tcl 
Execute         source C:/AMDDesignTools/2025.2/Vitis/tps/tcl/tcllib2.0/amazon-s3/pkgIndex.tcl 
Execute         source C:/AMDDesignTools/2025.2/Vitis/tps/tcl/tcllib2.0/asn/pkgIndex.tcl 
Execute         source C:/AMDDesignTools/2025.2/Vitis/tps/tcl/tcllib2.0/base32/pkgIndex.tcl 
Execute         source C:/AMDDesignTools/2025.2/Vitis/tps/tcl/tcllib2.0/base64/pkgIndex.tcl 
Execute         source C:/AMDDesignTools/2025.2/Vitis/tps/tcl/tcllib2.0/bee/pkgIndex.tcl 
Execute         source C:/AMDDesignTools/2025.2/Vitis/tps/tcl/tcllib2.0/bench/pkgIndex.tcl 
Execute         source C:/AMDDesignTools/2025.2/Vitis/tps/tcl/tcllib2.0/bibtex/pkgIndex.tcl 
Execute         source C:/AMDDesignTools/2025.2/Vitis/tps/tcl/tcllib2.0/cache/pkgIndex.tcl 
Execute         source C:/AMDDesignTools/2025.2/Vitis/tps/tcl/tcllib2.0/clay/pkgIndex.tcl 
Execute         source C:/AMDDesignTools/2025.2/Vitis/tps/tcl/tcllib2.0/clock/pkgIndex.tcl 
Execute         source C:/AMDDesignTools/2025.2/Vitis/tps/tcl/tcllib2.0/cmdline/pkgIndex.tcl 
Execute         source C:/AMDDesignTools/2025.2/Vitis/tps/tcl/tcllib2.0/comm/pkgIndex.tcl 
Execute         source C:/AMDDesignTools/2025.2/Vitis/tps/tcl/tcllib2.0/control/pkgIndex.tcl 
Execute         source C:/AMDDesignTools/2025.2/Vitis/tps/tcl/tcllib2.0/coroutine/pkgIndex.tcl 
Execute         source C:/AMDDesignTools/2025.2/Vitis/tps/tcl/tcllib2.0/counter/pkgIndex.tcl 
Execute         source C:/AMDDesignTools/2025.2/Vitis/tps/tcl/tcllib2.0/crc/pkgIndex.tcl 
Execute         source C:/AMDDesignTools/2025.2/Vitis/tps/tcl/tcllib2.0/cron/pkgIndex.tcl 
Execute         source C:/AMDDesignTools/2025.2/Vitis/tps/tcl/tcllib2.0/csv/pkgIndex.tcl 
Execute         source C:/AMDDesignTools/2025.2/Vitis/tps/tcl/tcllib2.0/debug/pkgIndex.tcl 
Execute         source C:/AMDDesignTools/2025.2/Vitis/tps/tcl/tcllib2.0/defer/pkgIndex.tcl 
Execute         source C:/AMDDesignTools/2025.2/Vitis/tps/tcl/tcllib2.0/dicttool/pkgIndex.tcl 
Execute         source C:/AMDDesignTools/2025.2/Vitis/tps/tcl/tcllib2.0/dns/pkgIndex.tcl 
Execute         source C:/AMDDesignTools/2025.2/Vitis/tps/tcl/tcllib2.0/docstrip/pkgIndex.tcl 
Execute         source C:/AMDDesignTools/2025.2/Vitis/tps/tcl/tcllib2.0/doctools/pkgIndex.tcl 
Execute         source C:/AMDDesignTools/2025.2/Vitis/tps/tcl/tcllib2.0/doctools2base/pkgIndex.tcl 
Execute         source C:/AMDDesignTools/2025.2/Vitis/tps/tcl/tcllib2.0/doctools2idx/pkgIndex.tcl 
Execute         source C:/AMDDesignTools/2025.2/Vitis/tps/tcl/tcllib2.0/doctools2toc/pkgIndex.tcl 
Execute         source C:/AMDDesignTools/2025.2/Vitis/tps/tcl/tcllib2.0/dtplite/pkgIndex.tcl 
Execute         source C:/AMDDesignTools/2025.2/Vitis/tps/tcl/tcllib2.0/fileutil/pkgIndex.tcl 
Execute         source C:/AMDDesignTools/2025.2/Vitis/tps/tcl/tcllib2.0/ftp/pkgIndex.tcl 
Execute         source C:/AMDDesignTools/2025.2/Vitis/tps/tcl/tcllib2.0/ftpd/pkgIndex.tcl 
Execute         source C:/AMDDesignTools/2025.2/Vitis/tps/tcl/tcllib2.0/fumagic/pkgIndex.tcl 
Execute         source C:/AMDDesignTools/2025.2/Vitis/tps/tcl/tcllib2.0/generator/pkgIndex.tcl 
Execute         source C:/AMDDesignTools/2025.2/Vitis/tps/tcl/tcllib2.0/gpx/pkgIndex.tcl 
Execute         source C:/AMDDesignTools/2025.2/Vitis/tps/tcl/tcllib2.0/grammar_aycock/pkgIndex.tcl 
Execute         source C:/AMDDesignTools/2025.2/Vitis/tps/tcl/tcllib2.0/grammar_fa/pkgIndex.tcl 
Execute         source C:/AMDDesignTools/2025.2/Vitis/tps/tcl/tcllib2.0/grammar_me/pkgIndex.tcl 
Execute         source C:/AMDDesignTools/2025.2/Vitis/tps/tcl/tcllib2.0/grammar_peg/pkgIndex.tcl 
Execute         source C:/AMDDesignTools/2025.2/Vitis/tps/tcl/tcllib2.0/hook/pkgIndex.tcl 
Execute         source C:/AMDDesignTools/2025.2/Vitis/tps/tcl/tcllib2.0/html/pkgIndex.tcl 
Execute         source C:/AMDDesignTools/2025.2/Vitis/tps/tcl/tcllib2.0/htmlparse/pkgIndex.tcl 
Execute         source C:/AMDDesignTools/2025.2/Vitis/tps/tcl/tcllib2.0/http/pkgIndex.tcl 
Execute         source C:/AMDDesignTools/2025.2/Vitis/tps/tcl/tcllib2.0/httpd/pkgIndex.tcl 
Execute         source C:/AMDDesignTools/2025.2/Vitis/tps/tcl/tcllib2.0/httpwget/pkgIndex.tcl 
Execute         source C:/AMDDesignTools/2025.2/Vitis/tps/tcl/tcllib2.0/ident/pkgIndex.tcl 
Execute         source C:/AMDDesignTools/2025.2/Vitis/tps/tcl/tcllib2.0/imap4/pkgIndex.tcl 
Execute         source C:/AMDDesignTools/2025.2/Vitis/tps/tcl/tcllib2.0/inifile/pkgIndex.tcl 
Execute         source C:/AMDDesignTools/2025.2/Vitis/tps/tcl/tcllib2.0/interp/pkgIndex.tcl 
Execute         source C:/AMDDesignTools/2025.2/Vitis/tps/tcl/tcllib2.0/irc/pkgIndex.tcl 
Execute         source C:/AMDDesignTools/2025.2/Vitis/tps/tcl/tcllib2.0/javascript/pkgIndex.tcl 
Execute         source C:/AMDDesignTools/2025.2/Vitis/tps/tcl/tcllib2.0/jpeg/pkgIndex.tcl 
Execute         source C:/AMDDesignTools/2025.2/Vitis/tps/tcl/tcllib2.0/json/pkgIndex.tcl 
Execute         source C:/AMDDesignTools/2025.2/Vitis/tps/tcl/tcllib2.0/lambda/pkgIndex.tcl 
Execute         source C:/AMDDesignTools/2025.2/Vitis/tps/tcl/tcllib2.0/lazyset/pkgIndex.tcl 
Execute         source C:/AMDDesignTools/2025.2/Vitis/tps/tcl/tcllib2.0/ldap/pkgIndex.tcl 
Execute         source C:/AMDDesignTools/2025.2/Vitis/tps/tcl/tcllib2.0/log/pkgIndex.tcl 
Execute         source C:/AMDDesignTools/2025.2/Vitis/tps/tcl/tcllib2.0/map/pkgIndex.tcl 
Execute         source C:/AMDDesignTools/2025.2/Vitis/tps/tcl/tcllib2.0/mapproj/pkgIndex.tcl 
Execute         source C:/AMDDesignTools/2025.2/Vitis/tps/tcl/tcllib2.0/markdown/pkgIndex.tcl 
Execute         source C:/AMDDesignTools/2025.2/Vitis/tps/tcl/tcllib2.0/math/pkgIndex.tcl 
Execute         source C:/AMDDesignTools/2025.2/Vitis/tps/tcl/tcllib2.0/md4/pkgIndex.tcl 
Execute         source C:/AMDDesignTools/2025.2/Vitis/tps/tcl/tcllib2.0/md5/pkgIndex.tcl 
Execute         source C:/AMDDesignTools/2025.2/Vitis/tps/tcl/tcllib2.0/md5crypt/pkgIndex.tcl 
Execute         source C:/AMDDesignTools/2025.2/Vitis/tps/tcl/tcllib2.0/mime/pkgIndex.tcl 
Execute         source C:/AMDDesignTools/2025.2/Vitis/tps/tcl/tcllib2.0/mkdoc/pkgIndex.tcl 
Execute         source C:/AMDDesignTools/2025.2/Vitis/tps/tcl/tcllib2.0/multiplexer/pkgIndex.tcl 
Execute         source C:/AMDDesignTools/2025.2/Vitis/tps/tcl/tcllib2.0/namespacex/pkgIndex.tcl 
Execute         source C:/AMDDesignTools/2025.2/Vitis/tps/tcl/tcllib2.0/ncgi/pkgIndex.tcl 
Execute         source C:/AMDDesignTools/2025.2/Vitis/tps/tcl/tcllib2.0/nettool/pkgIndex.tcl 
Execute         source C:/AMDDesignTools/2025.2/Vitis/tps/tcl/tcllib2.0/nmea/pkgIndex.tcl 
Execute         source C:/AMDDesignTools/2025.2/Vitis/tps/tcl/tcllib2.0/nns/pkgIndex.tcl 
Execute         source C:/AMDDesignTools/2025.2/Vitis/tps/tcl/tcllib2.0/nntp/pkgIndex.tcl 
Execute         source C:/AMDDesignTools/2025.2/Vitis/tps/tcl/tcllib2.0/ntp/pkgIndex.tcl 
Execute         source C:/AMDDesignTools/2025.2/Vitis/tps/tcl/tcllib2.0/oauth/pkgIndex.tcl 
Execute         source C:/AMDDesignTools/2025.2/Vitis/tps/tcl/tcllib2.0/oodialect/pkgIndex.tcl 
Execute         source C:/AMDDesignTools/2025.2/Vitis/tps/tcl/tcllib2.0/oometa/pkgIndex.tcl 
Execute         source C:/AMDDesignTools/2025.2/Vitis/tps/tcl/tcllib2.0/ooutil/pkgIndex.tcl 
Execute         source C:/AMDDesignTools/2025.2/Vitis/tps/tcl/tcllib2.0/otp/pkgIndex.tcl 
Execute         source C:/AMDDesignTools/2025.2/Vitis/tps/tcl/tcllib2.0/page/pkgIndex.tcl 
Execute         source C:/AMDDesignTools/2025.2/Vitis/tps/tcl/tcllib2.0/pluginmgr/pkgIndex.tcl 
Execute         source C:/AMDDesignTools/2025.2/Vitis/tps/tcl/tcllib2.0/png/pkgIndex.tcl 
Execute         source C:/AMDDesignTools/2025.2/Vitis/tps/tcl/tcllib2.0/pop3/pkgIndex.tcl 
Execute         source C:/AMDDesignTools/2025.2/Vitis/tps/tcl/tcllib2.0/pop3d/pkgIndex.tcl 
Execute         source C:/AMDDesignTools/2025.2/Vitis/tps/tcl/tcllib2.0/practcl/pkgIndex.tcl 
Execute         source C:/AMDDesignTools/2025.2/Vitis/tps/tcl/tcllib2.0/processman/pkgIndex.tcl 
Execute         source C:/AMDDesignTools/2025.2/Vitis/tps/tcl/tcllib2.0/profiler/pkgIndex.tcl 
Execute         source C:/AMDDesignTools/2025.2/Vitis/tps/tcl/tcllib2.0/pt/pkgIndex.tcl 
Execute         source C:/AMDDesignTools/2025.2/Vitis/tps/tcl/tcllib2.0/rcs/pkgIndex.tcl 
Execute         source C:/AMDDesignTools/2025.2/Vitis/tps/tcl/tcllib2.0/report/pkgIndex.tcl 
Execute         source C:/AMDDesignTools/2025.2/Vitis/tps/tcl/tcllib2.0/rest/pkgIndex.tcl 
Execute         source C:/AMDDesignTools/2025.2/Vitis/tps/tcl/tcllib2.0/ripemd/pkgIndex.tcl 
Execute         source C:/AMDDesignTools/2025.2/Vitis/tps/tcl/tcllib2.0/sasl/pkgIndex.tcl 
Execute         source C:/AMDDesignTools/2025.2/Vitis/tps/tcl/tcllib2.0/sha1/pkgIndex.tcl 
Execute         source C:/AMDDesignTools/2025.2/Vitis/tps/tcl/tcllib2.0/simulation/pkgIndex.tcl 
Execute         source C:/AMDDesignTools/2025.2/Vitis/tps/tcl/tcllib2.0/smtpd/pkgIndex.tcl 
Execute         source C:/AMDDesignTools/2025.2/Vitis/tps/tcl/tcllib2.0/snit/pkgIndex.tcl 
Execute         source C:/AMDDesignTools/2025.2/Vitis/tps/tcl/tcllib2.0/soundex/pkgIndex.tcl 
Execute         source C:/AMDDesignTools/2025.2/Vitis/tps/tcl/tcllib2.0/stooop/pkgIndex.tcl 
Execute         source C:/AMDDesignTools/2025.2/Vitis/tps/tcl/tcllib2.0/string/pkgIndex.tcl 
Execute         source C:/AMDDesignTools/2025.2/Vitis/tps/tcl/tcllib2.0/stringprep/pkgIndex.tcl 
Execute         source C:/AMDDesignTools/2025.2/Vitis/tps/tcl/tcllib2.0/struct/pkgIndex.tcl 
Execute         source C:/AMDDesignTools/2025.2/Vitis/tps/tcl/tcllib2.0/tar/pkgIndex.tcl 
Execute         source C:/AMDDesignTools/2025.2/Vitis/tps/tcl/tcllib2.0/tepam/pkgIndex.tcl 
Execute         source C:/AMDDesignTools/2025.2/Vitis/tps/tcl/tcllib2.0/term/pkgIndex.tcl 
Execute         source C:/AMDDesignTools/2025.2/Vitis/tps/tcl/tcllib2.0/textutil/pkgIndex.tcl 
Execute         source C:/AMDDesignTools/2025.2/Vitis/tps/tcl/tcllib2.0/tie/pkgIndex.tcl 
Execute         source C:/AMDDesignTools/2025.2/Vitis/tps/tcl/tcllib2.0/tiff/pkgIndex.tcl 
Execute         source C:/AMDDesignTools/2025.2/Vitis/tps/tcl/tcllib2.0/tool/pkgIndex.tcl 
Execute         source C:/AMDDesignTools/2025.2/Vitis/tps/tcl/tcllib2.0/transfer/pkgIndex.tcl 
Execute         source C:/AMDDesignTools/2025.2/Vitis/tps/tcl/tcllib2.0/treeql/pkgIndex.tcl 
Execute         source C:/AMDDesignTools/2025.2/Vitis/tps/tcl/tcllib2.0/try/pkgIndex.tcl 
Execute         source C:/AMDDesignTools/2025.2/Vitis/tps/tcl/tcllib2.0/udpcluster/pkgIndex.tcl 
Execute         source C:/AMDDesignTools/2025.2/Vitis/tps/tcl/tcllib2.0/uev/pkgIndex.tcl 
Execute         source C:/AMDDesignTools/2025.2/Vitis/tps/tcl/tcllib2.0/units/pkgIndex.tcl 
Execute         source C:/AMDDesignTools/2025.2/Vitis/tps/tcl/tcllib2.0/uri/pkgIndex.tcl 
Execute         source C:/AMDDesignTools/2025.2/Vitis/tps/tcl/tcllib2.0/uuid/pkgIndex.tcl 
Execute         source C:/AMDDesignTools/2025.2/Vitis/tps/tcl/tcllib2.0/valtype/pkgIndex.tcl 
Execute         source C:/AMDDesignTools/2025.2/Vitis/tps/tcl/tcllib2.0/virtchannel_base/pkgIndex.tcl 
Execute         source C:/AMDDesignTools/2025.2/Vitis/tps/tcl/tcllib2.0/virtchannel_core/pkgIndex.tcl 
Execute         source C:/AMDDesignTools/2025.2/Vitis/tps/tcl/tcllib2.0/virtchannel_transform/pkgIndex.tcl 
Execute         source C:/AMDDesignTools/2025.2/Vitis/tps/tcl/tcllib2.0/websocket/pkgIndex.tcl 
Execute         source C:/AMDDesignTools/2025.2/Vitis/tps/tcl/tcllib2.0/wip/pkgIndex.tcl 
Execute         source C:/AMDDesignTools/2025.2/Vitis/tps/tcl/tcllib2.0/yaml/pkgIndex.tcl 
Execute         source C:/AMDDesignTools/2025.2/Vitis/tps/tcl/tcllib2.0/zip/pkgIndex.tcl 
Execute         source C:/AMDDesignTools/2025.2/Vitis/tps/tcl/tcllib2.0/pkgIndex.tcl 
Execute           source C:/AMDDesignTools/2025.2/Vitis/tps/tcl/tcllib2.0/0compatibility/pkgIndex.tcl 
Execute           source C:/AMDDesignTools/2025.2/Vitis/tps/tcl/tcllib2.0/amazon-s3/pkgIndex.tcl 
Execute           source C:/AMDDesignTools/2025.2/Vitis/tps/tcl/tcllib2.0/asn/pkgIndex.tcl 
Execute           source C:/AMDDesignTools/2025.2/Vitis/tps/tcl/tcllib2.0/base32/pkgIndex.tcl 
Execute           source C:/AMDDesignTools/2025.2/Vitis/tps/tcl/tcllib2.0/base64/pkgIndex.tcl 
Execute           source C:/AMDDesignTools/2025.2/Vitis/tps/tcl/tcllib2.0/bee/pkgIndex.tcl 
Execute           source C:/AMDDesignTools/2025.2/Vitis/tps/tcl/tcllib2.0/bench/pkgIndex.tcl 
Execute           source C:/AMDDesignTools/2025.2/Vitis/tps/tcl/tcllib2.0/bibtex/pkgIndex.tcl 
Execute           source C:/AMDDesignTools/2025.2/Vitis/tps/tcl/tcllib2.0/cache/pkgIndex.tcl 
Execute           source C:/AMDDesignTools/2025.2/Vitis/tps/tcl/tcllib2.0/clay/pkgIndex.tcl 
Execute           source C:/AMDDesignTools/2025.2/Vitis/tps/tcl/tcllib2.0/clock/pkgIndex.tcl 
Execute           source C:/AMDDesignTools/2025.2/Vitis/tps/tcl/tcllib2.0/cmdline/pkgIndex.tcl 
Execute           source C:/AMDDesignTools/2025.2/Vitis/tps/tcl/tcllib2.0/comm/pkgIndex.tcl 
Execute           source C:/AMDDesignTools/2025.2/Vitis/tps/tcl/tcllib2.0/control/pkgIndex.tcl 
Execute           source C:/AMDDesignTools/2025.2/Vitis/tps/tcl/tcllib2.0/coroutine/pkgIndex.tcl 
Execute           source C:/AMDDesignTools/2025.2/Vitis/tps/tcl/tcllib2.0/counter/pkgIndex.tcl 
Execute           source C:/AMDDesignTools/2025.2/Vitis/tps/tcl/tcllib2.0/crc/pkgIndex.tcl 
Execute           source C:/AMDDesignTools/2025.2/Vitis/tps/tcl/tcllib2.0/cron/pkgIndex.tcl 
Execute           source C:/AMDDesignTools/2025.2/Vitis/tps/tcl/tcllib2.0/csv/pkgIndex.tcl 
Execute           source C:/AMDDesignTools/2025.2/Vitis/tps/tcl/tcllib2.0/debug/pkgIndex.tcl 
Execute           source C:/AMDDesignTools/2025.2/Vitis/tps/tcl/tcllib2.0/defer/pkgIndex.tcl 
Execute           source C:/AMDDesignTools/2025.2/Vitis/tps/tcl/tcllib2.0/dicttool/pkgIndex.tcl 
Execute           source C:/AMDDesignTools/2025.2/Vitis/tps/tcl/tcllib2.0/dns/pkgIndex.tcl 
Execute           source C:/AMDDesignTools/2025.2/Vitis/tps/tcl/tcllib2.0/docstrip/pkgIndex.tcl 
Execute           source C:/AMDDesignTools/2025.2/Vitis/tps/tcl/tcllib2.0/doctools/pkgIndex.tcl 
Execute           source C:/AMDDesignTools/2025.2/Vitis/tps/tcl/tcllib2.0/doctools2base/pkgIndex.tcl 
Execute           source C:/AMDDesignTools/2025.2/Vitis/tps/tcl/tcllib2.0/doctools2idx/pkgIndex.tcl 
Execute           source C:/AMDDesignTools/2025.2/Vitis/tps/tcl/tcllib2.0/doctools2toc/pkgIndex.tcl 
Execute           source C:/AMDDesignTools/2025.2/Vitis/tps/tcl/tcllib2.0/dtplite/pkgIndex.tcl 
Execute           source C:/AMDDesignTools/2025.2/Vitis/tps/tcl/tcllib2.0/fileutil/pkgIndex.tcl 
Execute           source C:/AMDDesignTools/2025.2/Vitis/tps/tcl/tcllib2.0/ftp/pkgIndex.tcl 
Execute           source C:/AMDDesignTools/2025.2/Vitis/tps/tcl/tcllib2.0/ftpd/pkgIndex.tcl 
Execute           source C:/AMDDesignTools/2025.2/Vitis/tps/tcl/tcllib2.0/fumagic/pkgIndex.tcl 
Execute           source C:/AMDDesignTools/2025.2/Vitis/tps/tcl/tcllib2.0/generator/pkgIndex.tcl 
Execute           source C:/AMDDesignTools/2025.2/Vitis/tps/tcl/tcllib2.0/gpx/pkgIndex.tcl 
Execute           source C:/AMDDesignTools/2025.2/Vitis/tps/tcl/tcllib2.0/grammar_aycock/pkgIndex.tcl 
Execute           source C:/AMDDesignTools/2025.2/Vitis/tps/tcl/tcllib2.0/grammar_fa/pkgIndex.tcl 
Execute           source C:/AMDDesignTools/2025.2/Vitis/tps/tcl/tcllib2.0/grammar_me/pkgIndex.tcl 
Execute           source C:/AMDDesignTools/2025.2/Vitis/tps/tcl/tcllib2.0/grammar_peg/pkgIndex.tcl 
Execute           source C:/AMDDesignTools/2025.2/Vitis/tps/tcl/tcllib2.0/hook/pkgIndex.tcl 
Execute           source C:/AMDDesignTools/2025.2/Vitis/tps/tcl/tcllib2.0/html/pkgIndex.tcl 
Execute           source C:/AMDDesignTools/2025.2/Vitis/tps/tcl/tcllib2.0/htmlparse/pkgIndex.tcl 
Execute           source C:/AMDDesignTools/2025.2/Vitis/tps/tcl/tcllib2.0/http/pkgIndex.tcl 
Execute           source C:/AMDDesignTools/2025.2/Vitis/tps/tcl/tcllib2.0/httpd/pkgIndex.tcl 
Execute           source C:/AMDDesignTools/2025.2/Vitis/tps/tcl/tcllib2.0/httpwget/pkgIndex.tcl 
Execute           source C:/AMDDesignTools/2025.2/Vitis/tps/tcl/tcllib2.0/ident/pkgIndex.tcl 
Execute           source C:/AMDDesignTools/2025.2/Vitis/tps/tcl/tcllib2.0/imap4/pkgIndex.tcl 
Execute           source C:/AMDDesignTools/2025.2/Vitis/tps/tcl/tcllib2.0/inifile/pkgIndex.tcl 
Execute           source C:/AMDDesignTools/2025.2/Vitis/tps/tcl/tcllib2.0/interp/pkgIndex.tcl 
Execute           source C:/AMDDesignTools/2025.2/Vitis/tps/tcl/tcllib2.0/irc/pkgIndex.tcl 
Execute           source C:/AMDDesignTools/2025.2/Vitis/tps/tcl/tcllib2.0/javascript/pkgIndex.tcl 
Execute           source C:/AMDDesignTools/2025.2/Vitis/tps/tcl/tcllib2.0/jpeg/pkgIndex.tcl 
Execute           source C:/AMDDesignTools/2025.2/Vitis/tps/tcl/tcllib2.0/json/pkgIndex.tcl 
Execute           source C:/AMDDesignTools/2025.2/Vitis/tps/tcl/tcllib2.0/lambda/pkgIndex.tcl 
Execute           source C:/AMDDesignTools/2025.2/Vitis/tps/tcl/tcllib2.0/lazyset/pkgIndex.tcl 
Execute           source C:/AMDDesignTools/2025.2/Vitis/tps/tcl/tcllib2.0/ldap/pkgIndex.tcl 
Execute           source C:/AMDDesignTools/2025.2/Vitis/tps/tcl/tcllib2.0/log/pkgIndex.tcl 
Execute           source C:/AMDDesignTools/2025.2/Vitis/tps/tcl/tcllib2.0/map/pkgIndex.tcl 
Execute           source C:/AMDDesignTools/2025.2/Vitis/tps/tcl/tcllib2.0/mapproj/pkgIndex.tcl 
Execute           source C:/AMDDesignTools/2025.2/Vitis/tps/tcl/tcllib2.0/markdown/pkgIndex.tcl 
Execute           source C:/AMDDesignTools/2025.2/Vitis/tps/tcl/tcllib2.0/math/pkgIndex.tcl 
Execute           source C:/AMDDesignTools/2025.2/Vitis/tps/tcl/tcllib2.0/md4/pkgIndex.tcl 
Execute           source C:/AMDDesignTools/2025.2/Vitis/tps/tcl/tcllib2.0/md5/pkgIndex.tcl 
Execute           source C:/AMDDesignTools/2025.2/Vitis/tps/tcl/tcllib2.0/md5crypt/pkgIndex.tcl 
Execute           source C:/AMDDesignTools/2025.2/Vitis/tps/tcl/tcllib2.0/mime/pkgIndex.tcl 
Execute           source C:/AMDDesignTools/2025.2/Vitis/tps/tcl/tcllib2.0/mkdoc/pkgIndex.tcl 
Execute           source C:/AMDDesignTools/2025.2/Vitis/tps/tcl/tcllib2.0/multiplexer/pkgIndex.tcl 
Execute           source C:/AMDDesignTools/2025.2/Vitis/tps/tcl/tcllib2.0/namespacex/pkgIndex.tcl 
Execute           source C:/AMDDesignTools/2025.2/Vitis/tps/tcl/tcllib2.0/ncgi/pkgIndex.tcl 
Execute           source C:/AMDDesignTools/2025.2/Vitis/tps/tcl/tcllib2.0/nettool/pkgIndex.tcl 
Execute           source C:/AMDDesignTools/2025.2/Vitis/tps/tcl/tcllib2.0/nmea/pkgIndex.tcl 
Execute           source C:/AMDDesignTools/2025.2/Vitis/tps/tcl/tcllib2.0/nns/pkgIndex.tcl 
Execute           source C:/AMDDesignTools/2025.2/Vitis/tps/tcl/tcllib2.0/nntp/pkgIndex.tcl 
Execute           source C:/AMDDesignTools/2025.2/Vitis/tps/tcl/tcllib2.0/ntp/pkgIndex.tcl 
Execute           source C:/AMDDesignTools/2025.2/Vitis/tps/tcl/tcllib2.0/oauth/pkgIndex.tcl 
Execute           source C:/AMDDesignTools/2025.2/Vitis/tps/tcl/tcllib2.0/oodialect/pkgIndex.tcl 
Execute           source C:/AMDDesignTools/2025.2/Vitis/tps/tcl/tcllib2.0/oometa/pkgIndex.tcl 
Execute           source C:/AMDDesignTools/2025.2/Vitis/tps/tcl/tcllib2.0/ooutil/pkgIndex.tcl 
Execute           source C:/AMDDesignTools/2025.2/Vitis/tps/tcl/tcllib2.0/otp/pkgIndex.tcl 
Execute           source C:/AMDDesignTools/2025.2/Vitis/tps/tcl/tcllib2.0/page/pkgIndex.tcl 
Execute           source C:/AMDDesignTools/2025.2/Vitis/tps/tcl/tcllib2.0/pluginmgr/pkgIndex.tcl 
Execute           source C:/AMDDesignTools/2025.2/Vitis/tps/tcl/tcllib2.0/png/pkgIndex.tcl 
Execute           source C:/AMDDesignTools/2025.2/Vitis/tps/tcl/tcllib2.0/pop3/pkgIndex.tcl 
Execute           source C:/AMDDesignTools/2025.2/Vitis/tps/tcl/tcllib2.0/pop3d/pkgIndex.tcl 
Execute           source C:/AMDDesignTools/2025.2/Vitis/tps/tcl/tcllib2.0/practcl/pkgIndex.tcl 
Execute           source C:/AMDDesignTools/2025.2/Vitis/tps/tcl/tcllib2.0/processman/pkgIndex.tcl 
Execute           source C:/AMDDesignTools/2025.2/Vitis/tps/tcl/tcllib2.0/profiler/pkgIndex.tcl 
Execute           source C:/AMDDesignTools/2025.2/Vitis/tps/tcl/tcllib2.0/pt/pkgIndex.tcl 
Execute           source C:/AMDDesignTools/2025.2/Vitis/tps/tcl/tcllib2.0/rcs/pkgIndex.tcl 
Execute           source C:/AMDDesignTools/2025.2/Vitis/tps/tcl/tcllib2.0/report/pkgIndex.tcl 
Execute           source C:/AMDDesignTools/2025.2/Vitis/tps/tcl/tcllib2.0/rest/pkgIndex.tcl 
Execute           source C:/AMDDesignTools/2025.2/Vitis/tps/tcl/tcllib2.0/ripemd/pkgIndex.tcl 
Execute           source C:/AMDDesignTools/2025.2/Vitis/tps/tcl/tcllib2.0/sasl/pkgIndex.tcl 
Execute           source C:/AMDDesignTools/2025.2/Vitis/tps/tcl/tcllib2.0/sha1/pkgIndex.tcl 
Execute           source C:/AMDDesignTools/2025.2/Vitis/tps/tcl/tcllib2.0/simulation/pkgIndex.tcl 
Execute           source C:/AMDDesignTools/2025.2/Vitis/tps/tcl/tcllib2.0/smtpd/pkgIndex.tcl 
Execute           source C:/AMDDesignTools/2025.2/Vitis/tps/tcl/tcllib2.0/snit/pkgIndex.tcl 
Execute           source C:/AMDDesignTools/2025.2/Vitis/tps/tcl/tcllib2.0/soundex/pkgIndex.tcl 
Execute           source C:/AMDDesignTools/2025.2/Vitis/tps/tcl/tcllib2.0/stooop/pkgIndex.tcl 
Execute           source C:/AMDDesignTools/2025.2/Vitis/tps/tcl/tcllib2.0/string/pkgIndex.tcl 
Execute           source C:/AMDDesignTools/2025.2/Vitis/tps/tcl/tcllib2.0/stringprep/pkgIndex.tcl 
Execute           source C:/AMDDesignTools/2025.2/Vitis/tps/tcl/tcllib2.0/struct/pkgIndex.tcl 
Execute           source C:/AMDDesignTools/2025.2/Vitis/tps/tcl/tcllib2.0/tar/pkgIndex.tcl 
Execute           source C:/AMDDesignTools/2025.2/Vitis/tps/tcl/tcllib2.0/tepam/pkgIndex.tcl 
Execute           source C:/AMDDesignTools/2025.2/Vitis/tps/tcl/tcllib2.0/term/pkgIndex.tcl 
Execute           source C:/AMDDesignTools/2025.2/Vitis/tps/tcl/tcllib2.0/textutil/pkgIndex.tcl 
Execute           source C:/AMDDesignTools/2025.2/Vitis/tps/tcl/tcllib2.0/tie/pkgIndex.tcl 
Execute           source C:/AMDDesignTools/2025.2/Vitis/tps/tcl/tcllib2.0/tiff/pkgIndex.tcl 
Execute           source C:/AMDDesignTools/2025.2/Vitis/tps/tcl/tcllib2.0/tool/pkgIndex.tcl 
Execute           source C:/AMDDesignTools/2025.2/Vitis/tps/tcl/tcllib2.0/transfer/pkgIndex.tcl 
Execute           source C:/AMDDesignTools/2025.2/Vitis/tps/tcl/tcllib2.0/treeql/pkgIndex.tcl 
Execute           source C:/AMDDesignTools/2025.2/Vitis/tps/tcl/tcllib2.0/try/pkgIndex.tcl 
Execute           source C:/AMDDesignTools/2025.2/Vitis/tps/tcl/tcllib2.0/udpcluster/pkgIndex.tcl 
Execute           source C:/AMDDesignTools/2025.2/Vitis/tps/tcl/tcllib2.0/uev/pkgIndex.tcl 
Execute           source C:/AMDDesignTools/2025.2/Vitis/tps/tcl/tcllib2.0/units/pkgIndex.tcl 
Execute           source C:/AMDDesignTools/2025.2/Vitis/tps/tcl/tcllib2.0/uri/pkgIndex.tcl 
Execute           source C:/AMDDesignTools/2025.2/Vitis/tps/tcl/tcllib2.0/uuid/pkgIndex.tcl 
Execute           source C:/AMDDesignTools/2025.2/Vitis/tps/tcl/tcllib2.0/valtype/pkgIndex.tcl 
Execute           source C:/AMDDesignTools/2025.2/Vitis/tps/tcl/tcllib2.0/virtchannel_base/pkgIndex.tcl 
Execute           source C:/AMDDesignTools/2025.2/Vitis/tps/tcl/tcllib2.0/virtchannel_core/pkgIndex.tcl 
Execute           source C:/AMDDesignTools/2025.2/Vitis/tps/tcl/tcllib2.0/virtchannel_transform/pkgIndex.tcl 
Execute           source C:/AMDDesignTools/2025.2/Vitis/tps/tcl/tcllib2.0/websocket/pkgIndex.tcl 
Execute           source C:/AMDDesignTools/2025.2/Vitis/tps/tcl/tcllib2.0/wip/pkgIndex.tcl 
Execute           source C:/AMDDesignTools/2025.2/Vitis/tps/tcl/tcllib2.0/yaml/pkgIndex.tcl 
Execute           source C:/AMDDesignTools/2025.2/Vitis/tps/tcl/tcllib2.0/zip/pkgIndex.tcl 
Execute         source C:/AMDDesignTools/2025.2/Vitis/tps/tcl/tdom/pkgIndex.tcl 
Execute         source C:/AMDDesignTools/2025.2/Vitis/tps/tcl/tk8.6/pkgIndex.tcl 
Execute         source C:/AMDDesignTools/2025.2/Vitis/tps/tcl/tcl8.6/opt0.4/pkgIndex.tcl 
Execute         source C:/AMDDesignTools/2025.2/Vitis/tps/tcl/tcl8.6/pkgs/win/thread2.8.7/pkgIndex.tcl 
Command       ap_source done; 0.365 sec.
INFO-FLOW: Workspace C:/Users/vempa/Documents/Projects/RADAR_Chirp_Engine/ChirpGenerator/ChirpGenerator/hls opened at Tue Aug 18 15:57:49 +0530 2026
Execute       source C:/Users/vempa/Documents/Projects/RADAR_Chirp_Engine/ChirpGenerator/ChirpGenerator/hls/.autopilot/db/global.setting.tcl 
Execute       set_part xc7z020-clg484-1 
Execute         create_platform xc7z020-clg484-1 -board  
DBG:HLSDevice: Trying to load device library: C:/AMDDesignTools/2025.2/Vitis\lib\win64.o\xv_hlsvwrap.dll
DBG:HLSDevice: first parts/arch.xml in RDI_DATADIR: C:/AMDDesignTools/2025.2/Vivado/data/parts/arch.xml
DBG:HLSDevice: init success
INFO: [HLS 200-1611] Setting target device to 'xc7z020-clg484-1'
Command         create_platform done; 0.68 sec.
Execute         source C:/AMDDesignTools/2025.2/Vitis/common/technology/xilinx/common/xilinx.gen 
Execute           source C:/AMDDesignTools/2025.2/Vitis/common/technology/xilinx/interface/plb46.gen 
Execute           source C:/AMDDesignTools/2025.2/Vitis/common/technology/xilinx/interface/axi4.gen 
Execute           source C:/AMDDesignTools/2025.2/Vitis/common/technology/xilinx/interface/nativeAXI4.gen 
Execute             source C:/AMDDesignTools/2025.2/Vitis/common/technology/xilinx/interface/saxilite.gen 
Execute           source C:/AMDDesignTools/2025.2/Vitis/common/technology/xilinx/scripts/xilinxcoregen.gen 
Execute           source C:/AMDDesignTools/2025.2/Vitis/common/technology/xilinx/interface/XilEDKCoreGen.gen 
Execute           source C:/AMDDesignTools/2025.2/Vitis/common/technology/xilinx/ip/dds_compiler.gen 
Execute           source C:/AMDDesignTools/2025.2/Vitis/common/technology/xilinx/ip/util.gen 
Execute           source C:/AMDDesignTools/2025.2/Vitis/common/technology/xilinx/ip/xfft.gen 
Execute           source C:/AMDDesignTools/2025.2/Vitis/common/technology/xilinx/ip/xfir.gen 
Execute           source C:/AMDDesignTools/2025.2/Vitis/common/technology/xilinx/DSP48/dsp48.gen 
Execute         ap_part_info -name xc7z020-clg484-1 -data info 
Execute         config_compile -quiet -complex-mul-dsp=0 
Command       set_part done; 0.754 sec.
Execute       send_msg_by_id INFO @200-1505@%s%s default  vivado 
INFO: [HLS 200-1505] Using default flow_target 'vivado'
Execute       send_msg_by_id INFO @200-2174@%s%s component hls_config.cfg 
INFO: [HLS 200-2174] Applying component config ini file hls_config.cfg
Execute       apply_ini hls_config.cfg 
Execute         send_msg_by_id INFO @200-1465@%s 'syn.file=chirp.cpp' from hls_config.cfg(7) 
INFO: [HLS 200-1465] Applying config ini 'syn.file=chirp.cpp' from hls_config.cfg(7)
Execute         add_files C:/Users/vempa/Documents/Projects/RADAR_Chirp_Engine/ChirpGenerator/chirp.cpp 
INFO: [HLS 200-10] Adding design file 'C:/Users/vempa/Documents/Projects/RADAR_Chirp_Engine/ChirpGenerator/chirp.cpp' to the project
Execute         send_msg_by_id INFO @200-1465@%s 'syn.file=chirp.h' from hls_config.cfg(8) 
INFO: [HLS 200-1465] Applying config ini 'syn.file=chirp.h' from hls_config.cfg(8)
Execute         add_files C:/Users/vempa/Documents/Projects/RADAR_Chirp_Engine/ChirpGenerator/chirp.h 
INFO: [HLS 200-10] Adding design file 'C:/Users/vempa/Documents/Projects/RADAR_Chirp_Engine/ChirpGenerator/chirp.h' to the project
Execute         send_msg_by_id INFO @200-1465@%s 'tb.file=chirp_tb.cpp' from hls_config.cfg(9) 
INFO: [HLS 200-1465] Applying config ini 'tb.file=chirp_tb.cpp' from hls_config.cfg(9)
Execute         add_files -tb C:/Users/vempa/Documents/Projects/RADAR_Chirp_Engine/ChirpGenerator/chirp_tb.cpp 
INFO: [HLS 200-10] Adding test bench file 'C:/Users/vempa/Documents/Projects/RADAR_Chirp_Engine/ChirpGenerator/chirp_tb.cpp' to the project
Execute         send_msg_by_id INFO @200-1465@%s 'syn.top=chirp' from hls_config.cfg(10) 
INFO: [HLS 200-1465] Applying config ini 'syn.top=chirp' from hls_config.cfg(10)
Execute         set_top chirp 
Execute         send_msg_by_id INFO @200-1465@%s 'flow_target=vivado' from hls_config.cfg(4) 
INFO: [HLS 200-1465] Applying config ini 'flow_target=vivado' from hls_config.cfg(4)
Execute         send_msg_by_id INFO @200-1505@%s%s  vivado 
INFO: [HLS 200-1505] Using flow_target 'vivado'
Execute         send_msg_by_id INFO @200-1465@%s 'part=xc7z020clg484-1' from hls_config.cfg(1) 
INFO: [HLS 200-1465] Applying config ini 'part=xc7z020clg484-1' from hls_config.cfg(1)
Execute         set_part xc7z020clg484-1 
Execute           create_platform xc7z020clg484-1 -board  
Command           create_platform done; 0.115 sec.
Execute           source C:/AMDDesignTools/2025.2/Vitis/common/technology/xilinx/common/xilinx.gen 
Execute             source C:/AMDDesignTools/2025.2/Vitis/common/technology/xilinx/interface/plb46.gen 
Execute             source C:/AMDDesignTools/2025.2/Vitis/common/technology/xilinx/interface/axi4.gen 
Execute             source C:/AMDDesignTools/2025.2/Vitis/common/technology/xilinx/interface/nativeAXI4.gen 
Execute               source C:/AMDDesignTools/2025.2/Vitis/common/technology/xilinx/interface/saxilite.gen 
Execute             source C:/AMDDesignTools/2025.2/Vitis/common/technology/xilinx/scripts/xilinxcoregen.gen 
Execute             source C:/AMDDesignTools/2025.2/Vitis/common/technology/xilinx/interface/XilEDKCoreGen.gen 
Execute             source C:/AMDDesignTools/2025.2/Vitis/common/technology/xilinx/ip/dds_compiler.gen 
Execute             source C:/AMDDesignTools/2025.2/Vitis/common/technology/xilinx/ip/util.gen 
Execute             source C:/AMDDesignTools/2025.2/Vitis/common/technology/xilinx/ip/xfft.gen 
Execute             source C:/AMDDesignTools/2025.2/Vitis/common/technology/xilinx/ip/xfir.gen 
Execute             source C:/AMDDesignTools/2025.2/Vitis/common/technology/xilinx/DSP48/dsp48.gen 
Execute           ap_part_info -name xc7z020-clg484-1 -data info 
Execute           config_compile -quiet -complex-mul-dsp=0 
Command         set_part done; 0.185 sec.
Execute         send_msg_by_id INFO @200-1465@%s 'package.output.format=ip_catalog' from hls_config.cfg(5) 
INFO: [HLS 200-1465] Applying config ini 'package.output.format=ip_catalog' from hls_config.cfg(5)
Execute         config_export -format=ip_catalog 
Command       apply_ini done; 0.22 sec.
Execute       write_component -config C:/Users/vempa/Documents/Projects/RADAR_Chirp_Engine/ChirpGenerator/hls_config.cfg 
Execute         send_msg_by_id INFO @200-2176@%s C:/Users/vempa/Documents/Projects/RADAR_Chirp_Engine/ChirpGenerator/ChirpGenerator/vitis-comp.json 
INFO: [HLS 200-2176] Writing Vitis IDE component file C:/Users/vempa/Documents/Projects/RADAR_Chirp_Engine/ChirpGenerator/ChirpGenerator/vitis-comp.json
Command     open_solution done; 1.386 sec.
Command   open_component done; 1.39 sec.
Execute   apply_ini C:/Users/vempa/Documents/Projects/RADAR_Chirp_Engine/ChirpGenerator/ChirpGenerator/hls/config.cmdline -iscmdline 
Execute   ::AP::init_summary_file package-ip 
Execute     AP::app_get_file_relativeroot [AP::app_get_root] {}
Execute     AP::get_vpp_package_output_file
Execute   export_design -flow none 
Execute     config_export -flow=none 
INFO-FLOW: DBG:PUTS: export_design_wrap: -format ip_catalog -rtl verilog
Execute     source C:/Users/vempa/Documents/Projects/RADAR_Chirp_Engine/ChirpGenerator/ChirpGenerator/hls/.autopilot/db/global.setting.tcl 
INFO-FLOW: DBG:PUTS:   auto_impl: pack: -export -rtl verilog
INFO-FLOW: DBG:PROC: ::AESL_AUTOIMPL::auto_impl args='-export -rtl verilog'
Execute     source C:/Users/vempa/Documents/Projects/RADAR_Chirp_Engine/ChirpGenerator/ChirpGenerator/hls/.autopilot/db/global.setting.tcl 
INFO: [IMPL 213-8] Exporting RTL as a Vivado IP.
INFO-FLOW: DBG:PUTS: automg_wrap -export -pcore_version 1.00.a -rtl vlog -tool Vivado -impltomg_flag
INFO-FLOW: DBG:PROC: ::AESL_AUTOMG::auto_generate args='-export -pcore_version 1.00.a -rtl vlog -tool Vivado -impltomg_flag'
INFO-FLOW: DBG:PUTS:     auto_generate -export -pcore_version 1.00.a -rtl vlog -tool Vivado -impltomg_flag
Execute     source C:/Users/vempa/Documents/Projects/RADAR_Chirp_Engine/ChirpGenerator/ChirpGenerator/hls/.autopilot/db/global.setting.tcl 
INFO-FLOW: DBG:PUTS: read_platform_lib C:/Users/vempa/Documents/Projects/RADAR_Chirp_Engine/ChirpGenerator/ChirpGenerator/hls/.autopilot/db/global.setting.tcl
Execute     source C:/AMDDesignTools/2025.2/Vitis/common/technology/generic/autopilot/common.gen 
Execute       source C:/AMDDesignTools/2025.2/Vitis/common/technology/generic/autopilot/APCoreGen.gen 
Execute     source C:/AMDDesignTools/2025.2/Vitis/common/technology/generic/autopilot/op.gen 
Execute     source C:/AMDDesignTools/2025.2/Vitis/common/technology/generic/autopilot/op_simcore.gen 
Execute     source C:/AMDDesignTools/2025.2/Vitis/common/technology/generic/autopilot/interface.gen 
Execute     source C:/Users/vempa/Documents/Projects/RADAR_Chirp_Engine/ChirpGenerator/ChirpGenerator/hls/.autopilot/db/global.setting.tcl 
Execute     source C:/AMDDesignTools/2025.2/Vitis/common/technology/xilinx/common/xilinx.gen 
Execute       source C:/AMDDesignTools/2025.2/Vitis/common/technology/xilinx/interface/plb46.gen 
Execute       source C:/AMDDesignTools/2025.2/Vitis/common/technology/xilinx/interface/axi4.gen 
Execute       source C:/AMDDesignTools/2025.2/Vitis/common/technology/xilinx/interface/nativeAXI4.gen 
Execute         source C:/AMDDesignTools/2025.2/Vitis/common/technology/xilinx/interface/saxilite.gen 
Execute       source C:/AMDDesignTools/2025.2/Vitis/common/technology/xilinx/scripts/xilinxcoregen.gen 
Execute       source C:/AMDDesignTools/2025.2/Vitis/common/technology/xilinx/interface/XilEDKCoreGen.gen 
Execute       source C:/AMDDesignTools/2025.2/Vitis/common/technology/xilinx/ip/dds_compiler.gen 
Execute       source C:/AMDDesignTools/2025.2/Vitis/common/technology/xilinx/ip/util.gen 
Execute       source C:/AMDDesignTools/2025.2/Vitis/common/technology/xilinx/ip/xfft.gen 
Execute       source C:/AMDDesignTools/2025.2/Vitis/common/technology/xilinx/ip/xfir.gen 
Execute       source C:/AMDDesignTools/2025.2/Vitis/common/technology/xilinx/DSP48/dsp48.gen 
INFO-FLOW: DBG:PUTS:   using AESL_AUTOCG::g_clock_period=10.000 (was NA)
INFO-FLOW: DBG:PUTS:       initCTypeInfo top_module=chirp xml_exists=0
Execute     source C:/Users/vempa/Documents/Projects/RADAR_Chirp_Engine/ChirpGenerator/ChirpGenerator/hls/.autopilot/db/chirp.rtl_wrap.cfg.tcl 
Execute     source C:/Users/vempa/Documents/Projects/RADAR_Chirp_Engine/ChirpGenerator/ChirpGenerator/hls/.autopilot/db/chirp.rtl_wrap.cfg.tcl 
Execute     source C:/Users/vempa/Documents/Projects/RADAR_Chirp_Engine/ChirpGenerator/ChirpGenerator/hls/.autopilot/db/chirp.rtl_wrap.cfg.tcl 
Execute     source C:/Users/vempa/Documents/Projects/RADAR_Chirp_Engine/ChirpGenerator/ChirpGenerator/hls/.autopilot/db/chirp.tbgen.tcl 
Execute     source C:/Users/vempa/Documents/Projects/RADAR_Chirp_Engine/ChirpGenerator/ChirpGenerator/hls/.autopilot/db/chirp.tbgen.tcl 
Execute     source C:/Users/vempa/Documents/Projects/RADAR_Chirp_Engine/ChirpGenerator/ChirpGenerator/hls/.autopilot/db/chirp.tbgen.tcl 
Execute     source C:/Users/vempa/Documents/Projects/RADAR_Chirp_Engine/ChirpGenerator/ChirpGenerator/hls/.autopilot/db/global.setting.tcl 
Execute     source C:/Users/vempa/Documents/Projects/RADAR_Chirp_Engine/ChirpGenerator/ChirpGenerator/hls/.autopilot/db/chirp.tbgen.tcl 
Execute     source C:/Users/vempa/Documents/Projects/RADAR_Chirp_Engine/ChirpGenerator/ChirpGenerator/hls/.autopilot/db/cosimDB.tcl 
INFO-FLOW: DBG:PUTS:       cosim_export_main adding deadlock detection to chirp
INFO-FLOW: DBG:PUTS:       generate_datafile_ip_script ip_types={vitis sysgen} #gSsdmPorts=0
INFO-FLOW: DBG:PUTS: Skipping loadAnalyze_DB, #g_database=9
INFO-FLOW: DBG:PUTS:       generate_json generate_bd_files=0 generate_xo_files=false #modelList=27 #gSsdmPorts=0
INFO-FLOW: DBG:PROC: ::AP::DESIGN_DATA::generate_json generate_bd_files='0' generate_xo_files='false' modelList='chirp_fadd_32ns_32ns_32_5_full_dsp_1
chirp_fmul_32ns_32ns_32_4_max_dsp_1
chirp_sitofp_32ns_32_6_no_dsp_1
chirp_fptrunc_64ns_32_2_no_dsp_1
chirp_fpext_32ns_64_2_no_dsp_1
chirp_fcmp_32ns_32ns_1_2_no_dsp_1
chirp_dmul_64ns_64ns_64_7_max_dsp_1
chirp_mul_23s_22ns_45_1_1
chirp_mul_30s_29ns_58_2_1
chirp_mul_80s_24ns_80_5_1
chirp_sparsemux_17_3_1_1_1
chirp_sparsemux_33_4_1_1_1
chirp_sparsemux_33_4_1_1_1
chirp_ctlz_30_30_1_1
chirp_mul_15ns_15ns_30_1_1
chirp_mul_15ns_15s_30_1_1
chirp_ctlz_32_32_1_1
chirp_chirp_Pipeline_VITIS_LOOP_60_1_VITIS_LOOP_63_2_ref_4oPi_table_100_ROM_1P_LUTRbkb
chirp_chirp_Pipeline_VITIS_LOOP_60_1_VITIS_LOOP_63_2_second_order_float_sin_cos_K0_cud
chirp_chirp_Pipeline_VITIS_LOOP_60_1_VITIS_LOOP_63_2_second_order_float_sin_cos_K1_dEe
chirp_chirp_Pipeline_VITIS_LOOP_60_1_VITIS_LOOP_63_2_second_order_float_sin_cos_K2_eOg
chirp_flow_control_loop_pipe_sequential_init
chirp_fmul_32ns_32ns_32_4_max_dsp_1
chirp_fdiv_32ns_32ns_32_16_no_dsp_1
chirp_mul_31ns_31ns_62_2_1
chirp_Pipeline_VITIS_LOOP_60_1_VITIS_LOOP_63_2
chirp
' rtl_lang='vlog' bootstrap_tcl='false' outdir='' outfilename=''
Execute     source C:/Users/vempa/Documents/Projects/RADAR_Chirp_Engine/ChirpGenerator/ChirpGenerator/hls/.autopilot/db/global.setting.tcl 
Execute     source C:/Users/vempa/Documents/Projects/RADAR_Chirp_Engine/ChirpGenerator/ChirpGenerator/hls/.autopilot/db/global.setting.tcl 
Execute     source C:/Users/vempa/Documents/Projects/RADAR_Chirp_Engine/ChirpGenerator/ChirpGenerator/hls/.autopilot/db/top-io-be.tcl 
Execute     source C:/Users/vempa/Documents/Projects/RADAR_Chirp_Engine/ChirpGenerator/ChirpGenerator/hls/.autopilot/db/chirp.tbgen.tcl 
Execute     source C:/Users/vempa/Documents/Projects/RADAR_Chirp_Engine/ChirpGenerator/ChirpGenerator/hls/.autopilot/db/chirp.rtl_wrap.cfg.tcl 
Execute     source C:/Users/vempa/Documents/Projects/RADAR_Chirp_Engine/ChirpGenerator/ChirpGenerator/hls/.autopilot/db/chirp.compgen.dataonly.tcl 
Execute     source C:/Users/vempa/Documents/Projects/RADAR_Chirp_Engine/ChirpGenerator/ChirpGenerator/hls/.autopilot/db/chirp_Pipeline_VITIS_LOOP_60_1_VITIS_LOOP_63_2.tbgen.tcl 
Execute     source C:/Users/vempa/Documents/Projects/RADAR_Chirp_Engine/ChirpGenerator/ChirpGenerator/hls/.autopilot/db/chirp.tbgen.tcl 
Execute     source C:/Users/vempa/Documents/Projects/RADAR_Chirp_Engine/ChirpGenerator/ChirpGenerator/hls/.autopilot/db/global.setting.tcl 
Execute     ap_part_info -name xc7z020-clg484-1 -data names -quiet 
Execute     ap_part_info -name xc7z020-clg484-1 -data info -quiet 
Execute     source C:/Users/vempa/Documents/Projects/RADAR_Chirp_Engine/ChirpGenerator/ChirpGenerator/hls/.autopilot/db/chirp.constraint.tcl 
Execute     sc_get_clocks chirp 
Execute     source C:/Users/vempa/Documents/Projects/RADAR_Chirp_Engine/ChirpGenerator/ChirpGenerator/hls/.autopilot/db/global.setting.tcl 
Execute     source C:/AMDDesignTools/2025.2/Vitis/tps/tcl/tcllib2.0/fileutil/fileutil.tcl 
Execute       source C:/AMDDesignTools/2025.2/Vitis/tps/tcl/tcllib2.0/cmdline/cmdline.tcl 
Execute     source C:/Users/vempa/Documents/Projects/RADAR_Chirp_Engine/ChirpGenerator/ChirpGenerator/hls/impl/misc/chirp_dmul_64ns_64ns_64_7_max_dsp_1_ip.tcl 
Execute     source C:/Users/vempa/Documents/Projects/RADAR_Chirp_Engine/ChirpGenerator/ChirpGenerator/hls/impl/misc/chirp_fadd_32ns_32ns_32_5_full_dsp_1_ip.tcl 
Execute     source C:/Users/vempa/Documents/Projects/RADAR_Chirp_Engine/ChirpGenerator/ChirpGenerator/hls/impl/misc/chirp_fcmp_32ns_32ns_1_2_no_dsp_1_ip.tcl 
Execute     source C:/Users/vempa/Documents/Projects/RADAR_Chirp_Engine/ChirpGenerator/ChirpGenerator/hls/impl/misc/chirp_fdiv_32ns_32ns_32_16_no_dsp_1_ip.tcl 
Execute     source C:/Users/vempa/Documents/Projects/RADAR_Chirp_Engine/ChirpGenerator/ChirpGenerator/hls/impl/misc/chirp_fmul_32ns_32ns_32_4_max_dsp_1_ip.tcl 
Execute     source C:/Users/vempa/Documents/Projects/RADAR_Chirp_Engine/ChirpGenerator/ChirpGenerator/hls/impl/misc/chirp_fpext_32ns_64_2_no_dsp_1_ip.tcl 
Execute     source C:/Users/vempa/Documents/Projects/RADAR_Chirp_Engine/ChirpGenerator/ChirpGenerator/hls/impl/misc/chirp_fptrunc_64ns_32_2_no_dsp_1_ip.tcl 
Execute     source C:/Users/vempa/Documents/Projects/RADAR_Chirp_Engine/ChirpGenerator/ChirpGenerator/hls/impl/misc/chirp_sitofp_32ns_32_6_no_dsp_1_ip.tcl 
INFO-FLOW: DBG:PUTS:       generate_syn_sh
Execute     ap_part_info -name xc7z020-clg484-1 -data names -quiet 
Execute     ap_part_info -name xc7z020-clg484-1 -data info -quiet 
Execute     source C:/Users/vempa/Documents/Projects/RADAR_Chirp_Engine/ChirpGenerator/ChirpGenerator/hls/.autopilot/db/global.setting.tcl 
INFO-FLOW: DBG:PUTS:       generate_imp_constraints
Execute     ap_part_info -name xc7z020-clg484-1 -data names -quiet 
Execute     ap_part_info -name xc7z020-clg484-1 -data info -quiet 
Execute     source C:/Users/vempa/Documents/Projects/RADAR_Chirp_Engine/ChirpGenerator/ChirpGenerator/hls/.autopilot/db/chirp.constraint.tcl 
Execute     source C:/Users/vempa/Documents/Projects/RADAR_Chirp_Engine/ChirpGenerator/ChirpGenerator/hls/.autopilot/db/chirp.tbgen.tcl 
INFO-FLOW: DBG:PUTS:       delete-temp-dirs pwd=C:/Users/vempa/Documents/Projects/RADAR_Chirp_Engine/ChirpGenerator/ChirpGenerator/hls
Execute     ap_part_info -name xc7z020-clg484-1 -data names -quiet 
Execute     ap_part_info -name xc7z020-clg484-1 -data info -quiet 
INFO-FLOW: DBG:PUTS: read_platform_lib C:/Users/vempa/Documents/Projects/RADAR_Chirp_Engine/ChirpGenerator/ChirpGenerator/hls/.autopilot/db/global.setting.tcl
Execute     source C:/AMDDesignTools/2025.2/Vitis/common/technology/generic/autopilot/common.gen 
Execute       source C:/AMDDesignTools/2025.2/Vitis/common/technology/generic/autopilot/APCoreGen.gen 
Execute     source C:/AMDDesignTools/2025.2/Vitis/common/technology/generic/autopilot/op.gen 
Execute     source C:/AMDDesignTools/2025.2/Vitis/common/technology/generic/autopilot/op_simcore.gen 
Execute     source C:/AMDDesignTools/2025.2/Vitis/common/technology/generic/autopilot/interface.gen 
Execute     source C:/Users/vempa/Documents/Projects/RADAR_Chirp_Engine/ChirpGenerator/ChirpGenerator/hls/.autopilot/db/global.setting.tcl 
Execute     source C:/AMDDesignTools/2025.2/Vitis/common/technology/xilinx/common/xilinx.gen 
Execute       source C:/AMDDesignTools/2025.2/Vitis/common/technology/xilinx/interface/plb46.gen 
Execute       source C:/AMDDesignTools/2025.2/Vitis/common/technology/xilinx/interface/axi4.gen 
Execute       source C:/AMDDesignTools/2025.2/Vitis/common/technology/xilinx/interface/nativeAXI4.gen 
Execute         source C:/AMDDesignTools/2025.2/Vitis/common/technology/xilinx/interface/saxilite.gen 
Execute       source C:/AMDDesignTools/2025.2/Vitis/common/technology/xilinx/scripts/xilinxcoregen.gen 
Execute       source C:/AMDDesignTools/2025.2/Vitis/common/technology/xilinx/interface/XilEDKCoreGen.gen 
Execute       source C:/AMDDesignTools/2025.2/Vitis/common/technology/xilinx/ip/dds_compiler.gen 
Execute       source C:/AMDDesignTools/2025.2/Vitis/common/technology/xilinx/ip/util.gen 
Execute       source C:/AMDDesignTools/2025.2/Vitis/common/technology/xilinx/ip/xfft.gen 
Execute       source C:/AMDDesignTools/2025.2/Vitis/common/technology/xilinx/ip/xfir.gen 
Execute       source C:/AMDDesignTools/2025.2/Vitis/common/technology/xilinx/DSP48/dsp48.gen 
INFO-FLOW: DBG:PUTS:     IP package: exec C:/Users/vempa/Documents/Projects/RADAR_Chirp_Engine/ChirpGenerator/ChirpGenerator/hls/impl/ip/pack.bat
INFO-FLOW: DBG:PUTS:     IP package: success C:/Users/vempa/Documents/Projects/RADAR_Chirp_Engine/ChirpGenerator/ChirpGenerator/hls/impl/ip/pack.bat
Execute     send_msg_by_id INFO @200-802@%s ChirpGenerator/chirp.zip 
INFO: [HLS 200-802] Generated output file ChirpGenerator/chirp.zip
Command   export_design done; 25.334 sec.
Execute   close_project 
Execute     close_solution 
Execute       cleanup_all 
Execute       cleanup_all 
Execute       source -notrace -encoding utf-8 C:/AMDDesignTools/2025.2/Vitis/tps/tcl/tcl8.6/clock.tcl 
Execute         source -encoding utf-8 C:/AMDDesignTools/2025.2/Vitis/tps/tcl/tcl8/8.5/msgcat-1.6.1.tm 
Execute           source C:/AMDDesignTools/2025.2/Vitis/tps/tcl/tcllib2.0/0compatibility/pkgIndex.tcl 
Execute           source C:/AMDDesignTools/2025.2/Vitis/tps/tcl/tcllib2.0/amazon-s3/pkgIndex.tcl 
Execute           source C:/AMDDesignTools/2025.2/Vitis/tps/tcl/tcllib2.0/asn/pkgIndex.tcl 
Execute           source C:/AMDDesignTools/2025.2/Vitis/tps/tcl/tcllib2.0/base32/pkgIndex.tcl 
Execute           source C:/AMDDesignTools/2025.2/Vitis/tps/tcl/tcllib2.0/base64/pkgIndex.tcl 
Execute           source C:/AMDDesignTools/2025.2/Vitis/tps/tcl/tcllib2.0/bee/pkgIndex.tcl 
Execute           source C:/AMDDesignTools/2025.2/Vitis/tps/tcl/tcllib2.0/bench/pkgIndex.tcl 
Execute           source C:/AMDDesignTools/2025.2/Vitis/tps/tcl/tcllib2.0/bibtex/pkgIndex.tcl 
Execute           source C:/AMDDesignTools/2025.2/Vitis/tps/tcl/tcllib2.0/cache/pkgIndex.tcl 
Execute           source C:/AMDDesignTools/2025.2/Vitis/tps/tcl/tcllib2.0/clay/pkgIndex.tcl 
Execute           source C:/AMDDesignTools/2025.2/Vitis/tps/tcl/tcllib2.0/clock/pkgIndex.tcl 
Execute           source C:/AMDDesignTools/2025.2/Vitis/tps/tcl/tcllib2.0/cmdline/pkgIndex.tcl 
Execute           source C:/AMDDesignTools/2025.2/Vitis/tps/tcl/tcllib2.0/comm/pkgIndex.tcl 
Execute           source C:/AMDDesignTools/2025.2/Vitis/tps/tcl/tcllib2.0/control/pkgIndex.tcl 
Execute           source C:/AMDDesignTools/2025.2/Vitis/tps/tcl/tcllib2.0/coroutine/pkgIndex.tcl 
Execute           source C:/AMDDesignTools/2025.2/Vitis/tps/tcl/tcllib2.0/counter/pkgIndex.tcl 
Execute           source C:/AMDDesignTools/2025.2/Vitis/tps/tcl/tcllib2.0/crc/pkgIndex.tcl 
Execute           source C:/AMDDesignTools/2025.2/Vitis/tps/tcl/tcllib2.0/cron/pkgIndex.tcl 
Execute           source C:/AMDDesignTools/2025.2/Vitis/tps/tcl/tcllib2.0/csv/pkgIndex.tcl 
Execute           source C:/AMDDesignTools/2025.2/Vitis/tps/tcl/tcllib2.0/debug/pkgIndex.tcl 
Execute           source C:/AMDDesignTools/2025.2/Vitis/tps/tcl/tcllib2.0/defer/pkgIndex.tcl 
Execute           source C:/AMDDesignTools/2025.2/Vitis/tps/tcl/tcllib2.0/dicttool/pkgIndex.tcl 
Execute           source C:/AMDDesignTools/2025.2/Vitis/tps/tcl/tcllib2.0/dns/pkgIndex.tcl 
Execute           source C:/AMDDesignTools/2025.2/Vitis/tps/tcl/tcllib2.0/docstrip/pkgIndex.tcl 
Execute           source C:/AMDDesignTools/2025.2/Vitis/tps/tcl/tcllib2.0/doctools/pkgIndex.tcl 
Execute           source C:/AMDDesignTools/2025.2/Vitis/tps/tcl/tcllib2.0/doctools2base/pkgIndex.tcl 
Execute           source C:/AMDDesignTools/2025.2/Vitis/tps/tcl/tcllib2.0/doctools2idx/pkgIndex.tcl 
Execute           source C:/AMDDesignTools/2025.2/Vitis/tps/tcl/tcllib2.0/doctools2toc/pkgIndex.tcl 
Execute           source C:/AMDDesignTools/2025.2/Vitis/tps/tcl/tcllib2.0/dtplite/pkgIndex.tcl 
Execute           source C:/AMDDesignTools/2025.2/Vitis/tps/tcl/tcllib2.0/fileutil/pkgIndex.tcl 
Execute           source C:/AMDDesignTools/2025.2/Vitis/tps/tcl/tcllib2.0/ftp/pkgIndex.tcl 
Execute           source C:/AMDDesignTools/2025.2/Vitis/tps/tcl/tcllib2.0/ftpd/pkgIndex.tcl 
Execute           source C:/AMDDesignTools/2025.2/Vitis/tps/tcl/tcllib2.0/fumagic/pkgIndex.tcl 
Execute           source C:/AMDDesignTools/2025.2/Vitis/tps/tcl/tcllib2.0/generator/pkgIndex.tcl 
Execute           source C:/AMDDesignTools/2025.2/Vitis/tps/tcl/tcllib2.0/gpx/pkgIndex.tcl 
Execute           source C:/AMDDesignTools/2025.2/Vitis/tps/tcl/tcllib2.0/grammar_aycock/pkgIndex.tcl 
Execute           source C:/AMDDesignTools/2025.2/Vitis/tps/tcl/tcllib2.0/grammar_fa/pkgIndex.tcl 
Execute           source C:/AMDDesignTools/2025.2/Vitis/tps/tcl/tcllib2.0/grammar_me/pkgIndex.tcl 
Execute           source C:/AMDDesignTools/2025.2/Vitis/tps/tcl/tcllib2.0/grammar_peg/pkgIndex.tcl 
Execute           source C:/AMDDesignTools/2025.2/Vitis/tps/tcl/tcllib2.0/hook/pkgIndex.tcl 
Execute           source C:/AMDDesignTools/2025.2/Vitis/tps/tcl/tcllib2.0/html/pkgIndex.tcl 
Execute           source C:/AMDDesignTools/2025.2/Vitis/tps/tcl/tcllib2.0/htmlparse/pkgIndex.tcl 
Execute           source C:/AMDDesignTools/2025.2/Vitis/tps/tcl/tcllib2.0/http/pkgIndex.tcl 
Execute           source C:/AMDDesignTools/2025.2/Vitis/tps/tcl/tcllib2.0/httpd/pkgIndex.tcl 
Execute           source C:/AMDDesignTools/2025.2/Vitis/tps/tcl/tcllib2.0/httpwget/pkgIndex.tcl 
Execute           source C:/AMDDesignTools/2025.2/Vitis/tps/tcl/tcllib2.0/ident/pkgIndex.tcl 
Execute           source C:/AMDDesignTools/2025.2/Vitis/tps/tcl/tcllib2.0/imap4/pkgIndex.tcl 
Execute           source C:/AMDDesignTools/2025.2/Vitis/tps/tcl/tcllib2.0/inifile/pkgIndex.tcl 
Execute           source C:/AMDDesignTools/2025.2/Vitis/tps/tcl/tcllib2.0/interp/pkgIndex.tcl 
Execute           source C:/AMDDesignTools/2025.2/Vitis/tps/tcl/tcllib2.0/irc/pkgIndex.tcl 
Execute           source C:/AMDDesignTools/2025.2/Vitis/tps/tcl/tcllib2.0/javascript/pkgIndex.tcl 
Execute           source C:/AMDDesignTools/2025.2/Vitis/tps/tcl/tcllib2.0/jpeg/pkgIndex.tcl 
Execute           source C:/AMDDesignTools/2025.2/Vitis/tps/tcl/tcllib2.0/json/pkgIndex.tcl 
Execute           source C:/AMDDesignTools/2025.2/Vitis/tps/tcl/tcllib2.0/lambda/pkgIndex.tcl 
Execute           source C:/AMDDesignTools/2025.2/Vitis/tps/tcl/tcllib2.0/lazyset/pkgIndex.tcl 
Execute           source C:/AMDDesignTools/2025.2/Vitis/tps/tcl/tcllib2.0/ldap/pkgIndex.tcl 
Execute           source C:/AMDDesignTools/2025.2/Vitis/tps/tcl/tcllib2.0/log/pkgIndex.tcl 
Execute           source C:/AMDDesignTools/2025.2/Vitis/tps/tcl/tcllib2.0/map/pkgIndex.tcl 
Execute           source C:/AMDDesignTools/2025.2/Vitis/tps/tcl/tcllib2.0/mapproj/pkgIndex.tcl 
Execute           source C:/AMDDesignTools/2025.2/Vitis/tps/tcl/tcllib2.0/markdown/pkgIndex.tcl 
Execute           source C:/AMDDesignTools/2025.2/Vitis/tps/tcl/tcllib2.0/math/pkgIndex.tcl 
Execute           source C:/AMDDesignTools/2025.2/Vitis/tps/tcl/tcllib2.0/md4/pkgIndex.tcl 
Execute           source C:/AMDDesignTools/2025.2/Vitis/tps/tcl/tcllib2.0/md5/pkgIndex.tcl 
Execute           source C:/AMDDesignTools/2025.2/Vitis/tps/tcl/tcllib2.0/md5crypt/pkgIndex.tcl 
Execute           source C:/AMDDesignTools/2025.2/Vitis/tps/tcl/tcllib2.0/mime/pkgIndex.tcl 
Execute           source C:/AMDDesignTools/2025.2/Vitis/tps/tcl/tcllib2.0/mkdoc/pkgIndex.tcl 
Execute           source C:/AMDDesignTools/2025.2/Vitis/tps/tcl/tcllib2.0/multiplexer/pkgIndex.tcl 
Execute           source C:/AMDDesignTools/2025.2/Vitis/tps/tcl/tcllib2.0/namespacex/pkgIndex.tcl 
Execute           source C:/AMDDesignTools/2025.2/Vitis/tps/tcl/tcllib2.0/ncgi/pkgIndex.tcl 
Execute           source C:/AMDDesignTools/2025.2/Vitis/tps/tcl/tcllib2.0/nettool/pkgIndex.tcl 
Execute           source C:/AMDDesignTools/2025.2/Vitis/tps/tcl/tcllib2.0/nmea/pkgIndex.tcl 
Execute           source C:/AMDDesignTools/2025.2/Vitis/tps/tcl/tcllib2.0/nns/pkgIndex.tcl 
Execute           source C:/AMDDesignTools/2025.2/Vitis/tps/tcl/tcllib2.0/nntp/pkgIndex.tcl 
Execute           source C:/AMDDesignTools/2025.2/Vitis/tps/tcl/tcllib2.0/ntp/pkgIndex.tcl 
Execute           source C:/AMDDesignTools/2025.2/Vitis/tps/tcl/tcllib2.0/oauth/pkgIndex.tcl 
Execute           source C:/AMDDesignTools/2025.2/Vitis/tps/tcl/tcllib2.0/oodialect/pkgIndex.tcl 
Execute           source C:/AMDDesignTools/2025.2/Vitis/tps/tcl/tcllib2.0/oometa/pkgIndex.tcl 
Execute           source C:/AMDDesignTools/2025.2/Vitis/tps/tcl/tcllib2.0/ooutil/pkgIndex.tcl 
Execute           source C:/AMDDesignTools/2025.2/Vitis/tps/tcl/tcllib2.0/otp/pkgIndex.tcl 
Execute           source C:/AMDDesignTools/2025.2/Vitis/tps/tcl/tcllib2.0/page/pkgIndex.tcl 
Execute           source C:/AMDDesignTools/2025.2/Vitis/tps/tcl/tcllib2.0/pluginmgr/pkgIndex.tcl 
Execute           source C:/AMDDesignTools/2025.2/Vitis/tps/tcl/tcllib2.0/png/pkgIndex.tcl 
Execute           source C:/AMDDesignTools/2025.2/Vitis/tps/tcl/tcllib2.0/pop3/pkgIndex.tcl 
Execute           source C:/AMDDesignTools/2025.2/Vitis/tps/tcl/tcllib2.0/pop3d/pkgIndex.tcl 
Execute           source C:/AMDDesignTools/2025.2/Vitis/tps/tcl/tcllib2.0/practcl/pkgIndex.tcl 
Execute           source C:/AMDDesignTools/2025.2/Vitis/tps/tcl/tcllib2.0/processman/pkgIndex.tcl 
Execute           source C:/AMDDesignTools/2025.2/Vitis/tps/tcl/tcllib2.0/profiler/pkgIndex.tcl 
Execute           source C:/AMDDesignTools/2025.2/Vitis/tps/tcl/tcllib2.0/pt/pkgIndex.tcl 
Execute           source C:/AMDDesignTools/2025.2/Vitis/tps/tcl/tcllib2.0/rcs/pkgIndex.tcl 
Execute           source C:/AMDDesignTools/2025.2/Vitis/tps/tcl/tcllib2.0/report/pkgIndex.tcl 
Execute           source C:/AMDDesignTools/2025.2/Vitis/tps/tcl/tcllib2.0/rest/pkgIndex.tcl 
Execute           source C:/AMDDesignTools/2025.2/Vitis/tps/tcl/tcllib2.0/ripemd/pkgIndex.tcl 
Execute           source C:/AMDDesignTools/2025.2/Vitis/tps/tcl/tcllib2.0/sasl/pkgIndex.tcl 
Execute           source C:/AMDDesignTools/2025.2/Vitis/tps/tcl/tcllib2.0/sha1/pkgIndex.tcl 
Execute           source C:/AMDDesignTools/2025.2/Vitis/tps/tcl/tcllib2.0/simulation/pkgIndex.tcl 
Execute           source C:/AMDDesignTools/2025.2/Vitis/tps/tcl/tcllib2.0/smtpd/pkgIndex.tcl 
Execute           source C:/AMDDesignTools/2025.2/Vitis/tps/tcl/tcllib2.0/snit/pkgIndex.tcl 
Execute           source C:/AMDDesignTools/2025.2/Vitis/tps/tcl/tcllib2.0/soundex/pkgIndex.tcl 
Execute           source C:/AMDDesignTools/2025.2/Vitis/tps/tcl/tcllib2.0/stooop/pkgIndex.tcl 
Execute           source C:/AMDDesignTools/2025.2/Vitis/tps/tcl/tcllib2.0/string/pkgIndex.tcl 
Execute           source C:/AMDDesignTools/2025.2/Vitis/tps/tcl/tcllib2.0/stringprep/pkgIndex.tcl 
Execute           source C:/AMDDesignTools/2025.2/Vitis/tps/tcl/tcllib2.0/struct/pkgIndex.tcl 
Execute           source C:/AMDDesignTools/2025.2/Vitis/tps/tcl/tcllib2.0/tar/pkgIndex.tcl 
Execute           source C:/AMDDesignTools/2025.2/Vitis/tps/tcl/tcllib2.0/tepam/pkgIndex.tcl 
Execute           source C:/AMDDesignTools/2025.2/Vitis/tps/tcl/tcllib2.0/term/pkgIndex.tcl 
Execute           source C:/AMDDesignTools/2025.2/Vitis/tps/tcl/tcllib2.0/textutil/pkgIndex.tcl 
Execute           source C:/AMDDesignTools/2025.2/Vitis/tps/tcl/tcllib2.0/tie/pkgIndex.tcl 
Execute           source C:/AMDDesignTools/2025.2/Vitis/tps/tcl/tcllib2.0/tiff/pkgIndex.tcl 
Execute           source C:/AMDDesignTools/2025.2/Vitis/tps/tcl/tcllib2.0/tool/pkgIndex.tcl 
Execute           source C:/AMDDesignTools/2025.2/Vitis/tps/tcl/tcllib2.0/transfer/pkgIndex.tcl 
Execute           source C:/AMDDesignTools/2025.2/Vitis/tps/tcl/tcllib2.0/treeql/pkgIndex.tcl 
Execute           source C:/AMDDesignTools/2025.2/Vitis/tps/tcl/tcllib2.0/try/pkgIndex.tcl 
Execute           source C:/AMDDesignTools/2025.2/Vitis/tps/tcl/tcllib2.0/udpcluster/pkgIndex.tcl 
Execute           source C:/AMDDesignTools/2025.2/Vitis/tps/tcl/tcllib2.0/uev/pkgIndex.tcl 
Execute           source C:/AMDDesignTools/2025.2/Vitis/tps/tcl/tcllib2.0/units/pkgIndex.tcl 
Execute           source C:/AMDDesignTools/2025.2/Vitis/tps/tcl/tcllib2.0/uri/pkgIndex.tcl 
Execute           source C:/AMDDesignTools/2025.2/Vitis/tps/tcl/tcllib2.0/uuid/pkgIndex.tcl 
Execute           source C:/AMDDesignTools/2025.2/Vitis/tps/tcl/tcllib2.0/valtype/pkgIndex.tcl 
Execute           source C:/AMDDesignTools/2025.2/Vitis/tps/tcl/tcllib2.0/virtchannel_base/pkgIndex.tcl 
Execute           source C:/AMDDesignTools/2025.2/Vitis/tps/tcl/tcllib2.0/virtchannel_core/pkgIndex.tcl 
Execute           source C:/AMDDesignTools/2025.2/Vitis/tps/tcl/tcllib2.0/virtchannel_transform/pkgIndex.tcl 
Execute           source C:/AMDDesignTools/2025.2/Vitis/tps/tcl/tcllib2.0/websocket/pkgIndex.tcl 
Execute           source C:/AMDDesignTools/2025.2/Vitis/tps/tcl/tcllib2.0/wip/pkgIndex.tcl 
Execute           source C:/AMDDesignTools/2025.2/Vitis/tps/tcl/tcllib2.0/yaml/pkgIndex.tcl 
Execute           source C:/AMDDesignTools/2025.2/Vitis/tps/tcl/tcllib2.0/zip/pkgIndex.tcl 
Execute           source C:/AMDDesignTools/2025.2/Vitis/tps/tcl/tcllib2.0/pkgIndex.tcl 
Execute             source C:/AMDDesignTools/2025.2/Vitis/tps/tcl/tcllib2.0/0compatibility/pkgIndex.tcl 
Execute             source C:/AMDDesignTools/2025.2/Vitis/tps/tcl/tcllib2.0/amazon-s3/pkgIndex.tcl 
Execute             source C:/AMDDesignTools/2025.2/Vitis/tps/tcl/tcllib2.0/asn/pkgIndex.tcl 
Execute             source C:/AMDDesignTools/2025.2/Vitis/tps/tcl/tcllib2.0/base32/pkgIndex.tcl 
Execute             source C:/AMDDesignTools/2025.2/Vitis/tps/tcl/tcllib2.0/base64/pkgIndex.tcl 
Execute             source C:/AMDDesignTools/2025.2/Vitis/tps/tcl/tcllib2.0/bee/pkgIndex.tcl 
Execute             source C:/AMDDesignTools/2025.2/Vitis/tps/tcl/tcllib2.0/bench/pkgIndex.tcl 
Execute             source C:/AMDDesignTools/2025.2/Vitis/tps/tcl/tcllib2.0/bibtex/pkgIndex.tcl 
Execute             source C:/AMDDesignTools/2025.2/Vitis/tps/tcl/tcllib2.0/cache/pkgIndex.tcl 
Execute             source C:/AMDDesignTools/2025.2/Vitis/tps/tcl/tcllib2.0/clay/pkgIndex.tcl 
Execute             source C:/AMDDesignTools/2025.2/Vitis/tps/tcl/tcllib2.0/clock/pkgIndex.tcl 
Execute             source C:/AMDDesignTools/2025.2/Vitis/tps/tcl/tcllib2.0/cmdline/pkgIndex.tcl 
Execute             source C:/AMDDesignTools/2025.2/Vitis/tps/tcl/tcllib2.0/comm/pkgIndex.tcl 
Execute             source C:/AMDDesignTools/2025.2/Vitis/tps/tcl/tcllib2.0/control/pkgIndex.tcl 
Execute             source C:/AMDDesignTools/2025.2/Vitis/tps/tcl/tcllib2.0/coroutine/pkgIndex.tcl 
Execute             source C:/AMDDesignTools/2025.2/Vitis/tps/tcl/tcllib2.0/counter/pkgIndex.tcl 
Execute             source C:/AMDDesignTools/2025.2/Vitis/tps/tcl/tcllib2.0/crc/pkgIndex.tcl 
Execute             source C:/AMDDesignTools/2025.2/Vitis/tps/tcl/tcllib2.0/cron/pkgIndex.tcl 
Execute             source C:/AMDDesignTools/2025.2/Vitis/tps/tcl/tcllib2.0/csv/pkgIndex.tcl 
Execute             source C:/AMDDesignTools/2025.2/Vitis/tps/tcl/tcllib2.0/debug/pkgIndex.tcl 
Execute             source C:/AMDDesignTools/2025.2/Vitis/tps/tcl/tcllib2.0/defer/pkgIndex.tcl 
Execute             source C:/AMDDesignTools/2025.2/Vitis/tps/tcl/tcllib2.0/dicttool/pkgIndex.tcl 
Execute             source C:/AMDDesignTools/2025.2/Vitis/tps/tcl/tcllib2.0/dns/pkgIndex.tcl 
Execute             source C:/AMDDesignTools/2025.2/Vitis/tps/tcl/tcllib2.0/docstrip/pkgIndex.tcl 
Execute             source C:/AMDDesignTools/2025.2/Vitis/tps/tcl/tcllib2.0/doctools/pkgIndex.tcl 
Execute             source C:/AMDDesignTools/2025.2/Vitis/tps/tcl/tcllib2.0/doctools2base/pkgIndex.tcl 
Execute             source C:/AMDDesignTools/2025.2/Vitis/tps/tcl/tcllib2.0/doctools2idx/pkgIndex.tcl 
Execute             source C:/AMDDesignTools/2025.2/Vitis/tps/tcl/tcllib2.0/doctools2toc/pkgIndex.tcl 
Execute             source C:/AMDDesignTools/2025.2/Vitis/tps/tcl/tcllib2.0/dtplite/pkgIndex.tcl 
Execute             source C:/AMDDesignTools/2025.2/Vitis/tps/tcl/tcllib2.0/fileutil/pkgIndex.tcl 
Execute             source C:/AMDDesignTools/2025.2/Vitis/tps/tcl/tcllib2.0/ftp/pkgIndex.tcl 
Execute             source C:/AMDDesignTools/2025.2/Vitis/tps/tcl/tcllib2.0/ftpd/pkgIndex.tcl 
Execute             source C:/AMDDesignTools/2025.2/Vitis/tps/tcl/tcllib2.0/fumagic/pkgIndex.tcl 
Execute             source C:/AMDDesignTools/2025.2/Vitis/tps/tcl/tcllib2.0/generator/pkgIndex.tcl 
Execute             source C:/AMDDesignTools/2025.2/Vitis/tps/tcl/tcllib2.0/gpx/pkgIndex.tcl 
Execute             source C:/AMDDesignTools/2025.2/Vitis/tps/tcl/tcllib2.0/grammar_aycock/pkgIndex.tcl 
Execute             source C:/AMDDesignTools/2025.2/Vitis/tps/tcl/tcllib2.0/grammar_fa/pkgIndex.tcl 
Execute             source C:/AMDDesignTools/2025.2/Vitis/tps/tcl/tcllib2.0/grammar_me/pkgIndex.tcl 
Execute             source C:/AMDDesignTools/2025.2/Vitis/tps/tcl/tcllib2.0/grammar_peg/pkgIndex.tcl 
Execute             source C:/AMDDesignTools/2025.2/Vitis/tps/tcl/tcllib2.0/hook/pkgIndex.tcl 
Execute             source C:/AMDDesignTools/2025.2/Vitis/tps/tcl/tcllib2.0/html/pkgIndex.tcl 
Execute             source C:/AMDDesignTools/2025.2/Vitis/tps/tcl/tcllib2.0/htmlparse/pkgIndex.tcl 
Execute             source C:/AMDDesignTools/2025.2/Vitis/tps/tcl/tcllib2.0/http/pkgIndex.tcl 
Execute             source C:/AMDDesignTools/2025.2/Vitis/tps/tcl/tcllib2.0/httpd/pkgIndex.tcl 
Execute             source C:/AMDDesignTools/2025.2/Vitis/tps/tcl/tcllib2.0/httpwget/pkgIndex.tcl 
Execute             source C:/AMDDesignTools/2025.2/Vitis/tps/tcl/tcllib2.0/ident/pkgIndex.tcl 
Execute             source C:/AMDDesignTools/2025.2/Vitis/tps/tcl/tcllib2.0/imap4/pkgIndex.tcl 
Execute             source C:/AMDDesignTools/2025.2/Vitis/tps/tcl/tcllib2.0/inifile/pkgIndex.tcl 
Execute             source C:/AMDDesignTools/2025.2/Vitis/tps/tcl/tcllib2.0/interp/pkgIndex.tcl 
Execute             source C:/AMDDesignTools/2025.2/Vitis/tps/tcl/tcllib2.0/irc/pkgIndex.tcl 
Execute             source C:/AMDDesignTools/2025.2/Vitis/tps/tcl/tcllib2.0/javascript/pkgIndex.tcl 
Execute             source C:/AMDDesignTools/2025.2/Vitis/tps/tcl/tcllib2.0/jpeg/pkgIndex.tcl 
Execute             source C:/AMDDesignTools/2025.2/Vitis/tps/tcl/tcllib2.0/json/pkgIndex.tcl 
Execute             source C:/AMDDesignTools/2025.2/Vitis/tps/tcl/tcllib2.0/lambda/pkgIndex.tcl 
Execute             source C:/AMDDesignTools/2025.2/Vitis/tps/tcl/tcllib2.0/lazyset/pkgIndex.tcl 
Execute             source C:/AMDDesignTools/2025.2/Vitis/tps/tcl/tcllib2.0/ldap/pkgIndex.tcl 
Execute             source C:/AMDDesignTools/2025.2/Vitis/tps/tcl/tcllib2.0/log/pkgIndex.tcl 
Execute             source C:/AMDDesignTools/2025.2/Vitis/tps/tcl/tcllib2.0/map/pkgIndex.tcl 
Execute             source C:/AMDDesignTools/2025.2/Vitis/tps/tcl/tcllib2.0/mapproj/pkgIndex.tcl 
Execute             source C:/AMDDesignTools/2025.2/Vitis/tps/tcl/tcllib2.0/markdown/pkgIndex.tcl 
Execute             source C:/AMDDesignTools/2025.2/Vitis/tps/tcl/tcllib2.0/math/pkgIndex.tcl 
Execute             source C:/AMDDesignTools/2025.2/Vitis/tps/tcl/tcllib2.0/md4/pkgIndex.tcl 
Execute             source C:/AMDDesignTools/2025.2/Vitis/tps/tcl/tcllib2.0/md5/pkgIndex.tcl 
Execute             source C:/AMDDesignTools/2025.2/Vitis/tps/tcl/tcllib2.0/md5crypt/pkgIndex.tcl 
Execute             source C:/AMDDesignTools/2025.2/Vitis/tps/tcl/tcllib2.0/mime/pkgIndex.tcl 
Execute             source C:/AMDDesignTools/2025.2/Vitis/tps/tcl/tcllib2.0/mkdoc/pkgIndex.tcl 
Execute             source C:/AMDDesignTools/2025.2/Vitis/tps/tcl/tcllib2.0/multiplexer/pkgIndex.tcl 
Execute             source C:/AMDDesignTools/2025.2/Vitis/tps/tcl/tcllib2.0/namespacex/pkgIndex.tcl 
Execute             source C:/AMDDesignTools/2025.2/Vitis/tps/tcl/tcllib2.0/ncgi/pkgIndex.tcl 
Execute             source C:/AMDDesignTools/2025.2/Vitis/tps/tcl/tcllib2.0/nettool/pkgIndex.tcl 
Execute             source C:/AMDDesignTools/2025.2/Vitis/tps/tcl/tcllib2.0/nmea/pkgIndex.tcl 
Execute             source C:/AMDDesignTools/2025.2/Vitis/tps/tcl/tcllib2.0/nns/pkgIndex.tcl 
Execute             source C:/AMDDesignTools/2025.2/Vitis/tps/tcl/tcllib2.0/nntp/pkgIndex.tcl 
Execute             source C:/AMDDesignTools/2025.2/Vitis/tps/tcl/tcllib2.0/ntp/pkgIndex.tcl 
Execute             source C:/AMDDesignTools/2025.2/Vitis/tps/tcl/tcllib2.0/oauth/pkgIndex.tcl 
Execute             source C:/AMDDesignTools/2025.2/Vitis/tps/tcl/tcllib2.0/oodialect/pkgIndex.tcl 
Execute             source C:/AMDDesignTools/2025.2/Vitis/tps/tcl/tcllib2.0/oometa/pkgIndex.tcl 
Execute             source C:/AMDDesignTools/2025.2/Vitis/tps/tcl/tcllib2.0/ooutil/pkgIndex.tcl 
Execute             source C:/AMDDesignTools/2025.2/Vitis/tps/tcl/tcllib2.0/otp/pkgIndex.tcl 
Execute             source C:/AMDDesignTools/2025.2/Vitis/tps/tcl/tcllib2.0/page/pkgIndex.tcl 
Execute             source C:/AMDDesignTools/2025.2/Vitis/tps/tcl/tcllib2.0/pluginmgr/pkgIndex.tcl 
Execute             source C:/AMDDesignTools/2025.2/Vitis/tps/tcl/tcllib2.0/png/pkgIndex.tcl 
Execute             source C:/AMDDesignTools/2025.2/Vitis/tps/tcl/tcllib2.0/pop3/pkgIndex.tcl 
Execute             source C:/AMDDesignTools/2025.2/Vitis/tps/tcl/tcllib2.0/pop3d/pkgIndex.tcl 
Execute             source C:/AMDDesignTools/2025.2/Vitis/tps/tcl/tcllib2.0/practcl/pkgIndex.tcl 
Execute             source C:/AMDDesignTools/2025.2/Vitis/tps/tcl/tcllib2.0/processman/pkgIndex.tcl 
Execute             source C:/AMDDesignTools/2025.2/Vitis/tps/tcl/tcllib2.0/profiler/pkgIndex.tcl 
Execute             source C:/AMDDesignTools/2025.2/Vitis/tps/tcl/tcllib2.0/pt/pkgIndex.tcl 
Execute             source C:/AMDDesignTools/2025.2/Vitis/tps/tcl/tcllib2.0/rcs/pkgIndex.tcl 
Execute             source C:/AMDDesignTools/2025.2/Vitis/tps/tcl/tcllib2.0/report/pkgIndex.tcl 
Execute             source C:/AMDDesignTools/2025.2/Vitis/tps/tcl/tcllib2.0/rest/pkgIndex.tcl 
Execute             source C:/AMDDesignTools/2025.2/Vitis/tps/tcl/tcllib2.0/ripemd/pkgIndex.tcl 
Execute             source C:/AMDDesignTools/2025.2/Vitis/tps/tcl/tcllib2.0/sasl/pkgIndex.tcl 
Execute             source C:/AMDDesignTools/2025.2/Vitis/tps/tcl/tcllib2.0/sha1/pkgIndex.tcl 
Execute             source C:/AMDDesignTools/2025.2/Vitis/tps/tcl/tcllib2.0/simulation/pkgIndex.tcl 
Execute             source C:/AMDDesignTools/2025.2/Vitis/tps/tcl/tcllib2.0/smtpd/pkgIndex.tcl 
Execute             source C:/AMDDesignTools/2025.2/Vitis/tps/tcl/tcllib2.0/snit/pkgIndex.tcl 
Execute             source C:/AMDDesignTools/2025.2/Vitis/tps/tcl/tcllib2.0/soundex/pkgIndex.tcl 
Execute             source C:/AMDDesignTools/2025.2/Vitis/tps/tcl/tcllib2.0/stooop/pkgIndex.tcl 
Execute             source C:/AMDDesignTools/2025.2/Vitis/tps/tcl/tcllib2.0/string/pkgIndex.tcl 
Execute             source C:/AMDDesignTools/2025.2/Vitis/tps/tcl/tcllib2.0/stringprep/pkgIndex.tcl 
Execute             source C:/AMDDesignTools/2025.2/Vitis/tps/tcl/tcllib2.0/struct/pkgIndex.tcl 
Execute             source C:/AMDDesignTools/2025.2/Vitis/tps/tcl/tcllib2.0/tar/pkgIndex.tcl 
Execute             source C:/AMDDesignTools/2025.2/Vitis/tps/tcl/tcllib2.0/tepam/pkgIndex.tcl 
Execute             source C:/AMDDesignTools/2025.2/Vitis/tps/tcl/tcllib2.0/term/pkgIndex.tcl 
Execute             source C:/AMDDesignTools/2025.2/Vitis/tps/tcl/tcllib2.0/textutil/pkgIndex.tcl 
Execute             source C:/AMDDesignTools/2025.2/Vitis/tps/tcl/tcllib2.0/tie/pkgIndex.tcl 
Execute             source C:/AMDDesignTools/2025.2/Vitis/tps/tcl/tcllib2.0/tiff/pkgIndex.tcl 
Execute             source C:/AMDDesignTools/2025.2/Vitis/tps/tcl/tcllib2.0/tool/pkgIndex.tcl 
Execute             source C:/AMDDesignTools/2025.2/Vitis/tps/tcl/tcllib2.0/transfer/pkgIndex.tcl 
Execute             source C:/AMDDesignTools/2025.2/Vitis/tps/tcl/tcllib2.0/treeql/pkgIndex.tcl 
Execute             source C:/AMDDesignTools/2025.2/Vitis/tps/tcl/tcllib2.0/try/pkgIndex.tcl 
Execute             source C:/AMDDesignTools/2025.2/Vitis/tps/tcl/tcllib2.0/udpcluster/pkgIndex.tcl 
Execute             source C:/AMDDesignTools/2025.2/Vitis/tps/tcl/tcllib2.0/uev/pkgIndex.tcl 
Execute             source C:/AMDDesignTools/2025.2/Vitis/tps/tcl/tcllib2.0/units/pkgIndex.tcl 
Execute             source C:/AMDDesignTools/2025.2/Vitis/tps/tcl/tcllib2.0/uri/pkgIndex.tcl 
Execute             source C:/AMDDesignTools/2025.2/Vitis/tps/tcl/tcllib2.0/uuid/pkgIndex.tcl 
Execute             source C:/AMDDesignTools/2025.2/Vitis/tps/tcl/tcllib2.0/valtype/pkgIndex.tcl 
Execute             source C:/AMDDesignTools/2025.2/Vitis/tps/tcl/tcllib2.0/virtchannel_base/pkgIndex.tcl 
Execute             source C:/AMDDesignTools/2025.2/Vitis/tps/tcl/tcllib2.0/virtchannel_core/pkgIndex.tcl 
Execute             source C:/AMDDesignTools/2025.2/Vitis/tps/tcl/tcllib2.0/virtchannel_transform/pkgIndex.tcl 
Execute             source C:/AMDDesignTools/2025.2/Vitis/tps/tcl/tcllib2.0/websocket/pkgIndex.tcl 
Execute             source C:/AMDDesignTools/2025.2/Vitis/tps/tcl/tcllib2.0/wip/pkgIndex.tcl 
Execute             source C:/AMDDesignTools/2025.2/Vitis/tps/tcl/tcllib2.0/yaml/pkgIndex.tcl 
Execute             source C:/AMDDesignTools/2025.2/Vitis/tps/tcl/tcllib2.0/zip/pkgIndex.tcl 
Execute           source C:/AMDDesignTools/2025.2/Vitis/tps/tcl/tdom/pkgIndex.tcl 
Execute           source C:/AMDDesignTools/2025.2/Vitis/tps/tcl/tk8.6/pkgIndex.tcl 
Execute           source C:/AMDDesignTools/2025.2/Vitis/tps/tcl/tcl8.6/opt0.4/pkgIndex.tcl 
Execute           source C:/AMDDesignTools/2025.2/Vitis/tps/tcl/tcl8.6/pkgs/win/thread2.8.7/pkgIndex.tcl 
Command         ap_source done; 0.18 sec.
Execute         source C:/AMDDesignTools/2025.2/Vitis/tps/tcl/tcllib2.0/0compatibility/pkgIndex.tcl 
Execute         source C:/AMDDesignTools/2025.2/Vitis/tps/tcl/tcllib2.0/amazon-s3/pkgIndex.tcl 
Execute         source C:/AMDDesignTools/2025.2/Vitis/tps/tcl/tcllib2.0/asn/pkgIndex.tcl 
Execute         source C:/AMDDesignTools/2025.2/Vitis/tps/tcl/tcllib2.0/base32/pkgIndex.tcl 
Execute         source C:/AMDDesignTools/2025.2/Vitis/tps/tcl/tcllib2.0/base64/pkgIndex.tcl 
Execute         source C:/AMDDesignTools/2025.2/Vitis/tps/tcl/tcllib2.0/bee/pkgIndex.tcl 
Execute         source C:/AMDDesignTools/2025.2/Vitis/tps/tcl/tcllib2.0/bench/pkgIndex.tcl 
Execute         source C:/AMDDesignTools/2025.2/Vitis/tps/tcl/tcllib2.0/bibtex/pkgIndex.tcl 
Execute         source C:/AMDDesignTools/2025.2/Vitis/tps/tcl/tcllib2.0/cache/pkgIndex.tcl 
Execute         source C:/AMDDesignTools/2025.2/Vitis/tps/tcl/tcllib2.0/clay/pkgIndex.tcl 
Execute         source C:/AMDDesignTools/2025.2/Vitis/tps/tcl/tcllib2.0/clock/pkgIndex.tcl 
Execute         source C:/AMDDesignTools/2025.2/Vitis/tps/tcl/tcllib2.0/cmdline/pkgIndex.tcl 
Execute         source C:/AMDDesignTools/2025.2/Vitis/tps/tcl/tcllib2.0/comm/pkgIndex.tcl 
Execute         source C:/AMDDesignTools/2025.2/Vitis/tps/tcl/tcllib2.0/control/pkgIndex.tcl 
Execute         source C:/AMDDesignTools/2025.2/Vitis/tps/tcl/tcllib2.0/coroutine/pkgIndex.tcl 
Execute         source C:/AMDDesignTools/2025.2/Vitis/tps/tcl/tcllib2.0/counter/pkgIndex.tcl 
Execute         source C:/AMDDesignTools/2025.2/Vitis/tps/tcl/tcllib2.0/crc/pkgIndex.tcl 
Execute         source C:/AMDDesignTools/2025.2/Vitis/tps/tcl/tcllib2.0/cron/pkgIndex.tcl 
Execute         source C:/AMDDesignTools/2025.2/Vitis/tps/tcl/tcllib2.0/csv/pkgIndex.tcl 
Execute         source C:/AMDDesignTools/2025.2/Vitis/tps/tcl/tcllib2.0/debug/pkgIndex.tcl 
Execute         source C:/AMDDesignTools/2025.2/Vitis/tps/tcl/tcllib2.0/defer/pkgIndex.tcl 
Execute         source C:/AMDDesignTools/2025.2/Vitis/tps/tcl/tcllib2.0/dicttool/pkgIndex.tcl 
Execute         source C:/AMDDesignTools/2025.2/Vitis/tps/tcl/tcllib2.0/dns/pkgIndex.tcl 
Execute         source C:/AMDDesignTools/2025.2/Vitis/tps/tcl/tcllib2.0/docstrip/pkgIndex.tcl 
Execute         source C:/AMDDesignTools/2025.2/Vitis/tps/tcl/tcllib2.0/doctools/pkgIndex.tcl 
Execute         source C:/AMDDesignTools/2025.2/Vitis/tps/tcl/tcllib2.0/doctools2base/pkgIndex.tcl 
Execute         source C:/AMDDesignTools/2025.2/Vitis/tps/tcl/tcllib2.0/doctools2idx/pkgIndex.tcl 
Execute         source C:/AMDDesignTools/2025.2/Vitis/tps/tcl/tcllib2.0/doctools2toc/pkgIndex.tcl 
Execute         source C:/AMDDesignTools/2025.2/Vitis/tps/tcl/tcllib2.0/dtplite/pkgIndex.tcl 
Execute         source C:/AMDDesignTools/2025.2/Vitis/tps/tcl/tcllib2.0/fileutil/pkgIndex.tcl 
Execute         source C:/AMDDesignTools/2025.2/Vitis/tps/tcl/tcllib2.0/ftp/pkgIndex.tcl 
Execute         source C:/AMDDesignTools/2025.2/Vitis/tps/tcl/tcllib2.0/ftpd/pkgIndex.tcl 
Execute         source C:/AMDDesignTools/2025.2/Vitis/tps/tcl/tcllib2.0/fumagic/pkgIndex.tcl 
Execute         source C:/AMDDesignTools/2025.2/Vitis/tps/tcl/tcllib2.0/generator/pkgIndex.tcl 
Execute         source C:/AMDDesignTools/2025.2/Vitis/tps/tcl/tcllib2.0/gpx/pkgIndex.tcl 
Execute         source C:/AMDDesignTools/2025.2/Vitis/tps/tcl/tcllib2.0/grammar_aycock/pkgIndex.tcl 
Execute         source C:/AMDDesignTools/2025.2/Vitis/tps/tcl/tcllib2.0/grammar_fa/pkgIndex.tcl 
Execute         source C:/AMDDesignTools/2025.2/Vitis/tps/tcl/tcllib2.0/grammar_me/pkgIndex.tcl 
Execute         source C:/AMDDesignTools/2025.2/Vitis/tps/tcl/tcllib2.0/grammar_peg/pkgIndex.tcl 
Execute         source C:/AMDDesignTools/2025.2/Vitis/tps/tcl/tcllib2.0/hook/pkgIndex.tcl 
Execute         source C:/AMDDesignTools/2025.2/Vitis/tps/tcl/tcllib2.0/html/pkgIndex.tcl 
Execute         source C:/AMDDesignTools/2025.2/Vitis/tps/tcl/tcllib2.0/htmlparse/pkgIndex.tcl 
Execute         source C:/AMDDesignTools/2025.2/Vitis/tps/tcl/tcllib2.0/http/pkgIndex.tcl 
Execute         source C:/AMDDesignTools/2025.2/Vitis/tps/tcl/tcllib2.0/httpd/pkgIndex.tcl 
Execute         source C:/AMDDesignTools/2025.2/Vitis/tps/tcl/tcllib2.0/httpwget/pkgIndex.tcl 
Execute         source C:/AMDDesignTools/2025.2/Vitis/tps/tcl/tcllib2.0/ident/pkgIndex.tcl 
Execute         source C:/AMDDesignTools/2025.2/Vitis/tps/tcl/tcllib2.0/imap4/pkgIndex.tcl 
Execute         source C:/AMDDesignTools/2025.2/Vitis/tps/tcl/tcllib2.0/inifile/pkgIndex.tcl 
Execute         source C:/AMDDesignTools/2025.2/Vitis/tps/tcl/tcllib2.0/interp/pkgIndex.tcl 
Execute         source C:/AMDDesignTools/2025.2/Vitis/tps/tcl/tcllib2.0/irc/pkgIndex.tcl 
Execute         source C:/AMDDesignTools/2025.2/Vitis/tps/tcl/tcllib2.0/javascript/pkgIndex.tcl 
Execute         source C:/AMDDesignTools/2025.2/Vitis/tps/tcl/tcllib2.0/jpeg/pkgIndex.tcl 
Execute         source C:/AMDDesignTools/2025.2/Vitis/tps/tcl/tcllib2.0/json/pkgIndex.tcl 
Execute         source C:/AMDDesignTools/2025.2/Vitis/tps/tcl/tcllib2.0/lambda/pkgIndex.tcl 
Execute         source C:/AMDDesignTools/2025.2/Vitis/tps/tcl/tcllib2.0/lazyset/pkgIndex.tcl 
Execute         source C:/AMDDesignTools/2025.2/Vitis/tps/tcl/tcllib2.0/ldap/pkgIndex.tcl 
Execute         source C:/AMDDesignTools/2025.2/Vitis/tps/tcl/tcllib2.0/log/pkgIndex.tcl 
Execute         source C:/AMDDesignTools/2025.2/Vitis/tps/tcl/tcllib2.0/map/pkgIndex.tcl 
Execute         source C:/AMDDesignTools/2025.2/Vitis/tps/tcl/tcllib2.0/mapproj/pkgIndex.tcl 
Execute         source C:/AMDDesignTools/2025.2/Vitis/tps/tcl/tcllib2.0/markdown/pkgIndex.tcl 
Execute         source C:/AMDDesignTools/2025.2/Vitis/tps/tcl/tcllib2.0/math/pkgIndex.tcl 
Execute         source C:/AMDDesignTools/2025.2/Vitis/tps/tcl/tcllib2.0/md4/pkgIndex.tcl 
Execute         source C:/AMDDesignTools/2025.2/Vitis/tps/tcl/tcllib2.0/md5/pkgIndex.tcl 
Execute         source C:/AMDDesignTools/2025.2/Vitis/tps/tcl/tcllib2.0/md5crypt/pkgIndex.tcl 
Execute         source C:/AMDDesignTools/2025.2/Vitis/tps/tcl/tcllib2.0/mime/pkgIndex.tcl 
Execute         source C:/AMDDesignTools/2025.2/Vitis/tps/tcl/tcllib2.0/mkdoc/pkgIndex.tcl 
Execute         source C:/AMDDesignTools/2025.2/Vitis/tps/tcl/tcllib2.0/multiplexer/pkgIndex.tcl 
Execute         source C:/AMDDesignTools/2025.2/Vitis/tps/tcl/tcllib2.0/namespacex/pkgIndex.tcl 
Execute         source C:/AMDDesignTools/2025.2/Vitis/tps/tcl/tcllib2.0/ncgi/pkgIndex.tcl 
Execute         source C:/AMDDesignTools/2025.2/Vitis/tps/tcl/tcllib2.0/nettool/pkgIndex.tcl 
Execute         source C:/AMDDesignTools/2025.2/Vitis/tps/tcl/tcllib2.0/nmea/pkgIndex.tcl 
Execute         source C:/AMDDesignTools/2025.2/Vitis/tps/tcl/tcllib2.0/nns/pkgIndex.tcl 
Execute         source C:/AMDDesignTools/2025.2/Vitis/tps/tcl/tcllib2.0/nntp/pkgIndex.tcl 
Execute         source C:/AMDDesignTools/2025.2/Vitis/tps/tcl/tcllib2.0/ntp/pkgIndex.tcl 
Execute         source C:/AMDDesignTools/2025.2/Vitis/tps/tcl/tcllib2.0/oauth/pkgIndex.tcl 
Execute         source C:/AMDDesignTools/2025.2/Vitis/tps/tcl/tcllib2.0/oodialect/pkgIndex.tcl 
Execute         source C:/AMDDesignTools/2025.2/Vitis/tps/tcl/tcllib2.0/oometa/pkgIndex.tcl 
Execute         source C:/AMDDesignTools/2025.2/Vitis/tps/tcl/tcllib2.0/ooutil/pkgIndex.tcl 
Execute         source C:/AMDDesignTools/2025.2/Vitis/tps/tcl/tcllib2.0/otp/pkgIndex.tcl 
Execute         source C:/AMDDesignTools/2025.2/Vitis/tps/tcl/tcllib2.0/page/pkgIndex.tcl 
Execute         source C:/AMDDesignTools/2025.2/Vitis/tps/tcl/tcllib2.0/pluginmgr/pkgIndex.tcl 
Execute         source C:/AMDDesignTools/2025.2/Vitis/tps/tcl/tcllib2.0/png/pkgIndex.tcl 
Execute         source C:/AMDDesignTools/2025.2/Vitis/tps/tcl/tcllib2.0/pop3/pkgIndex.tcl 
Execute         source C:/AMDDesignTools/2025.2/Vitis/tps/tcl/tcllib2.0/pop3d/pkgIndex.tcl 
Execute         source C:/AMDDesignTools/2025.2/Vitis/tps/tcl/tcllib2.0/practcl/pkgIndex.tcl 
Execute         source C:/AMDDesignTools/2025.2/Vitis/tps/tcl/tcllib2.0/processman/pkgIndex.tcl 
Execute         source C:/AMDDesignTools/2025.2/Vitis/tps/tcl/tcllib2.0/profiler/pkgIndex.tcl 
Execute         source C:/AMDDesignTools/2025.2/Vitis/tps/tcl/tcllib2.0/pt/pkgIndex.tcl 
Execute         source C:/AMDDesignTools/2025.2/Vitis/tps/tcl/tcllib2.0/rcs/pkgIndex.tcl 
Execute         source C:/AMDDesignTools/2025.2/Vitis/tps/tcl/tcllib2.0/report/pkgIndex.tcl 
Execute         source C:/AMDDesignTools/2025.2/Vitis/tps/tcl/tcllib2.0/rest/pkgIndex.tcl 
Execute         source C:/AMDDesignTools/2025.2/Vitis/tps/tcl/tcllib2.0/ripemd/pkgIndex.tcl 
Execute         source C:/AMDDesignTools/2025.2/Vitis/tps/tcl/tcllib2.0/sasl/pkgIndex.tcl 
Execute         source C:/AMDDesignTools/2025.2/Vitis/tps/tcl/tcllib2.0/sha1/pkgIndex.tcl 
Execute         source C:/AMDDesignTools/2025.2/Vitis/tps/tcl/tcllib2.0/simulation/pkgIndex.tcl 
Execute         source C:/AMDDesignTools/2025.2/Vitis/tps/tcl/tcllib2.0/smtpd/pkgIndex.tcl 
Execute         source C:/AMDDesignTools/2025.2/Vitis/tps/tcl/tcllib2.0/snit/pkgIndex.tcl 
Execute         source C:/AMDDesignTools/2025.2/Vitis/tps/tcl/tcllib2.0/soundex/pkgIndex.tcl 
Execute         source C:/AMDDesignTools/2025.2/Vitis/tps/tcl/tcllib2.0/stooop/pkgIndex.tcl 
Execute         source C:/AMDDesignTools/2025.2/Vitis/tps/tcl/tcllib2.0/string/pkgIndex.tcl 
Execute         source C:/AMDDesignTools/2025.2/Vitis/tps/tcl/tcllib2.0/stringprep/pkgIndex.tcl 
Execute         source C:/AMDDesignTools/2025.2/Vitis/tps/tcl/tcllib2.0/struct/pkgIndex.tcl 
Execute         source C:/AMDDesignTools/2025.2/Vitis/tps/tcl/tcllib2.0/tar/pkgIndex.tcl 
Execute         source C:/AMDDesignTools/2025.2/Vitis/tps/tcl/tcllib2.0/tepam/pkgIndex.tcl 
Execute         source C:/AMDDesignTools/2025.2/Vitis/tps/tcl/tcllib2.0/term/pkgIndex.tcl 
Execute         source C:/AMDDesignTools/2025.2/Vitis/tps/tcl/tcllib2.0/textutil/pkgIndex.tcl 
Execute         source C:/AMDDesignTools/2025.2/Vitis/tps/tcl/tcllib2.0/tie/pkgIndex.tcl 
Execute         source C:/AMDDesignTools/2025.2/Vitis/tps/tcl/tcllib2.0/tiff/pkgIndex.tcl 
Execute         source C:/AMDDesignTools/2025.2/Vitis/tps/tcl/tcllib2.0/tool/pkgIndex.tcl 
Execute         source C:/AMDDesignTools/2025.2/Vitis/tps/tcl/tcllib2.0/transfer/pkgIndex.tcl 
Execute         source C:/AMDDesignTools/2025.2/Vitis/tps/tcl/tcllib2.0/treeql/pkgIndex.tcl 
Execute         source C:/AMDDesignTools/2025.2/Vitis/tps/tcl/tcllib2.0/try/pkgIndex.tcl 
Execute         source C:/AMDDesignTools/2025.2/Vitis/tps/tcl/tcllib2.0/udpcluster/pkgIndex.tcl 
Execute         source C:/AMDDesignTools/2025.2/Vitis/tps/tcl/tcllib2.0/uev/pkgIndex.tcl 
Execute         source C:/AMDDesignTools/2025.2/Vitis/tps/tcl/tcllib2.0/units/pkgIndex.tcl 
Execute         source C:/AMDDesignTools/2025.2/Vitis/tps/tcl/tcllib2.0/uri/pkgIndex.tcl 
Execute         source C:/AMDDesignTools/2025.2/Vitis/tps/tcl/tcllib2.0/uuid/pkgIndex.tcl 
Execute         source C:/AMDDesignTools/2025.2/Vitis/tps/tcl/tcllib2.0/valtype/pkgIndex.tcl 
Execute         source C:/AMDDesignTools/2025.2/Vitis/tps/tcl/tcllib2.0/virtchannel_base/pkgIndex.tcl 
Execute         source C:/AMDDesignTools/2025.2/Vitis/tps/tcl/tcllib2.0/virtchannel_core/pkgIndex.tcl 
Execute         source C:/AMDDesignTools/2025.2/Vitis/tps/tcl/tcllib2.0/virtchannel_transform/pkgIndex.tcl 
Execute         source C:/AMDDesignTools/2025.2/Vitis/tps/tcl/tcllib2.0/websocket/pkgIndex.tcl 
Execute         source C:/AMDDesignTools/2025.2/Vitis/tps/tcl/tcllib2.0/wip/pkgIndex.tcl 
Execute         source C:/AMDDesignTools/2025.2/Vitis/tps/tcl/tcllib2.0/yaml/pkgIndex.tcl 
Execute         source C:/AMDDesignTools/2025.2/Vitis/tps/tcl/tcllib2.0/zip/pkgIndex.tcl 
Execute         source C:/AMDDesignTools/2025.2/Vitis/tps/tcl/tcllib2.0/pkgIndex.tcl 
Execute           source C:/AMDDesignTools/2025.2/Vitis/tps/tcl/tcllib2.0/0compatibility/pkgIndex.tcl 
Execute           source C:/AMDDesignTools/2025.2/Vitis/tps/tcl/tcllib2.0/amazon-s3/pkgIndex.tcl 
Execute           source C:/AMDDesignTools/2025.2/Vitis/tps/tcl/tcllib2.0/asn/pkgIndex.tcl 
Execute           source C:/AMDDesignTools/2025.2/Vitis/tps/tcl/tcllib2.0/base32/pkgIndex.tcl 
Execute           source C:/AMDDesignTools/2025.2/Vitis/tps/tcl/tcllib2.0/base64/pkgIndex.tcl 
Execute           source C:/AMDDesignTools/2025.2/Vitis/tps/tcl/tcllib2.0/bee/pkgIndex.tcl 
Execute           source C:/AMDDesignTools/2025.2/Vitis/tps/tcl/tcllib2.0/bench/pkgIndex.tcl 
Execute           source C:/AMDDesignTools/2025.2/Vitis/tps/tcl/tcllib2.0/bibtex/pkgIndex.tcl 
Execute           source C:/AMDDesignTools/2025.2/Vitis/tps/tcl/tcllib2.0/cache/pkgIndex.tcl 
Execute           source C:/AMDDesignTools/2025.2/Vitis/tps/tcl/tcllib2.0/clay/pkgIndex.tcl 
Execute           source C:/AMDDesignTools/2025.2/Vitis/tps/tcl/tcllib2.0/clock/pkgIndex.tcl 
Execute           source C:/AMDDesignTools/2025.2/Vitis/tps/tcl/tcllib2.0/cmdline/pkgIndex.tcl 
Execute           source C:/AMDDesignTools/2025.2/Vitis/tps/tcl/tcllib2.0/comm/pkgIndex.tcl 
Execute           source C:/AMDDesignTools/2025.2/Vitis/tps/tcl/tcllib2.0/control/pkgIndex.tcl 
Execute           source C:/AMDDesignTools/2025.2/Vitis/tps/tcl/tcllib2.0/coroutine/pkgIndex.tcl 
Execute           source C:/AMDDesignTools/2025.2/Vitis/tps/tcl/tcllib2.0/counter/pkgIndex.tcl 
Execute           source C:/AMDDesignTools/2025.2/Vitis/tps/tcl/tcllib2.0/crc/pkgIndex.tcl 
Execute           source C:/AMDDesignTools/2025.2/Vitis/tps/tcl/tcllib2.0/cron/pkgIndex.tcl 
Execute           source C:/AMDDesignTools/2025.2/Vitis/tps/tcl/tcllib2.0/csv/pkgIndex.tcl 
Execute           source C:/AMDDesignTools/2025.2/Vitis/tps/tcl/tcllib2.0/debug/pkgIndex.tcl 
Execute           source C:/AMDDesignTools/2025.2/Vitis/tps/tcl/tcllib2.0/defer/pkgIndex.tcl 
Execute           source C:/AMDDesignTools/2025.2/Vitis/tps/tcl/tcllib2.0/dicttool/pkgIndex.tcl 
Execute           source C:/AMDDesignTools/2025.2/Vitis/tps/tcl/tcllib2.0/dns/pkgIndex.tcl 
Execute           source C:/AMDDesignTools/2025.2/Vitis/tps/tcl/tcllib2.0/docstrip/pkgIndex.tcl 
Execute           source C:/AMDDesignTools/2025.2/Vitis/tps/tcl/tcllib2.0/doctools/pkgIndex.tcl 
Execute           source C:/AMDDesignTools/2025.2/Vitis/tps/tcl/tcllib2.0/doctools2base/pkgIndex.tcl 
Execute           source C:/AMDDesignTools/2025.2/Vitis/tps/tcl/tcllib2.0/doctools2idx/pkgIndex.tcl 
Execute           source C:/AMDDesignTools/2025.2/Vitis/tps/tcl/tcllib2.0/doctools2toc/pkgIndex.tcl 
Execute           source C:/AMDDesignTools/2025.2/Vitis/tps/tcl/tcllib2.0/dtplite/pkgIndex.tcl 
Execute           source C:/AMDDesignTools/2025.2/Vitis/tps/tcl/tcllib2.0/fileutil/pkgIndex.tcl 
Execute           source C:/AMDDesignTools/2025.2/Vitis/tps/tcl/tcllib2.0/ftp/pkgIndex.tcl 
Execute           source C:/AMDDesignTools/2025.2/Vitis/tps/tcl/tcllib2.0/ftpd/pkgIndex.tcl 
Execute           source C:/AMDDesignTools/2025.2/Vitis/tps/tcl/tcllib2.0/fumagic/pkgIndex.tcl 
Execute           source C:/AMDDesignTools/2025.2/Vitis/tps/tcl/tcllib2.0/generator/pkgIndex.tcl 
Execute           source C:/AMDDesignTools/2025.2/Vitis/tps/tcl/tcllib2.0/gpx/pkgIndex.tcl 
Execute           source C:/AMDDesignTools/2025.2/Vitis/tps/tcl/tcllib2.0/grammar_aycock/pkgIndex.tcl 
Execute           source C:/AMDDesignTools/2025.2/Vitis/tps/tcl/tcllib2.0/grammar_fa/pkgIndex.tcl 
Execute           source C:/AMDDesignTools/2025.2/Vitis/tps/tcl/tcllib2.0/grammar_me/pkgIndex.tcl 
Execute           source C:/AMDDesignTools/2025.2/Vitis/tps/tcl/tcllib2.0/grammar_peg/pkgIndex.tcl 
Execute           source C:/AMDDesignTools/2025.2/Vitis/tps/tcl/tcllib2.0/hook/pkgIndex.tcl 
Execute           source C:/AMDDesignTools/2025.2/Vitis/tps/tcl/tcllib2.0/html/pkgIndex.tcl 
Execute           source C:/AMDDesignTools/2025.2/Vitis/tps/tcl/tcllib2.0/htmlparse/pkgIndex.tcl 
Execute           source C:/AMDDesignTools/2025.2/Vitis/tps/tcl/tcllib2.0/http/pkgIndex.tcl 
Execute           source C:/AMDDesignTools/2025.2/Vitis/tps/tcl/tcllib2.0/httpd/pkgIndex.tcl 
Execute           source C:/AMDDesignTools/2025.2/Vitis/tps/tcl/tcllib2.0/httpwget/pkgIndex.tcl 
Execute           source C:/AMDDesignTools/2025.2/Vitis/tps/tcl/tcllib2.0/ident/pkgIndex.tcl 
Execute           source C:/AMDDesignTools/2025.2/Vitis/tps/tcl/tcllib2.0/imap4/pkgIndex.tcl 
Execute           source C:/AMDDesignTools/2025.2/Vitis/tps/tcl/tcllib2.0/inifile/pkgIndex.tcl 
Execute           source C:/AMDDesignTools/2025.2/Vitis/tps/tcl/tcllib2.0/interp/pkgIndex.tcl 
Execute           source C:/AMDDesignTools/2025.2/Vitis/tps/tcl/tcllib2.0/irc/pkgIndex.tcl 
Execute           source C:/AMDDesignTools/2025.2/Vitis/tps/tcl/tcllib2.0/javascript/pkgIndex.tcl 
Execute           source C:/AMDDesignTools/2025.2/Vitis/tps/tcl/tcllib2.0/jpeg/pkgIndex.tcl 
Execute           source C:/AMDDesignTools/2025.2/Vitis/tps/tcl/tcllib2.0/json/pkgIndex.tcl 
Execute           source C:/AMDDesignTools/2025.2/Vitis/tps/tcl/tcllib2.0/lambda/pkgIndex.tcl 
Execute           source C:/AMDDesignTools/2025.2/Vitis/tps/tcl/tcllib2.0/lazyset/pkgIndex.tcl 
Execute           source C:/AMDDesignTools/2025.2/Vitis/tps/tcl/tcllib2.0/ldap/pkgIndex.tcl 
Execute           source C:/AMDDesignTools/2025.2/Vitis/tps/tcl/tcllib2.0/log/pkgIndex.tcl 
Execute           source C:/AMDDesignTools/2025.2/Vitis/tps/tcl/tcllib2.0/map/pkgIndex.tcl 
Execute           source C:/AMDDesignTools/2025.2/Vitis/tps/tcl/tcllib2.0/mapproj/pkgIndex.tcl 
Execute           source C:/AMDDesignTools/2025.2/Vitis/tps/tcl/tcllib2.0/markdown/pkgIndex.tcl 
Execute           source C:/AMDDesignTools/2025.2/Vitis/tps/tcl/tcllib2.0/math/pkgIndex.tcl 
Execute           source C:/AMDDesignTools/2025.2/Vitis/tps/tcl/tcllib2.0/md4/pkgIndex.tcl 
Execute           source C:/AMDDesignTools/2025.2/Vitis/tps/tcl/tcllib2.0/md5/pkgIndex.tcl 
Execute           source C:/AMDDesignTools/2025.2/Vitis/tps/tcl/tcllib2.0/md5crypt/pkgIndex.tcl 
Execute           source C:/AMDDesignTools/2025.2/Vitis/tps/tcl/tcllib2.0/mime/pkgIndex.tcl 
Execute           source C:/AMDDesignTools/2025.2/Vitis/tps/tcl/tcllib2.0/mkdoc/pkgIndex.tcl 
Execute           source C:/AMDDesignTools/2025.2/Vitis/tps/tcl/tcllib2.0/multiplexer/pkgIndex.tcl 
Execute           source C:/AMDDesignTools/2025.2/Vitis/tps/tcl/tcllib2.0/namespacex/pkgIndex.tcl 
Execute           source C:/AMDDesignTools/2025.2/Vitis/tps/tcl/tcllib2.0/ncgi/pkgIndex.tcl 
Execute           source C:/AMDDesignTools/2025.2/Vitis/tps/tcl/tcllib2.0/nettool/pkgIndex.tcl 
Execute           source C:/AMDDesignTools/2025.2/Vitis/tps/tcl/tcllib2.0/nmea/pkgIndex.tcl 
Execute           source C:/AMDDesignTools/2025.2/Vitis/tps/tcl/tcllib2.0/nns/pkgIndex.tcl 
Execute           source C:/AMDDesignTools/2025.2/Vitis/tps/tcl/tcllib2.0/nntp/pkgIndex.tcl 
Execute           source C:/AMDDesignTools/2025.2/Vitis/tps/tcl/tcllib2.0/ntp/pkgIndex.tcl 
Execute           source C:/AMDDesignTools/2025.2/Vitis/tps/tcl/tcllib2.0/oauth/pkgIndex.tcl 
Execute           source C:/AMDDesignTools/2025.2/Vitis/tps/tcl/tcllib2.0/oodialect/pkgIndex.tcl 
Execute           source C:/AMDDesignTools/2025.2/Vitis/tps/tcl/tcllib2.0/oometa/pkgIndex.tcl 
Execute           source C:/AMDDesignTools/2025.2/Vitis/tps/tcl/tcllib2.0/ooutil/pkgIndex.tcl 
Execute           source C:/AMDDesignTools/2025.2/Vitis/tps/tcl/tcllib2.0/otp/pkgIndex.tcl 
Execute           source C:/AMDDesignTools/2025.2/Vitis/tps/tcl/tcllib2.0/page/pkgIndex.tcl 
Execute           source C:/AMDDesignTools/2025.2/Vitis/tps/tcl/tcllib2.0/pluginmgr/pkgIndex.tcl 
Execute           source C:/AMDDesignTools/2025.2/Vitis/tps/tcl/tcllib2.0/png/pkgIndex.tcl 
Execute           source C:/AMDDesignTools/2025.2/Vitis/tps/tcl/tcllib2.0/pop3/pkgIndex.tcl 
Execute           source C:/AMDDesignTools/2025.2/Vitis/tps/tcl/tcllib2.0/pop3d/pkgIndex.tcl 
Execute           source C:/AMDDesignTools/2025.2/Vitis/tps/tcl/tcllib2.0/practcl/pkgIndex.tcl 
Execute           source C:/AMDDesignTools/2025.2/Vitis/tps/tcl/tcllib2.0/processman/pkgIndex.tcl 
Execute           source C:/AMDDesignTools/2025.2/Vitis/tps/tcl/tcllib2.0/profiler/pkgIndex.tcl 
Execute           source C:/AMDDesignTools/2025.2/Vitis/tps/tcl/tcllib2.0/pt/pkgIndex.tcl 
Execute           source C:/AMDDesignTools/2025.2/Vitis/tps/tcl/tcllib2.0/rcs/pkgIndex.tcl 
Execute           source C:/AMDDesignTools/2025.2/Vitis/tps/tcl/tcllib2.0/report/pkgIndex.tcl 
Execute           source C:/AMDDesignTools/2025.2/Vitis/tps/tcl/tcllib2.0/rest/pkgIndex.tcl 
Execute           source C:/AMDDesignTools/2025.2/Vitis/tps/tcl/tcllib2.0/ripemd/pkgIndex.tcl 
Execute           source C:/AMDDesignTools/2025.2/Vitis/tps/tcl/tcllib2.0/sasl/pkgIndex.tcl 
Execute           source C:/AMDDesignTools/2025.2/Vitis/tps/tcl/tcllib2.0/sha1/pkgIndex.tcl 
Execute           source C:/AMDDesignTools/2025.2/Vitis/tps/tcl/tcllib2.0/simulation/pkgIndex.tcl 
Execute           source C:/AMDDesignTools/2025.2/Vitis/tps/tcl/tcllib2.0/smtpd/pkgIndex.tcl 
Execute           source C:/AMDDesignTools/2025.2/Vitis/tps/tcl/tcllib2.0/snit/pkgIndex.tcl 
Execute           source C:/AMDDesignTools/2025.2/Vitis/tps/tcl/tcllib2.0/soundex/pkgIndex.tcl 
Execute           source C:/AMDDesignTools/2025.2/Vitis/tps/tcl/tcllib2.0/stooop/pkgIndex.tcl 
Execute           source C:/AMDDesignTools/2025.2/Vitis/tps/tcl/tcllib2.0/string/pkgIndex.tcl 
Execute           source C:/AMDDesignTools/2025.2/Vitis/tps/tcl/tcllib2.0/stringprep/pkgIndex.tcl 
Execute           source C:/AMDDesignTools/2025.2/Vitis/tps/tcl/tcllib2.0/struct/pkgIndex.tcl 
Execute           source C:/AMDDesignTools/2025.2/Vitis/tps/tcl/tcllib2.0/tar/pkgIndex.tcl 
Execute           source C:/AMDDesignTools/2025.2/Vitis/tps/tcl/tcllib2.0/tepam/pkgIndex.tcl 
Execute           source C:/AMDDesignTools/2025.2/Vitis/tps/tcl/tcllib2.0/term/pkgIndex.tcl 
Execute           source C:/AMDDesignTools/2025.2/Vitis/tps/tcl/tcllib2.0/textutil/pkgIndex.tcl 
Execute           source C:/AMDDesignTools/2025.2/Vitis/tps/tcl/tcllib2.0/tie/pkgIndex.tcl 
Execute           source C:/AMDDesignTools/2025.2/Vitis/tps/tcl/tcllib2.0/tiff/pkgIndex.tcl 
Execute           source C:/AMDDesignTools/2025.2/Vitis/tps/tcl/tcllib2.0/tool/pkgIndex.tcl 
Execute           source C:/AMDDesignTools/2025.2/Vitis/tps/tcl/tcllib2.0/transfer/pkgIndex.tcl 
Execute           source C:/AMDDesignTools/2025.2/Vitis/tps/tcl/tcllib2.0/treeql/pkgIndex.tcl 
Execute           source C:/AMDDesignTools/2025.2/Vitis/tps/tcl/tcllib2.0/try/pkgIndex.tcl 
Execute           source C:/AMDDesignTools/2025.2/Vitis/tps/tcl/tcllib2.0/udpcluster/pkgIndex.tcl 
Execute           source C:/AMDDesignTools/2025.2/Vitis/tps/tcl/tcllib2.0/uev/pkgIndex.tcl 
Execute           source C:/AMDDesignTools/2025.2/Vitis/tps/tcl/tcllib2.0/units/pkgIndex.tcl 
Execute           source C:/AMDDesignTools/2025.2/Vitis/tps/tcl/tcllib2.0/uri/pkgIndex.tcl 
Execute           source C:/AMDDesignTools/2025.2/Vitis/tps/tcl/tcllib2.0/uuid/pkgIndex.tcl 
Execute           source C:/AMDDesignTools/2025.2/Vitis/tps/tcl/tcllib2.0/valtype/pkgIndex.tcl 
Execute           source C:/AMDDesignTools/2025.2/Vitis/tps/tcl/tcllib2.0/virtchannel_base/pkgIndex.tcl 
Execute           source C:/AMDDesignTools/2025.2/Vitis/tps/tcl/tcllib2.0/virtchannel_core/pkgIndex.tcl 
Execute           source C:/AMDDesignTools/2025.2/Vitis/tps/tcl/tcllib2.0/virtchannel_transform/pkgIndex.tcl 
Execute           source C:/AMDDesignTools/2025.2/Vitis/tps/tcl/tcllib2.0/websocket/pkgIndex.tcl 
Execute           source C:/AMDDesignTools/2025.2/Vitis/tps/tcl/tcllib2.0/wip/pkgIndex.tcl 
Execute           source C:/AMDDesignTools/2025.2/Vitis/tps/tcl/tcllib2.0/yaml/pkgIndex.tcl 
Execute           source C:/AMDDesignTools/2025.2/Vitis/tps/tcl/tcllib2.0/zip/pkgIndex.tcl 
Execute         source C:/AMDDesignTools/2025.2/Vitis/tps/tcl/tdom/pkgIndex.tcl 
Execute         source C:/AMDDesignTools/2025.2/Vitis/tps/tcl/tk8.6/pkgIndex.tcl 
Execute         source C:/AMDDesignTools/2025.2/Vitis/tps/tcl/tcl8.6/opt0.4/pkgIndex.tcl 
Execute         source C:/AMDDesignTools/2025.2/Vitis/tps/tcl/tcl8.6/pkgs/win/thread2.8.7/pkgIndex.tcl 
Command       ap_source done; 0.364 sec.
INFO-FLOW: Workspace C:/Users/vempa/Documents/Projects/RADAR_Chirp_Engine/ChirpGenerator/ChirpGenerator/hls opened at Tue Aug 18 15:58:35 +0530 2026
Execute       source C:/Users/vempa/Documents/Projects/RADAR_Chirp_Engine/ChirpGenerator/ChirpGenerator/hls/.autopilot/db/global.setting.tcl 
Execute       set_part xc7z020-clg484-1 
Execute         create_platform xc7z020-clg484-1 -board  
DBG:HLSDevice: Trying to load device library: C:/AMDDesignTools/2025.2/Vitis\lib\win64.o\xv_hlsvwrap.dll
DBG:HLSDevice: first parts/arch.xml in RDI_DATADIR: C:/AMDDesignTools/2025.2/Vivado/data/parts/arch.xml
DBG:HLSDevice: init success
INFO: [HLS 200-1611] Setting target device to 'xc7z020-clg484-1'
Command         create_platform done; 0.682 sec.
Execute         source C:/AMDDesignTools/2025.2/Vitis/common/technology/xilinx/common/xilinx.gen 
Execute           source C:/AMDDesignTools/2025.2/Vitis/common/technology/xilinx/interface/plb46.gen 
Execute           source C:/AMDDesignTools/2025.2/Vitis/common/technology/xilinx/interface/axi4.gen 
Execute           source C:/AMDDesignTools/2025.2/Vitis/common/technology/xilinx/interface/nativeAXI4.gen 
Execute             source C:/AMDDesignTools/2025.2/Vitis/common/technology/xilinx/interface/saxilite.gen 
Execute           source C:/AMDDesignTools/2025.2/Vitis/common/technology/xilinx/scripts/xilinxcoregen.gen 
Execute           source C:/AMDDesignTools/2025.2/Vitis/common/technology/xilinx/interface/XilEDKCoreGen.gen 
Execute           source C:/AMDDesignTools/2025.2/Vitis/common/technology/xilinx/ip/dds_compiler.gen 
Execute           source C:/AMDDesignTools/2025.2/Vitis/common/technology/xilinx/ip/util.gen 
Execute           source C:/AMDDesignTools/2025.2/Vitis/common/technology/xilinx/ip/xfft.gen 
Execute           source C:/AMDDesignTools/2025.2/Vitis/common/technology/xilinx/ip/xfir.gen 
Execute           source C:/AMDDesignTools/2025.2/Vitis/common/technology/xilinx/DSP48/dsp48.gen 
Execute         ap_part_info -name xc7z020-clg484-1 -data info 
Execute         config_compile -quiet -complex-mul-dsp=0 
Command       set_part done; 0.756 sec.
Execute       send_msg_by_id INFO @200-1505@%s%s default  vivado 
INFO: [HLS 200-1505] Using default flow_target 'vivado'
Execute       send_msg_by_id INFO @200-2174@%s%s component hls_config.cfg 
INFO: [HLS 200-2174] Applying component config ini file hls_config.cfg
Execute       apply_ini hls_config.cfg 
Execute         send_msg_by_id INFO @200-1465@%s 'syn.file=chirp.cpp' from hls_config.cfg(7) 
INFO: [HLS 200-1465] Applying config ini 'syn.file=chirp.cpp' from hls_config.cfg(7)
Execute         add_files C:/Users/vempa/Documents/Projects/RADAR_Chirp_Engine/ChirpGenerator/chirp.cpp 
INFO: [HLS 200-10] Adding design file 'C:/Users/vempa/Documents/Projects/RADAR_Chirp_Engine/ChirpGenerator/chirp.cpp' to the project
Execute         send_msg_by_id INFO @200-1465@%s 'syn.file=chirp.h' from hls_config.cfg(8) 
INFO: [HLS 200-1465] Applying config ini 'syn.file=chirp.h' from hls_config.cfg(8)
Execute         add_files C:/Users/vempa/Documents/Projects/RADAR_Chirp_Engine/ChirpGenerator/chirp.h 
INFO: [HLS 200-10] Adding design file 'C:/Users/vempa/Documents/Projects/RADAR_Chirp_Engine/ChirpGenerator/chirp.h' to the project
Execute         send_msg_by_id INFO @200-1465@%s 'tb.file=chirp_tb.cpp' from hls_config.cfg(9) 
INFO: [HLS 200-1465] Applying config ini 'tb.file=chirp_tb.cpp' from hls_config.cfg(9)
Execute         add_files -tb C:/Users/vempa/Documents/Projects/RADAR_Chirp_Engine/ChirpGenerator/chirp_tb.cpp 
INFO: [HLS 200-10] Adding test bench file 'C:/Users/vempa/Documents/Projects/RADAR_Chirp_Engine/ChirpGenerator/chirp_tb.cpp' to the project
Execute         send_msg_by_id INFO @200-1465@%s 'syn.top=chirp' from hls_config.cfg(10) 
INFO: [HLS 200-1465] Applying config ini 'syn.top=chirp' from hls_config.cfg(10)
Execute         set_top chirp 
Execute         send_msg_by_id INFO @200-1465@%s 'flow_target=vivado' from hls_config.cfg(4) 
INFO: [HLS 200-1465] Applying config ini 'flow_target=vivado' from hls_config.cfg(4)
Execute         send_msg_by_id INFO @200-1505@%s%s  vivado 
INFO: [HLS 200-1505] Using flow_target 'vivado'
Execute         send_msg_by_id INFO @200-1465@%s 'part=xc7z020clg484-1' from hls_config.cfg(1) 
INFO: [HLS 200-1465] Applying config ini 'part=xc7z020clg484-1' from hls_config.cfg(1)
Execute         set_part xc7z020clg484-1 
Execute           create_platform xc7z020clg484-1 -board  
Command           create_platform done; 0.115 sec.
Execute           source C:/AMDDesignTools/2025.2/Vitis/common/technology/xilinx/common/xilinx.gen 
Execute             source C:/AMDDesignTools/2025.2/Vitis/common/technology/xilinx/interface/plb46.gen 
Execute             source C:/AMDDesignTools/2025.2/Vitis/common/technology/xilinx/interface/axi4.gen 
Execute             source C:/AMDDesignTools/2025.2/Vitis/common/technology/xilinx/interface/nativeAXI4.gen 
Execute               source C:/AMDDesignTools/2025.2/Vitis/common/technology/xilinx/interface/saxilite.gen 
Execute             source C:/AMDDesignTools/2025.2/Vitis/common/technology/xilinx/scripts/xilinxcoregen.gen 
Execute             source C:/AMDDesignTools/2025.2/Vitis/common/technology/xilinx/interface/XilEDKCoreGen.gen 
Execute             source C:/AMDDesignTools/2025.2/Vitis/common/technology/xilinx/ip/dds_compiler.gen 
Execute             source C:/AMDDesignTools/2025.2/Vitis/common/technology/xilinx/ip/util.gen 
Execute             source C:/AMDDesignTools/2025.2/Vitis/common/technology/xilinx/ip/xfft.gen 
Execute             source C:/AMDDesignTools/2025.2/Vitis/common/technology/xilinx/ip/xfir.gen 
Execute             source C:/AMDDesignTools/2025.2/Vitis/common/technology/xilinx/DSP48/dsp48.gen 
Execute           ap_part_info -name xc7z020-clg484-1 -data info 
Execute           config_compile -quiet -complex-mul-dsp=0 
Command         set_part done; 0.182 sec.
Execute         send_msg_by_id INFO @200-1465@%s 'package.output.format=ip_catalog' from hls_config.cfg(5) 
INFO: [HLS 200-1465] Applying config ini 'package.output.format=ip_catalog' from hls_config.cfg(5)
Execute         config_export -format=ip_catalog 
Command       apply_ini done; 0.217 sec.
Execute       write_component -config C:/Users/vempa/Documents/Projects/RADAR_Chirp_Engine/ChirpGenerator/hls_config.cfg 
Execute         send_msg_by_id INFO @200-2176@%s C:/Users/vempa/Documents/Projects/RADAR_Chirp_Engine/ChirpGenerator/ChirpGenerator/vitis-comp.json 
INFO: [HLS 200-2176] Writing Vitis IDE component file C:/Users/vempa/Documents/Projects/RADAR_Chirp_Engine/ChirpGenerator/ChirpGenerator/vitis-comp.json
Command     open_solution done; 1.376 sec.
Command   open_component done; 1.38 sec.
Execute   apply_ini C:/Users/vempa/Documents/Projects/RADAR_Chirp_Engine/ChirpGenerator/ChirpGenerator/hls/config.cmdline -iscmdline 
Execute   ::AP::init_summary_file vivado-impl 
Execute     AP::app_get_file_relativeroot [AP::app_get_root] {}
Execute   export_design -flow impl 
Execute     config_export -flow=impl 
INFO-FLOW: DBG:PUTS: export_design_wrap: -flow impl -format ip_catalog -rtl verilog
Execute     source C:/Users/vempa/Documents/Projects/RADAR_Chirp_Engine/ChirpGenerator/ChirpGenerator/hls/.autopilot/db/global.setting.tcl 
INFO-FLOW: DBG:PUTS:   auto_impl: pack: -export -rtl verilog
INFO-FLOW: DBG:PROC: ::AESL_AUTOIMPL::auto_impl args='-export -rtl verilog'
Execute     source C:/Users/vempa/Documents/Projects/RADAR_Chirp_Engine/ChirpGenerator/ChirpGenerator/hls/.autopilot/db/global.setting.tcl 
INFO: [IMPL 213-8] Exporting RTL as a Vivado IP.
INFO-FLOW: DBG:PUTS: automg_wrap -export -pcore_version 1.00.a -rtl vlog -tool Vivado -impltomg_flag
INFO-FLOW: DBG:PROC: ::AESL_AUTOMG::auto_generate args='-export -pcore_version 1.00.a -rtl vlog -tool Vivado -impltomg_flag'
INFO-FLOW: DBG:PUTS:     auto_generate -export -pcore_version 1.00.a -rtl vlog -tool Vivado -impltomg_flag
Execute     source C:/Users/vempa/Documents/Projects/RADAR_Chirp_Engine/ChirpGenerator/ChirpGenerator/hls/.autopilot/db/global.setting.tcl 
INFO-FLOW: DBG:PUTS: read_platform_lib C:/Users/vempa/Documents/Projects/RADAR_Chirp_Engine/ChirpGenerator/ChirpGenerator/hls/.autopilot/db/global.setting.tcl
Execute     source C:/AMDDesignTools/2025.2/Vitis/common/technology/generic/autopilot/common.gen 
Execute       source C:/AMDDesignTools/2025.2/Vitis/common/technology/generic/autopilot/APCoreGen.gen 
Execute     source C:/AMDDesignTools/2025.2/Vitis/common/technology/generic/autopilot/op.gen 
Execute     source C:/AMDDesignTools/2025.2/Vitis/common/technology/generic/autopilot/op_simcore.gen 
Execute     source C:/AMDDesignTools/2025.2/Vitis/common/technology/generic/autopilot/interface.gen 
Execute     source C:/Users/vempa/Documents/Projects/RADAR_Chirp_Engine/ChirpGenerator/ChirpGenerator/hls/.autopilot/db/global.setting.tcl 
Execute     source C:/AMDDesignTools/2025.2/Vitis/common/technology/xilinx/common/xilinx.gen 
Execute       source C:/AMDDesignTools/2025.2/Vitis/common/technology/xilinx/interface/plb46.gen 
Execute       source C:/AMDDesignTools/2025.2/Vitis/common/technology/xilinx/interface/axi4.gen 
Execute       source C:/AMDDesignTools/2025.2/Vitis/common/technology/xilinx/interface/nativeAXI4.gen 
Execute         source C:/AMDDesignTools/2025.2/Vitis/common/technology/xilinx/interface/saxilite.gen 
Execute       source C:/AMDDesignTools/2025.2/Vitis/common/technology/xilinx/scripts/xilinxcoregen.gen 
Execute       source C:/AMDDesignTools/2025.2/Vitis/common/technology/xilinx/interface/XilEDKCoreGen.gen 
Execute       source C:/AMDDesignTools/2025.2/Vitis/common/technology/xilinx/ip/dds_compiler.gen 
Execute       source C:/AMDDesignTools/2025.2/Vitis/common/technology/xilinx/ip/util.gen 
Execute       source C:/AMDDesignTools/2025.2/Vitis/common/technology/xilinx/ip/xfft.gen 
Execute       source C:/AMDDesignTools/2025.2/Vitis/common/technology/xilinx/ip/xfir.gen 
Execute       source C:/AMDDesignTools/2025.2/Vitis/common/technology/xilinx/DSP48/dsp48.gen 
INFO-FLOW: DBG:PUTS:   using AESL_AUTOCG::g_clock_period=10.000 (was NA)
INFO-FLOW: DBG:PUTS:       initCTypeInfo top_module=chirp xml_exists=1
Execute     source C:/Users/vempa/Documents/Projects/RADAR_Chirp_Engine/ChirpGenerator/ChirpGenerator/hls/.autopilot/db/chirp.rtl_wrap.cfg.tcl 
Execute     source C:/Users/vempa/Documents/Projects/RADAR_Chirp_Engine/ChirpGenerator/ChirpGenerator/hls/.autopilot/db/chirp.rtl_wrap.cfg.tcl 
Execute     source C:/Users/vempa/Documents/Projects/RADAR_Chirp_Engine/ChirpGenerator/ChirpGenerator/hls/.autopilot/db/chirp.rtl_wrap.cfg.tcl 
Execute     source C:/Users/vempa/Documents/Projects/RADAR_Chirp_Engine/ChirpGenerator/ChirpGenerator/hls/.autopilot/db/chirp.tbgen.tcl 
Execute     source C:/Users/vempa/Documents/Projects/RADAR_Chirp_Engine/ChirpGenerator/ChirpGenerator/hls/.autopilot/db/chirp.tbgen.tcl 
Execute     source C:/Users/vempa/Documents/Projects/RADAR_Chirp_Engine/ChirpGenerator/ChirpGenerator/hls/.autopilot/db/chirp.tbgen.tcl 
Execute     source C:/Users/vempa/Documents/Projects/RADAR_Chirp_Engine/ChirpGenerator/ChirpGenerator/hls/.autopilot/db/global.setting.tcl 
Execute     source C:/Users/vempa/Documents/Projects/RADAR_Chirp_Engine/ChirpGenerator/ChirpGenerator/hls/.autopilot/db/chirp.tbgen.tcl 
Execute     source C:/Users/vempa/Documents/Projects/RADAR_Chirp_Engine/ChirpGenerator/ChirpGenerator/hls/.autopilot/db/cosimDB.tcl 
INFO-FLOW: DBG:PUTS:       cosim_export_main adding deadlock detection to chirp
INFO-FLOW: DBG:PUTS:       generate_datafile_ip_script ip_types={vitis sysgen} #gSsdmPorts=0
INFO-FLOW: DBG:PUTS: Skipping loadAnalyze_DB, #g_database=9
INFO-FLOW: DBG:PUTS:       generate_json generate_bd_files=0 generate_xo_files=false #modelList=27 #gSsdmPorts=0
INFO-FLOW: DBG:PROC: ::AP::DESIGN_DATA::generate_json generate_bd_files='0' generate_xo_files='false' modelList='chirp_fadd_32ns_32ns_32_5_full_dsp_1
chirp_fmul_32ns_32ns_32_4_max_dsp_1
chirp_sitofp_32ns_32_6_no_dsp_1
chirp_fptrunc_64ns_32_2_no_dsp_1
chirp_fpext_32ns_64_2_no_dsp_1
chirp_fcmp_32ns_32ns_1_2_no_dsp_1
chirp_dmul_64ns_64ns_64_7_max_dsp_1
chirp_mul_23s_22ns_45_1_1
chirp_mul_30s_29ns_58_2_1
chirp_mul_80s_24ns_80_5_1
chirp_sparsemux_17_3_1_1_1
chirp_sparsemux_33_4_1_1_1
chirp_sparsemux_33_4_1_1_1
chirp_ctlz_30_30_1_1
chirp_mul_15ns_15ns_30_1_1
chirp_mul_15ns_15s_30_1_1
chirp_ctlz_32_32_1_1
chirp_chirp_Pipeline_VITIS_LOOP_60_1_VITIS_LOOP_63_2_ref_4oPi_table_100_ROM_1P_LUTRbkb
chirp_chirp_Pipeline_VITIS_LOOP_60_1_VITIS_LOOP_63_2_second_order_float_sin_cos_K0_cud
chirp_chirp_Pipeline_VITIS_LOOP_60_1_VITIS_LOOP_63_2_second_order_float_sin_cos_K1_dEe
chirp_chirp_Pipeline_VITIS_LOOP_60_1_VITIS_LOOP_63_2_second_order_float_sin_cos_K2_eOg
chirp_flow_control_loop_pipe_sequential_init
chirp_fmul_32ns_32ns_32_4_max_dsp_1
chirp_fdiv_32ns_32ns_32_16_no_dsp_1
chirp_mul_31ns_31ns_62_2_1
chirp_Pipeline_VITIS_LOOP_60_1_VITIS_LOOP_63_2
chirp
' rtl_lang='vlog' bootstrap_tcl='false' outdir='' outfilename=''
Execute     source C:/Users/vempa/Documents/Projects/RADAR_Chirp_Engine/ChirpGenerator/ChirpGenerator/hls/.autopilot/db/global.setting.tcl 
Execute     source C:/Users/vempa/Documents/Projects/RADAR_Chirp_Engine/ChirpGenerator/ChirpGenerator/hls/.autopilot/db/global.setting.tcl 
Execute     source C:/Users/vempa/Documents/Projects/RADAR_Chirp_Engine/ChirpGenerator/ChirpGenerator/hls/.autopilot/db/top-io-be.tcl 
Execute     source C:/Users/vempa/Documents/Projects/RADAR_Chirp_Engine/ChirpGenerator/ChirpGenerator/hls/.autopilot/db/chirp.tbgen.tcl 
Execute     source C:/Users/vempa/Documents/Projects/RADAR_Chirp_Engine/ChirpGenerator/ChirpGenerator/hls/.autopilot/db/chirp.rtl_wrap.cfg.tcl 
Execute     source C:/Users/vempa/Documents/Projects/RADAR_Chirp_Engine/ChirpGenerator/ChirpGenerator/hls/.autopilot/db/chirp.compgen.dataonly.tcl 
Execute     source C:/Users/vempa/Documents/Projects/RADAR_Chirp_Engine/ChirpGenerator/ChirpGenerator/hls/.autopilot/db/chirp_Pipeline_VITIS_LOOP_60_1_VITIS_LOOP_63_2.tbgen.tcl 
Execute     source C:/Users/vempa/Documents/Projects/RADAR_Chirp_Engine/ChirpGenerator/ChirpGenerator/hls/.autopilot/db/chirp.tbgen.tcl 
Execute     source C:/Users/vempa/Documents/Projects/RADAR_Chirp_Engine/ChirpGenerator/ChirpGenerator/hls/.autopilot/db/global.setting.tcl 
Execute     ap_part_info -name xc7z020-clg484-1 -data names -quiet 
Execute     ap_part_info -name xc7z020-clg484-1 -data info -quiet 
Execute     source C:/Users/vempa/Documents/Projects/RADAR_Chirp_Engine/ChirpGenerator/ChirpGenerator/hls/.autopilot/db/chirp.constraint.tcl 
Execute     sc_get_clocks chirp 
Execute     source C:/Users/vempa/Documents/Projects/RADAR_Chirp_Engine/ChirpGenerator/ChirpGenerator/hls/.autopilot/db/global.setting.tcl 
Execute     source C:/AMDDesignTools/2025.2/Vitis/tps/tcl/tcllib2.0/fileutil/fileutil.tcl 
Execute       source C:/AMDDesignTools/2025.2/Vitis/tps/tcl/tcllib2.0/cmdline/cmdline.tcl 
Execute     source C:/Users/vempa/Documents/Projects/RADAR_Chirp_Engine/ChirpGenerator/ChirpGenerator/hls/impl/misc/chirp_dmul_64ns_64ns_64_7_max_dsp_1_ip.tcl 
Execute     source C:/Users/vempa/Documents/Projects/RADAR_Chirp_Engine/ChirpGenerator/ChirpGenerator/hls/impl/misc/chirp_fadd_32ns_32ns_32_5_full_dsp_1_ip.tcl 
Execute     source C:/Users/vempa/Documents/Projects/RADAR_Chirp_Engine/ChirpGenerator/ChirpGenerator/hls/impl/misc/chirp_fcmp_32ns_32ns_1_2_no_dsp_1_ip.tcl 
Execute     source C:/Users/vempa/Documents/Projects/RADAR_Chirp_Engine/ChirpGenerator/ChirpGenerator/hls/impl/misc/chirp_fdiv_32ns_32ns_32_16_no_dsp_1_ip.tcl 
Execute     source C:/Users/vempa/Documents/Projects/RADAR_Chirp_Engine/ChirpGenerator/ChirpGenerator/hls/impl/misc/chirp_fmul_32ns_32ns_32_4_max_dsp_1_ip.tcl 
Execute     source C:/Users/vempa/Documents/Projects/RADAR_Chirp_Engine/ChirpGenerator/ChirpGenerator/hls/impl/misc/chirp_fpext_32ns_64_2_no_dsp_1_ip.tcl 
Execute     source C:/Users/vempa/Documents/Projects/RADAR_Chirp_Engine/ChirpGenerator/ChirpGenerator/hls/impl/misc/chirp_fptrunc_64ns_32_2_no_dsp_1_ip.tcl 
Execute     source C:/Users/vempa/Documents/Projects/RADAR_Chirp_Engine/ChirpGenerator/ChirpGenerator/hls/impl/misc/chirp_sitofp_32ns_32_6_no_dsp_1_ip.tcl 
INFO-FLOW: DBG:PUTS:       generate_syn_sh
Execute     ap_part_info -name xc7z020-clg484-1 -data names -quiet 
Execute     ap_part_info -name xc7z020-clg484-1 -data info -quiet 
Execute     source C:/Users/vempa/Documents/Projects/RADAR_Chirp_Engine/ChirpGenerator/ChirpGenerator/hls/.autopilot/db/global.setting.tcl 
INFO-FLOW: DBG:PUTS:       generate_imp_constraints
Execute     ap_part_info -name xc7z020-clg484-1 -data names -quiet 
Execute     ap_part_info -name xc7z020-clg484-1 -data info -quiet 
Execute     source C:/Users/vempa/Documents/Projects/RADAR_Chirp_Engine/ChirpGenerator/ChirpGenerator/hls/.autopilot/db/chirp.constraint.tcl 
Execute     source C:/Users/vempa/Documents/Projects/RADAR_Chirp_Engine/ChirpGenerator/ChirpGenerator/hls/.autopilot/db/chirp.tbgen.tcl 
INFO-FLOW: DBG:PUTS:       delete-temp-dirs pwd=C:/Users/vempa/Documents/Projects/RADAR_Chirp_Engine/ChirpGenerator/ChirpGenerator/hls
Execute     ap_part_info -name xc7z020-clg484-1 -data names -quiet 
Execute     ap_part_info -name xc7z020-clg484-1 -data info -quiet 
INFO-FLOW: DBG:PUTS: read_platform_lib C:/Users/vempa/Documents/Projects/RADAR_Chirp_Engine/ChirpGenerator/ChirpGenerator/hls/.autopilot/db/global.setting.tcl
Execute     source C:/AMDDesignTools/2025.2/Vitis/common/technology/generic/autopilot/common.gen 
Execute       source C:/AMDDesignTools/2025.2/Vitis/common/technology/generic/autopilot/APCoreGen.gen 
Execute     source C:/AMDDesignTools/2025.2/Vitis/common/technology/generic/autopilot/op.gen 
Execute     source C:/AMDDesignTools/2025.2/Vitis/common/technology/generic/autopilot/op_simcore.gen 
Execute     source C:/AMDDesignTools/2025.2/Vitis/common/technology/generic/autopilot/interface.gen 
Execute     source C:/Users/vempa/Documents/Projects/RADAR_Chirp_Engine/ChirpGenerator/ChirpGenerator/hls/.autopilot/db/global.setting.tcl 
Execute     source C:/AMDDesignTools/2025.2/Vitis/common/technology/xilinx/common/xilinx.gen 
Execute       source C:/AMDDesignTools/2025.2/Vitis/common/technology/xilinx/interface/plb46.gen 
Execute       source C:/AMDDesignTools/2025.2/Vitis/common/technology/xilinx/interface/axi4.gen 
Execute       source C:/AMDDesignTools/2025.2/Vitis/common/technology/xilinx/interface/nativeAXI4.gen 
Execute         source C:/AMDDesignTools/2025.2/Vitis/common/technology/xilinx/interface/saxilite.gen 
Execute       source C:/AMDDesignTools/2025.2/Vitis/common/technology/xilinx/scripts/xilinxcoregen.gen 
Execute       source C:/AMDDesignTools/2025.2/Vitis/common/technology/xilinx/interface/XilEDKCoreGen.gen 
Execute       source C:/AMDDesignTools/2025.2/Vitis/common/technology/xilinx/ip/dds_compiler.gen 
Execute       source C:/AMDDesignTools/2025.2/Vitis/common/technology/xilinx/ip/util.gen 
Execute       source C:/AMDDesignTools/2025.2/Vitis/common/technology/xilinx/ip/xfft.gen 
Execute       source C:/AMDDesignTools/2025.2/Vitis/common/technology/xilinx/ip/xfir.gen 
Execute       source C:/AMDDesignTools/2025.2/Vitis/common/technology/xilinx/DSP48/dsp48.gen 
INFO-FLOW: DBG:PUTS:     IP package: exec C:/Users/vempa/Documents/Projects/RADAR_Chirp_Engine/ChirpGenerator/ChirpGenerator/hls/impl/ip/pack.bat
INFO-FLOW: DBG:PUTS:     IP package: success C:/Users/vempa/Documents/Projects/RADAR_Chirp_Engine/ChirpGenerator/ChirpGenerator/hls/impl/ip/pack.bat
INFO-FLOW: DBG:PUTS:   auto_impl: eval: -flow impl -rtl verilog
INFO-FLOW: DBG:PROC: ::AESL_AUTOIMPL::auto_impl args='-flow impl -rtl verilog'
Execute     source C:/Users/vempa/Documents/Projects/RADAR_Chirp_Engine/ChirpGenerator/ChirpGenerator/hls/.autopilot/db/global.setting.tcl 
INFO: [IMPL 213-8] Starting RTL evaluation using Vivado ...
INFO-FLOW: DBG:PUTS: automg_wrap -rtl vlog -tool Vivado -impltomg_flag
INFO-FLOW: DBG:PROC: ::AESL_AUTOMG::auto_generate args='-rtl vlog -tool Vivado -impltomg_flag'
INFO-FLOW: DBG:PUTS:     auto_generate -rtl vlog -tool Vivado -impltomg_flag
Execute     source C:/Users/vempa/Documents/Projects/RADAR_Chirp_Engine/ChirpGenerator/ChirpGenerator/hls/.autopilot/db/global.setting.tcl 
INFO-FLOW: DBG:PUTS: read_platform_lib C:/Users/vempa/Documents/Projects/RADAR_Chirp_Engine/ChirpGenerator/ChirpGenerator/hls/.autopilot/db/global.setting.tcl
Execute     source C:/AMDDesignTools/2025.2/Vitis/common/technology/generic/autopilot/common.gen 
Execute       source C:/AMDDesignTools/2025.2/Vitis/common/technology/generic/autopilot/APCoreGen.gen 
Execute     source C:/AMDDesignTools/2025.2/Vitis/common/technology/generic/autopilot/op.gen 
Execute     source C:/AMDDesignTools/2025.2/Vitis/common/technology/generic/autopilot/op_simcore.gen 
Execute     source C:/AMDDesignTools/2025.2/Vitis/common/technology/generic/autopilot/interface.gen 
Execute     source C:/Users/vempa/Documents/Projects/RADAR_Chirp_Engine/ChirpGenerator/ChirpGenerator/hls/.autopilot/db/global.setting.tcl 
Execute     source C:/AMDDesignTools/2025.2/Vitis/common/technology/xilinx/common/xilinx.gen 
Execute       source C:/AMDDesignTools/2025.2/Vitis/common/technology/xilinx/interface/plb46.gen 
Execute       source C:/AMDDesignTools/2025.2/Vitis/common/technology/xilinx/interface/axi4.gen 
Execute       source C:/AMDDesignTools/2025.2/Vitis/common/technology/xilinx/interface/nativeAXI4.gen 
Execute         source C:/AMDDesignTools/2025.2/Vitis/common/technology/xilinx/interface/saxilite.gen 
Execute       source C:/AMDDesignTools/2025.2/Vitis/common/technology/xilinx/scripts/xilinxcoregen.gen 
Execute       source C:/AMDDesignTools/2025.2/Vitis/common/technology/xilinx/interface/XilEDKCoreGen.gen 
Execute       source C:/AMDDesignTools/2025.2/Vitis/common/technology/xilinx/ip/dds_compiler.gen 
Execute       source C:/AMDDesignTools/2025.2/Vitis/common/technology/xilinx/ip/util.gen 
Execute       source C:/AMDDesignTools/2025.2/Vitis/common/technology/xilinx/ip/xfft.gen 
Execute       source C:/AMDDesignTools/2025.2/Vitis/common/technology/xilinx/ip/xfir.gen 
Execute       source C:/AMDDesignTools/2025.2/Vitis/common/technology/xilinx/DSP48/dsp48.gen 
INFO-FLOW: DBG:PUTS:       generate_syn_sh
Execute     ap_part_info -name xc7z020-clg484-1 -data names -quiet 
Execute     ap_part_info -name xc7z020-clg484-1 -data info -quiet 
Execute     source C:/Users/vempa/Documents/Projects/RADAR_Chirp_Engine/ChirpGenerator/ChirpGenerator/hls/.autopilot/db/global.setting.tcl 
INFO-FLOW: DBG:PUTS:       generate_imp_constraints
Execute     ap_part_info -name xc7z020-clg484-1 -data names -quiet 
Execute     ap_part_info -name xc7z020-clg484-1 -data info -quiet 
Execute     source C:/Users/vempa/Documents/Projects/RADAR_Chirp_Engine/ChirpGenerator/ChirpGenerator/hls/.autopilot/db/chirp.constraint.tcl 
Execute     source C:/Users/vempa/Documents/Projects/RADAR_Chirp_Engine/ChirpGenerator/ChirpGenerator/hls/.autopilot/db/chirp.tbgen.tcl 
INFO-FLOW: DBG:PUTS:       delete-temp-dirs pwd=C:/Users/vempa/Documents/Projects/RADAR_Chirp_Engine/ChirpGenerator/ChirpGenerator/hls
Execute     ap_part_info -name xc7z020-clg484-1 -data names -quiet 
Execute     ap_part_info -name xc7z020-clg484-1 -data info -quiet 
INFO-FLOW: DBG:PUTS: read_platform_lib C:/Users/vempa/Documents/Projects/RADAR_Chirp_Engine/ChirpGenerator/ChirpGenerator/hls/.autopilot/db/global.setting.tcl
Execute     source C:/AMDDesignTools/2025.2/Vitis/common/technology/generic/autopilot/common.gen 
Execute       source C:/AMDDesignTools/2025.2/Vitis/common/technology/generic/autopilot/APCoreGen.gen 
Execute     source C:/AMDDesignTools/2025.2/Vitis/common/technology/generic/autopilot/op.gen 
Execute     source C:/AMDDesignTools/2025.2/Vitis/common/technology/generic/autopilot/op_simcore.gen 
Execute     source C:/AMDDesignTools/2025.2/Vitis/common/technology/generic/autopilot/interface.gen 
Execute     source C:/Users/vempa/Documents/Projects/RADAR_Chirp_Engine/ChirpGenerator/ChirpGenerator/hls/.autopilot/db/global.setting.tcl 
Execute     source C:/AMDDesignTools/2025.2/Vitis/common/technology/xilinx/common/xilinx.gen 
Execute       source C:/AMDDesignTools/2025.2/Vitis/common/technology/xilinx/interface/plb46.gen 
Execute       source C:/AMDDesignTools/2025.2/Vitis/common/technology/xilinx/interface/axi4.gen 
Execute       source C:/AMDDesignTools/2025.2/Vitis/common/technology/xilinx/interface/nativeAXI4.gen 
Execute         source C:/AMDDesignTools/2025.2/Vitis/common/technology/xilinx/interface/saxilite.gen 
Execute       source C:/AMDDesignTools/2025.2/Vitis/common/technology/xilinx/scripts/xilinxcoregen.gen 
Execute       source C:/AMDDesignTools/2025.2/Vitis/common/technology/xilinx/interface/XilEDKCoreGen.gen 
Execute       source C:/AMDDesignTools/2025.2/Vitis/common/technology/xilinx/ip/dds_compiler.gen 
Execute       source C:/AMDDesignTools/2025.2/Vitis/common/technology/xilinx/ip/util.gen 
Execute       source C:/AMDDesignTools/2025.2/Vitis/common/technology/xilinx/ip/xfft.gen 
Execute       source C:/AMDDesignTools/2025.2/Vitis/common/technology/xilinx/ip/xfir.gen 
Execute       source C:/AMDDesignTools/2025.2/Vitis/common/technology/xilinx/DSP48/dsp48.gen 
Execute     source C:/Users/vempa/Documents/Projects/RADAR_Chirp_Engine/ChirpGenerator/ChirpGenerator/hls/.autopilot/db/autopilot.rtl.models.tcl 
Execute     source C:/Users/vempa/Documents/Projects/RADAR_Chirp_Engine/ChirpGenerator/ChirpGenerator/hls/.autopilot/db/global.setting.tcl 
Execute     ap_part_info -name xc7z020-clg484-1 -data names -quiet 
Execute     ap_part_info -name xc7z020-clg484-1 -data info -quiet 
INFO-FLOW: DBG:PUTS: debug_in_auto_impl: vlog exec C:/Users/vempa/Documents/Projects/RADAR_Chirp_Engine/ChirpGenerator/ChirpGenerator/hls/impl/verilog/impl.bat
INFO-FLOW: DBG:PROC: ::HLSREPORTS::auto_impl_report topinfo_dict='RtlTopPrefix {} RtlSubPrefix chirp_ TopModuleNoPrefix chirp TopModuleWithPrefix chirp' export_design_flow='impl' impl_dir='C:/Users/vempa/Documents/Projects/RADAR_Chirp_Engine/ChirpGenerator/ChirpGenerator/hls/impl' lang='verilog' out_dir='' flow_names=''
INFO-FLOW: Running: auto_impl_report read csynth_xml
INFO-FLOW: Done: auto_impl_report read csynth_xml time: 0 seconds 
INFO-FLOW: Running: auto_impl_report gen module_node_dict
INFO-FLOW: Done: auto_impl_report gen module_node_dict time: 0 seconds 
INFO-FLOW: Running: auto_impl_report get_csynth_rtlinst_dict
INFO-FLOW: Done: auto_impl_report get_csynth_rtlinst_dict time: 0 seconds 
INFO-FLOW: DBG:PUTS:     auto_impl_report: impl processing xml
INFO-FLOW: Running: auto_impl_report flow=impl process xml nodes: RtlModule (26)
INFO-FLOW: Done: auto_impl_report flow=impl process xml nodes: RtlModule (26) time: 0 seconds 
INFO-FLOW: Running: auto_impl_report flow=impl process xml nodes: TimingPaths (5)
INFO-FLOW: Done: auto_impl_report flow=impl process xml nodes: TimingPaths (5) time: 0 seconds 
Execute     ap_part_info -quiet -data family -name xc7z020-clg484-1 
INFO-FLOW: Running: auto_impl_report flow=impl write xml C:/Users/vempa/Documents/Projects/RADAR_Chirp_Engine/ChirpGenerator/ChirpGenerator/hls/impl/report/verilog/export_impl.xml
INFO-FLOW: Done: auto_impl_report flow=impl write xml C:/Users/vempa/Documents/Projects/RADAR_Chirp_Engine/ChirpGenerator/ChirpGenerator/hls/impl/report/verilog/export_impl.xml time: 0 seconds 
INFO-FLOW: Running: auto_impl_report flow=impl auto_impl_report_txt C:/Users/vempa/Documents/Projects/RADAR_Chirp_Engine/ChirpGenerator/ChirpGenerator/hls/impl/report/verilog/export_impl.rpt
INFO-FLOW: DBG:PROC: ::HLSREPORTS::auto_impl_report_txt xml_root='domNode000001E3CC0056A8' export_design_flow='impl' export_rpt='C:/Users/vempa/Documents/Projects/RADAR_Chirp_Engine/ChirpGenerator/ChirpGenerator/hls/impl/report/verilog/export_impl.rpt' rpt_txt_var=''
INFO-FLOW: DBG:PUTS:     wrote export rpt file: export_impl.rpt
INFO-FLOW: Done: auto_impl_report flow=impl auto_impl_report_txt C:/Users/vempa/Documents/Projects/RADAR_Chirp_Engine/ChirpGenerator/ChirpGenerator/hls/impl/report/verilog/export_impl.rpt time: 0 seconds 
INFO-FLOW: DBG:PUTS:     auto_impl_report: syn processing xml
INFO-FLOW: Running: auto_impl_report flow=syn process xml nodes: RtlModule (26)
INFO-FLOW: Done: auto_impl_report flow=syn process xml nodes: RtlModule (26) time: 0 seconds 
INFO-FLOW: Running: auto_impl_report flow=syn process xml nodes: TimingPaths (5)
INFO-FLOW: Done: auto_impl_report flow=syn process xml nodes: TimingPaths (5) time: 0 seconds 
Execute     ap_part_info -quiet -data family -name xc7z020-clg484-1 
INFO-FLOW: Running: auto_impl_report flow=syn write xml C:/Users/vempa/Documents/Projects/RADAR_Chirp_Engine/ChirpGenerator/ChirpGenerator/hls/impl/report/verilog/export_syn.xml
INFO-FLOW: Done: auto_impl_report flow=syn write xml C:/Users/vempa/Documents/Projects/RADAR_Chirp_Engine/ChirpGenerator/ChirpGenerator/hls/impl/report/verilog/export_syn.xml time: 0 seconds 
INFO-FLOW: Running: auto_impl_report flow=syn auto_impl_report_txt C:/Users/vempa/Documents/Projects/RADAR_Chirp_Engine/ChirpGenerator/ChirpGenerator/hls/impl/report/verilog/export_syn.rpt
INFO-FLOW: DBG:PROC: ::HLSREPORTS::auto_impl_report_txt xml_root='domNode000001E3CC015A08' export_design_flow='syn' export_rpt='C:/Users/vempa/Documents/Projects/RADAR_Chirp_Engine/ChirpGenerator/ChirpGenerator/hls/impl/report/verilog/export_syn.rpt' rpt_txt_var=''
INFO-FLOW: DBG:PUTS:     wrote export rpt file: export_syn.rpt
INFO-FLOW: Done: auto_impl_report flow=syn auto_impl_report_txt C:/Users/vempa/Documents/Projects/RADAR_Chirp_Engine/ChirpGenerator/ChirpGenerator/hls/impl/report/verilog/export_syn.rpt time: 0 seconds 
Execute     send_msg_by_id INFO @200-802@%s ChirpGenerator/chirp.zip 
INFO: [HLS 200-802] Generated output file ChirpGenerator/chirp.zip
Command   export_design done; 323.107 sec.
Execute   close_project 
Execute     close_solution 
Execute       cleanup_all 
Execute       cleanup_all 
