

================================================================
== Vitis HLS Report for 'chirp_Pipeline_VITIS_LOOP_17_1'
================================================================
* Date:           Wed Aug 19 11:05:40 2026

* Version:        2025.2 (Build 6295257 on Nov 14 2025)
* Project:        ChirpGenerator
* Solution:       hls (Vivado IP Flow Target)
* Product family: zynq
* Target device:  xc7z020-clg484-1


================================================================
== Performance Estimates
================================================================
+ Timing: 
    * Summary: 
    +--------+----------+----------+------------+
    |  Clock |  Target  | Estimated| Uncertainty|
    +--------+----------+----------+------------+
    |ap_clk  |  10.00 ns|  7.256 ns|     2.70 ns|
    +--------+----------+----------+------------+

+ Latency: 
    * Summary: 
    +---------+---------+-----------+-----------+-----+-----+-------------------+
    |  Latency (cycles) |   Latency (absolute)  |  Interval |      Pipeline     |
    |   min   |   max   |    min    |    max    | min | max |        Type       |
    +---------+---------+-----------+-----------+-----+-----+-------------------+
    |     1089|     1089|  10.890 us|  10.890 us|    0|    0|  loop pipeline stp|
    +---------+---------+-----------+-----------+-----+-----+-------------------+

    + Detail: 
        * Instance: 
        N/A

        * Loop: 
        +-------------------+---------+---------+----------+-----------+-----------+------+----------+
        |                   |  Latency (cycles) | Iteration|  Initiation Interval  | Trip |          |
        |     Loop Name     |   min   |   max   |  Latency |  achieved |   target  | Count| Pipelined|
        +-------------------+---------+---------+----------+-----------+-----------+------+----------+
        |- VITIS_LOOP_17_1  |     1087|     1087|        65|          1|          1|  1024|       yes|
        +-------------------+---------+---------+----------+-----------+-----------+------+----------+

============================================================
+ Verbose Summary: Synthesis Manager
============================================================
InlineROM: 1
ExposeGlobal: 0
============================================================
+ Verbose Summary: CDFG Model
============================================================
IsTopModel: 0
ResetActiveHigh: 1
IsCombinational: 0
IsDatapathOnly: 0
HasWiredReturn: 1
HasMFsm: 2
HasVarLatency: 1
IsPipeline: 0
IsRtlPipelined: 0
IsInstanceOverlapped: 0
IsDontTouch: 0
HasImplIP: 0
IsGatedGlobalClock: 0

+ Individual pipeline summary: 
  * Pipeline-0: initiation interval (II) = 1, depth = 65


============================================================
+ Verbose Summary: Schedule
============================================================
* Number of FSM states : 65
* Pipeline : 1
  Pipeline-0 : II = 1, D = 65, States = { 1 2 3 4 5 6 7 8 9 10 11 12 13 14 15 16 17 18 19 20 21 22 23 24 25 26 27 28 29 30 31 32 33 34 35 36 37 38 39 40 41 42 43 44 45 46 47 48 49 50 51 52 53 54 55 56 57 58 59 60 61 62 63 64 65 }
* Dataflow Pipeline: 0

* FSM state transitions: 
1 --> 2 
2 --> 3 
3 --> 4 
4 --> 5 
5 --> 6 
6 --> 7 
7 --> 8 
8 --> 9 
9 --> 10 
10 --> 11 
11 --> 12 
12 --> 13 
13 --> 14 
14 --> 15 
15 --> 16 
16 --> 17 
17 --> 18 
18 --> 19 
19 --> 20 
20 --> 21 
21 --> 22 
22 --> 23 
23 --> 24 
24 --> 25 
25 --> 26 
26 --> 27 
27 --> 28 
28 --> 29 
29 --> 30 
30 --> 31 
31 --> 32 
32 --> 33 
33 --> 34 
34 --> 35 
35 --> 36 
36 --> 37 
37 --> 38 
38 --> 39 
39 --> 40 
40 --> 41 
41 --> 42 
42 --> 43 
43 --> 44 
44 --> 45 
45 --> 46 
46 --> 47 
47 --> 48 
48 --> 49 
49 --> 50 
50 --> 51 
51 --> 52 
52 --> 53 
53 --> 54 
54 --> 55 
55 --> 56 
56 --> 57 
57 --> 58 
58 --> 59 
59 --> 60 
60 --> 61 
61 --> 62 
62 --> 63 
63 --> 64 
64 --> 65 
65 --> 

* FSM state operations: 

State 1 <SV = 0> <Delay = 4.90>
ST_1 : Operation 68 [1/1] (0.00ns)   --->   "%n = alloca i32 1" [chirp.cpp:17]   --->   Operation 68 'alloca' 'n' <Predicate = true> <Delay = 0.00>
ST_1 : Operation 69 [1/1] (0.00ns)   --->   "%specinterface_ln0 = specinterface void @_ssdm_op_SpecInterface, i32 %out_r, void @empty, i32 0, i32 0, void @empty_0, i32 4294967295, i32 0, void @empty_0, void @empty_0, void @empty_0, i32 0, i32 0, i32 0, i32 0, void @empty_0, void @empty_0, i32 4294967295, i32 0, i32 0, i32 0"   --->   Operation 69 'specinterface' 'specinterface_ln0' <Predicate = true> <Delay = 0.00>
ST_1 : Operation 70 [1/1] (0.00ns)   --->   "%mul3_read = read i32 @_ssdm_op_Read.ap_auto.float, i32 %mul3"   --->   Operation 70 'read' 'mul3_read' <Predicate = true> <Delay = 0.00>
ST_1 : Operation 71 [1/1] (0.00ns)   --->   "%f0_read = read i32 @_ssdm_op_Read.ap_auto.float, i32 %f0"   --->   Operation 71 'read' 'f0_read' <Predicate = true> <Delay = 0.00>
ST_1 : Operation 72 [1/1] (0.00ns)   --->   "%fs_read = read i32 @_ssdm_op_Read.ap_auto.float, i32 %fs"   --->   Operation 72 'read' 'fs_read' <Predicate = true> <Delay = 0.00>
ST_1 : Operation 73 [1/1] (1.58ns)   --->   "%store_ln17 = store i10 0, i10 %n" [chirp.cpp:17]   --->   Operation 73 'store' 'store_ln17' <Predicate = true> <Delay = 1.58>
ST_1 : Operation 74 [1/1] (0.00ns)   --->   "%br_ln0 = br void %for.inc.split"   --->   Operation 74 'br' 'br_ln0' <Predicate = true> <Delay = 0.00>
ST_1 : Operation 75 [1/1] (0.00ns)   --->   "%n_1 = load i10 %n" [chirp.cpp:17]   --->   Operation 75 'load' 'n_1' <Predicate = true> <Delay = 0.00>
ST_1 : Operation 76 [1/1] (1.73ns)   --->   "%n_3 = add i10 %n_1, i10 1" [chirp.cpp:17]   --->   Operation 76 'add' 'n_3' <Predicate = true> <Delay = 1.73> <CoreInst = "Adder">   --->   Core 1 'Adder' <Latency = 0> <II = 1> <Delay = 1.73> <FuncUnit> <Opcode : 'add' 'sub'> <InPorts = 2> <OutPorts = 1>
ST_1 : Operation 77 [1/1] (1.73ns)   --->   "%icmp_ln17 = icmp_eq  i10 %n_1, i10 1023" [chirp.cpp:17]   --->   Operation 77 'icmp' 'icmp_ln17' <Predicate = true> <Delay = 1.73> <CoreInst = "Cmp">   --->   Core 9 'Cmp' <Latency = 0> <II = 1> <Delay = 1.73> <FuncUnit> <Opcode : 'seteq' 'setne' 'setle' 'setge' 'setlt' 'setgt'> <InPorts = 2> <OutPorts = 1>
ST_1 : Operation 78 [1/1] (1.58ns)   --->   "%store_ln17 = store i10 %n_3, i10 %n" [chirp.cpp:17]   --->   Operation 78 'store' 'store_ln17' <Predicate = true> <Delay = 1.58>
ST_1 : Operation 79 [1/1] (0.00ns)   --->   "%br_ln17 = br i1 %icmp_ln17, void %for.inc.split, void %for.end.exitStub" [chirp.cpp:17]   --->   Operation 79 'br' 'br_ln17' <Predicate = true> <Delay = 0.00>

State 2 <SV = 1> <Delay = 6.41>
ST_2 : Operation 80 [1/1] (0.00ns)   --->   "%zext_ln21 = zext i10 %n_1" [chirp.cpp:21]   --->   Operation 80 'zext' 'zext_ln21' <Predicate = true> <Delay = 0.00>
ST_2 : Operation 81 [6/6] (6.41ns)   --->   "%conv = sitofp i32 %zext_ln21" [chirp.cpp:21]   --->   Operation 81 'sitofp' 'conv' <Predicate = true> <Delay = 6.41> <CoreInst = "Int2Float">   --->   Core 62 'Int2Float' <Latency = 5> <II = 1> <Delay = 6.41> <FuncUnit> <Opcode : 'uitofp' 'sitofp'> <InPorts = 1> <OutPorts = 1>

State 3 <SV = 2> <Delay = 6.41>
ST_3 : Operation 82 [5/6] (6.41ns)   --->   "%conv = sitofp i32 %zext_ln21" [chirp.cpp:21]   --->   Operation 82 'sitofp' 'conv' <Predicate = true> <Delay = 6.41> <CoreInst = "Int2Float">   --->   Core 62 'Int2Float' <Latency = 5> <II = 1> <Delay = 6.41> <FuncUnit> <Opcode : 'uitofp' 'sitofp'> <InPorts = 1> <OutPorts = 1>

State 4 <SV = 3> <Delay = 6.41>
ST_4 : Operation 83 [4/6] (6.41ns)   --->   "%conv = sitofp i32 %zext_ln21" [chirp.cpp:21]   --->   Operation 83 'sitofp' 'conv' <Predicate = true> <Delay = 6.41> <CoreInst = "Int2Float">   --->   Core 62 'Int2Float' <Latency = 5> <II = 1> <Delay = 6.41> <FuncUnit> <Opcode : 'uitofp' 'sitofp'> <InPorts = 1> <OutPorts = 1>

State 5 <SV = 4> <Delay = 6.41>
ST_5 : Operation 84 [3/6] (6.41ns)   --->   "%conv = sitofp i32 %zext_ln21" [chirp.cpp:21]   --->   Operation 84 'sitofp' 'conv' <Predicate = true> <Delay = 6.41> <CoreInst = "Int2Float">   --->   Core 62 'Int2Float' <Latency = 5> <II = 1> <Delay = 6.41> <FuncUnit> <Opcode : 'uitofp' 'sitofp'> <InPorts = 1> <OutPorts = 1>

State 6 <SV = 5> <Delay = 6.41>
ST_6 : Operation 85 [2/6] (6.41ns)   --->   "%conv = sitofp i32 %zext_ln21" [chirp.cpp:21]   --->   Operation 85 'sitofp' 'conv' <Predicate = true> <Delay = 6.41> <CoreInst = "Int2Float">   --->   Core 62 'Int2Float' <Latency = 5> <II = 1> <Delay = 6.41> <FuncUnit> <Opcode : 'uitofp' 'sitofp'> <InPorts = 1> <OutPorts = 1>

State 7 <SV = 6> <Delay = 6.41>
ST_7 : Operation 86 [1/6] (6.41ns)   --->   "%conv = sitofp i32 %zext_ln21" [chirp.cpp:21]   --->   Operation 86 'sitofp' 'conv' <Predicate = true> <Delay = 6.41> <CoreInst = "Int2Float">   --->   Core 62 'Int2Float' <Latency = 5> <II = 1> <Delay = 6.41> <FuncUnit> <Opcode : 'uitofp' 'sitofp'> <InPorts = 1> <OutPorts = 1>

State 8 <SV = 7> <Delay = 6.07>
ST_8 : Operation 87 [16/16] (6.07ns)   --->   "%t = fdiv i32 %conv, i32 %fs_read" [chirp.cpp:21]   --->   Operation 87 'fdiv' 't' <Predicate = true> <Delay = 6.07> <CoreInst = "FDiv">   --->   Core 20 'FDiv' <Latency = 15> <II = 1> <Delay = 6.07> <FuncUnit> <Opcode : 'fdiv' 'frem'> <InPorts = 2> <OutPorts = 1>

State 9 <SV = 8> <Delay = 6.07>
ST_9 : Operation 88 [15/16] (6.07ns)   --->   "%t = fdiv i32 %conv, i32 %fs_read" [chirp.cpp:21]   --->   Operation 88 'fdiv' 't' <Predicate = true> <Delay = 6.07> <CoreInst = "FDiv">   --->   Core 20 'FDiv' <Latency = 15> <II = 1> <Delay = 6.07> <FuncUnit> <Opcode : 'fdiv' 'frem'> <InPorts = 2> <OutPorts = 1>

State 10 <SV = 9> <Delay = 6.07>
ST_10 : Operation 89 [14/16] (6.07ns)   --->   "%t = fdiv i32 %conv, i32 %fs_read" [chirp.cpp:21]   --->   Operation 89 'fdiv' 't' <Predicate = true> <Delay = 6.07> <CoreInst = "FDiv">   --->   Core 20 'FDiv' <Latency = 15> <II = 1> <Delay = 6.07> <FuncUnit> <Opcode : 'fdiv' 'frem'> <InPorts = 2> <OutPorts = 1>

State 11 <SV = 10> <Delay = 6.07>
ST_11 : Operation 90 [13/16] (6.07ns)   --->   "%t = fdiv i32 %conv, i32 %fs_read" [chirp.cpp:21]   --->   Operation 90 'fdiv' 't' <Predicate = true> <Delay = 6.07> <CoreInst = "FDiv">   --->   Core 20 'FDiv' <Latency = 15> <II = 1> <Delay = 6.07> <FuncUnit> <Opcode : 'fdiv' 'frem'> <InPorts = 2> <OutPorts = 1>

State 12 <SV = 11> <Delay = 6.07>
ST_12 : Operation 91 [12/16] (6.07ns)   --->   "%t = fdiv i32 %conv, i32 %fs_read" [chirp.cpp:21]   --->   Operation 91 'fdiv' 't' <Predicate = true> <Delay = 6.07> <CoreInst = "FDiv">   --->   Core 20 'FDiv' <Latency = 15> <II = 1> <Delay = 6.07> <FuncUnit> <Opcode : 'fdiv' 'frem'> <InPorts = 2> <OutPorts = 1>

State 13 <SV = 12> <Delay = 6.07>
ST_13 : Operation 92 [11/16] (6.07ns)   --->   "%t = fdiv i32 %conv, i32 %fs_read" [chirp.cpp:21]   --->   Operation 92 'fdiv' 't' <Predicate = true> <Delay = 6.07> <CoreInst = "FDiv">   --->   Core 20 'FDiv' <Latency = 15> <II = 1> <Delay = 6.07> <FuncUnit> <Opcode : 'fdiv' 'frem'> <InPorts = 2> <OutPorts = 1>

State 14 <SV = 13> <Delay = 6.07>
ST_14 : Operation 93 [10/16] (6.07ns)   --->   "%t = fdiv i32 %conv, i32 %fs_read" [chirp.cpp:21]   --->   Operation 93 'fdiv' 't' <Predicate = true> <Delay = 6.07> <CoreInst = "FDiv">   --->   Core 20 'FDiv' <Latency = 15> <II = 1> <Delay = 6.07> <FuncUnit> <Opcode : 'fdiv' 'frem'> <InPorts = 2> <OutPorts = 1>

State 15 <SV = 14> <Delay = 6.07>
ST_15 : Operation 94 [9/16] (6.07ns)   --->   "%t = fdiv i32 %conv, i32 %fs_read" [chirp.cpp:21]   --->   Operation 94 'fdiv' 't' <Predicate = true> <Delay = 6.07> <CoreInst = "FDiv">   --->   Core 20 'FDiv' <Latency = 15> <II = 1> <Delay = 6.07> <FuncUnit> <Opcode : 'fdiv' 'frem'> <InPorts = 2> <OutPorts = 1>

State 16 <SV = 15> <Delay = 6.07>
ST_16 : Operation 95 [8/16] (6.07ns)   --->   "%t = fdiv i32 %conv, i32 %fs_read" [chirp.cpp:21]   --->   Operation 95 'fdiv' 't' <Predicate = true> <Delay = 6.07> <CoreInst = "FDiv">   --->   Core 20 'FDiv' <Latency = 15> <II = 1> <Delay = 6.07> <FuncUnit> <Opcode : 'fdiv' 'frem'> <InPorts = 2> <OutPorts = 1>

State 17 <SV = 16> <Delay = 6.07>
ST_17 : Operation 96 [7/16] (6.07ns)   --->   "%t = fdiv i32 %conv, i32 %fs_read" [chirp.cpp:21]   --->   Operation 96 'fdiv' 't' <Predicate = true> <Delay = 6.07> <CoreInst = "FDiv">   --->   Core 20 'FDiv' <Latency = 15> <II = 1> <Delay = 6.07> <FuncUnit> <Opcode : 'fdiv' 'frem'> <InPorts = 2> <OutPorts = 1>

State 18 <SV = 17> <Delay = 6.07>
ST_18 : Operation 97 [6/16] (6.07ns)   --->   "%t = fdiv i32 %conv, i32 %fs_read" [chirp.cpp:21]   --->   Operation 97 'fdiv' 't' <Predicate = true> <Delay = 6.07> <CoreInst = "FDiv">   --->   Core 20 'FDiv' <Latency = 15> <II = 1> <Delay = 6.07> <FuncUnit> <Opcode : 'fdiv' 'frem'> <InPorts = 2> <OutPorts = 1>

State 19 <SV = 18> <Delay = 6.07>
ST_19 : Operation 98 [5/16] (6.07ns)   --->   "%t = fdiv i32 %conv, i32 %fs_read" [chirp.cpp:21]   --->   Operation 98 'fdiv' 't' <Predicate = true> <Delay = 6.07> <CoreInst = "FDiv">   --->   Core 20 'FDiv' <Latency = 15> <II = 1> <Delay = 6.07> <FuncUnit> <Opcode : 'fdiv' 'frem'> <InPorts = 2> <OutPorts = 1>

State 20 <SV = 19> <Delay = 6.07>
ST_20 : Operation 99 [4/16] (6.07ns)   --->   "%t = fdiv i32 %conv, i32 %fs_read" [chirp.cpp:21]   --->   Operation 99 'fdiv' 't' <Predicate = true> <Delay = 6.07> <CoreInst = "FDiv">   --->   Core 20 'FDiv' <Latency = 15> <II = 1> <Delay = 6.07> <FuncUnit> <Opcode : 'fdiv' 'frem'> <InPorts = 2> <OutPorts = 1>

State 21 <SV = 20> <Delay = 6.07>
ST_21 : Operation 100 [3/16] (6.07ns)   --->   "%t = fdiv i32 %conv, i32 %fs_read" [chirp.cpp:21]   --->   Operation 100 'fdiv' 't' <Predicate = true> <Delay = 6.07> <CoreInst = "FDiv">   --->   Core 20 'FDiv' <Latency = 15> <II = 1> <Delay = 6.07> <FuncUnit> <Opcode : 'fdiv' 'frem'> <InPorts = 2> <OutPorts = 1>

State 22 <SV = 21> <Delay = 6.07>
ST_22 : Operation 101 [2/16] (6.07ns)   --->   "%t = fdiv i32 %conv, i32 %fs_read" [chirp.cpp:21]   --->   Operation 101 'fdiv' 't' <Predicate = true> <Delay = 6.07> <CoreInst = "FDiv">   --->   Core 20 'FDiv' <Latency = 15> <II = 1> <Delay = 6.07> <FuncUnit> <Opcode : 'fdiv' 'frem'> <InPorts = 2> <OutPorts = 1>

State 23 <SV = 22> <Delay = 6.07>
ST_23 : Operation 102 [1/16] (6.07ns)   --->   "%t = fdiv i32 %conv, i32 %fs_read" [chirp.cpp:21]   --->   Operation 102 'fdiv' 't' <Predicate = true> <Delay = 6.07> <CoreInst = "FDiv">   --->   Core 20 'FDiv' <Latency = 15> <II = 1> <Delay = 6.07> <FuncUnit> <Opcode : 'fdiv' 'frem'> <InPorts = 2> <OutPorts = 1>

State 24 <SV = 23> <Delay = 5.70>
ST_24 : Operation 103 [4/4] (5.70ns)   --->   "%mul4 = fmul i32 %mul3_read, i32 %t" [chirp.cpp:25]   --->   Operation 103 'fmul' 'mul4' <Predicate = true> <Delay = 5.70> <CoreInst = "FMul_maxdsp">   --->   Core 30 'FMul_maxdsp' <Latency = 3> <II = 1> <Delay = 5.70> <FuncUnit> <Opcode : 'fmul'> <InPorts = 2> <OutPorts = 1>

State 25 <SV = 24> <Delay = 5.70>
ST_25 : Operation 104 [3/4] (5.70ns)   --->   "%mul4 = fmul i32 %mul3_read, i32 %t" [chirp.cpp:25]   --->   Operation 104 'fmul' 'mul4' <Predicate = true> <Delay = 5.70> <CoreInst = "FMul_maxdsp">   --->   Core 30 'FMul_maxdsp' <Latency = 3> <II = 1> <Delay = 5.70> <FuncUnit> <Opcode : 'fmul'> <InPorts = 2> <OutPorts = 1>

State 26 <SV = 25> <Delay = 5.70>
ST_26 : Operation 105 [2/4] (5.70ns)   --->   "%mul4 = fmul i32 %mul3_read, i32 %t" [chirp.cpp:25]   --->   Operation 105 'fmul' 'mul4' <Predicate = true> <Delay = 5.70> <CoreInst = "FMul_maxdsp">   --->   Core 30 'FMul_maxdsp' <Latency = 3> <II = 1> <Delay = 5.70> <FuncUnit> <Opcode : 'fmul'> <InPorts = 2> <OutPorts = 1>

State 27 <SV = 26> <Delay = 5.70>
ST_27 : Operation 106 [1/4] (5.70ns)   --->   "%mul4 = fmul i32 %mul3_read, i32 %t" [chirp.cpp:25]   --->   Operation 106 'fmul' 'mul4' <Predicate = true> <Delay = 5.70> <CoreInst = "FMul_maxdsp">   --->   Core 30 'FMul_maxdsp' <Latency = 3> <II = 1> <Delay = 5.70> <FuncUnit> <Opcode : 'fmul'> <InPorts = 2> <OutPorts = 1>

State 28 <SV = 27> <Delay = 5.70>
ST_28 : Operation 107 [4/4] (5.70ns)   --->   "%mul = fmul i32 %t, i32 %f0_read" [chirp.cpp:25]   --->   Operation 107 'fmul' 'mul' <Predicate = true> <Delay = 5.70> <CoreInst = "FMul_maxdsp">   --->   Core 30 'FMul_maxdsp' <Latency = 3> <II = 1> <Delay = 5.70> <FuncUnit> <Opcode : 'fmul'> <InPorts = 2> <OutPorts = 1>
ST_28 : Operation 108 [4/4] (5.70ns)   --->   "%mul5 = fmul i32 %mul4, i32 %t" [chirp.cpp:25]   --->   Operation 108 'fmul' 'mul5' <Predicate = true> <Delay = 5.70> <CoreInst = "FMul_maxdsp">   --->   Core 30 'FMul_maxdsp' <Latency = 3> <II = 1> <Delay = 5.70> <FuncUnit> <Opcode : 'fmul'> <InPorts = 2> <OutPorts = 1>

State 29 <SV = 28> <Delay = 5.70>
ST_29 : Operation 109 [3/4] (5.70ns)   --->   "%mul = fmul i32 %t, i32 %f0_read" [chirp.cpp:25]   --->   Operation 109 'fmul' 'mul' <Predicate = true> <Delay = 5.70> <CoreInst = "FMul_maxdsp">   --->   Core 30 'FMul_maxdsp' <Latency = 3> <II = 1> <Delay = 5.70> <FuncUnit> <Opcode : 'fmul'> <InPorts = 2> <OutPorts = 1>
ST_29 : Operation 110 [3/4] (5.70ns)   --->   "%mul5 = fmul i32 %mul4, i32 %t" [chirp.cpp:25]   --->   Operation 110 'fmul' 'mul5' <Predicate = true> <Delay = 5.70> <CoreInst = "FMul_maxdsp">   --->   Core 30 'FMul_maxdsp' <Latency = 3> <II = 1> <Delay = 5.70> <FuncUnit> <Opcode : 'fmul'> <InPorts = 2> <OutPorts = 1>

State 30 <SV = 29> <Delay = 5.70>
ST_30 : Operation 111 [2/4] (5.70ns)   --->   "%mul = fmul i32 %t, i32 %f0_read" [chirp.cpp:25]   --->   Operation 111 'fmul' 'mul' <Predicate = true> <Delay = 5.70> <CoreInst = "FMul_maxdsp">   --->   Core 30 'FMul_maxdsp' <Latency = 3> <II = 1> <Delay = 5.70> <FuncUnit> <Opcode : 'fmul'> <InPorts = 2> <OutPorts = 1>
ST_30 : Operation 112 [2/4] (5.70ns)   --->   "%mul5 = fmul i32 %mul4, i32 %t" [chirp.cpp:25]   --->   Operation 112 'fmul' 'mul5' <Predicate = true> <Delay = 5.70> <CoreInst = "FMul_maxdsp">   --->   Core 30 'FMul_maxdsp' <Latency = 3> <II = 1> <Delay = 5.70> <FuncUnit> <Opcode : 'fmul'> <InPorts = 2> <OutPorts = 1>

State 31 <SV = 30> <Delay = 5.70>
ST_31 : Operation 113 [1/4] (5.70ns)   --->   "%mul = fmul i32 %t, i32 %f0_read" [chirp.cpp:25]   --->   Operation 113 'fmul' 'mul' <Predicate = true> <Delay = 5.70> <CoreInst = "FMul_maxdsp">   --->   Core 30 'FMul_maxdsp' <Latency = 3> <II = 1> <Delay = 5.70> <FuncUnit> <Opcode : 'fmul'> <InPorts = 2> <OutPorts = 1>
ST_31 : Operation 114 [1/4] (5.70ns)   --->   "%mul5 = fmul i32 %mul4, i32 %t" [chirp.cpp:25]   --->   Operation 114 'fmul' 'mul5' <Predicate = true> <Delay = 5.70> <CoreInst = "FMul_maxdsp">   --->   Core 30 'FMul_maxdsp' <Latency = 3> <II = 1> <Delay = 5.70> <FuncUnit> <Opcode : 'fmul'> <InPorts = 2> <OutPorts = 1>

State 32 <SV = 31> <Delay = 7.25>
ST_32 : Operation 115 [5/5] (7.25ns)   --->   "%add = fadd i32 %mul, i32 %mul5" [chirp.cpp:25]   --->   Operation 115 'fadd' 'add' <Predicate = true> <Delay = 7.25> <CoreInst = "FAddSub_fulldsp">   --->   Core 18 'FAddSub_fulldsp' <Latency = 4> <II = 1> <Delay = 7.25> <FuncUnit> <Opcode : 'fadd' 'fsub'> <InPorts = 2> <OutPorts = 1>

State 33 <SV = 32> <Delay = 7.25>
ST_33 : Operation 116 [4/5] (7.25ns)   --->   "%add = fadd i32 %mul, i32 %mul5" [chirp.cpp:25]   --->   Operation 116 'fadd' 'add' <Predicate = true> <Delay = 7.25> <CoreInst = "FAddSub_fulldsp">   --->   Core 18 'FAddSub_fulldsp' <Latency = 4> <II = 1> <Delay = 7.25> <FuncUnit> <Opcode : 'fadd' 'fsub'> <InPorts = 2> <OutPorts = 1>

State 34 <SV = 33> <Delay = 7.25>
ST_34 : Operation 117 [3/5] (7.25ns)   --->   "%add = fadd i32 %mul, i32 %mul5" [chirp.cpp:25]   --->   Operation 117 'fadd' 'add' <Predicate = true> <Delay = 7.25> <CoreInst = "FAddSub_fulldsp">   --->   Core 18 'FAddSub_fulldsp' <Latency = 4> <II = 1> <Delay = 7.25> <FuncUnit> <Opcode : 'fadd' 'fsub'> <InPorts = 2> <OutPorts = 1>

State 35 <SV = 34> <Delay = 7.25>
ST_35 : Operation 118 [2/5] (7.25ns)   --->   "%add = fadd i32 %mul, i32 %mul5" [chirp.cpp:25]   --->   Operation 118 'fadd' 'add' <Predicate = true> <Delay = 7.25> <CoreInst = "FAddSub_fulldsp">   --->   Core 18 'FAddSub_fulldsp' <Latency = 4> <II = 1> <Delay = 7.25> <FuncUnit> <Opcode : 'fadd' 'fsub'> <InPorts = 2> <OutPorts = 1>

State 36 <SV = 35> <Delay = 7.25>
ST_36 : Operation 119 [1/5] (7.25ns)   --->   "%add = fadd i32 %mul, i32 %mul5" [chirp.cpp:25]   --->   Operation 119 'fadd' 'add' <Predicate = true> <Delay = 7.25> <CoreInst = "FAddSub_fulldsp">   --->   Core 18 'FAddSub_fulldsp' <Latency = 4> <II = 1> <Delay = 7.25> <FuncUnit> <Opcode : 'fadd' 'fsub'> <InPorts = 2> <OutPorts = 1>

State 37 <SV = 36> <Delay = 4.43>
ST_37 : Operation 120 [2/2] (4.43ns)   --->   "%conv6 = fpext i32 %add" [chirp.cpp:25]   --->   Operation 120 'fpext' 'conv6' <Predicate = true> <Delay = 4.43> <CoreInst = "Float2Double">   --->   Core 64 'Float2Double' <Latency = 1> <II = 1> <Delay = 4.43> <FuncUnit> <Opcode : 'fpext'> <InPorts = 1> <OutPorts = 1>

State 38 <SV = 37> <Delay = 4.43>
ST_38 : Operation 121 [1/2] (4.43ns)   --->   "%conv6 = fpext i32 %add" [chirp.cpp:25]   --->   Operation 121 'fpext' 'conv6' <Predicate = true> <Delay = 4.43> <CoreInst = "Float2Double">   --->   Core 64 'Float2Double' <Latency = 1> <II = 1> <Delay = 4.43> <FuncUnit> <Opcode : 'fpext'> <InPorts = 1> <OutPorts = 1>

State 39 <SV = 38> <Delay = 6.71>
ST_39 : Operation 122 [7/7] (6.71ns)   --->   "%mul7 = dmul i64 %conv6, i64 6.28319" [chirp.cpp:24]   --->   Operation 122 'dmul' 'mul7' <Predicate = true> <Delay = 6.71> <CoreInst = "DMul_maxdsp">   --->   Core 49 'DMul_maxdsp' <Latency = 6> <II = 1> <Delay = 6.71> <FuncUnit> <Opcode : 'dmul'> <InPorts = 2> <OutPorts = 1>

State 40 <SV = 39> <Delay = 6.71>
ST_40 : Operation 123 [6/7] (6.71ns)   --->   "%mul7 = dmul i64 %conv6, i64 6.28319" [chirp.cpp:24]   --->   Operation 123 'dmul' 'mul7' <Predicate = true> <Delay = 6.71> <CoreInst = "DMul_maxdsp">   --->   Core 49 'DMul_maxdsp' <Latency = 6> <II = 1> <Delay = 6.71> <FuncUnit> <Opcode : 'dmul'> <InPorts = 2> <OutPorts = 1>

State 41 <SV = 40> <Delay = 6.71>
ST_41 : Operation 124 [5/7] (6.71ns)   --->   "%mul7 = dmul i64 %conv6, i64 6.28319" [chirp.cpp:24]   --->   Operation 124 'dmul' 'mul7' <Predicate = true> <Delay = 6.71> <CoreInst = "DMul_maxdsp">   --->   Core 49 'DMul_maxdsp' <Latency = 6> <II = 1> <Delay = 6.71> <FuncUnit> <Opcode : 'dmul'> <InPorts = 2> <OutPorts = 1>

State 42 <SV = 41> <Delay = 6.71>
ST_42 : Operation 125 [4/7] (6.71ns)   --->   "%mul7 = dmul i64 %conv6, i64 6.28319" [chirp.cpp:24]   --->   Operation 125 'dmul' 'mul7' <Predicate = true> <Delay = 6.71> <CoreInst = "DMul_maxdsp">   --->   Core 49 'DMul_maxdsp' <Latency = 6> <II = 1> <Delay = 6.71> <FuncUnit> <Opcode : 'dmul'> <InPorts = 2> <OutPorts = 1>

State 43 <SV = 42> <Delay = 6.71>
ST_43 : Operation 126 [3/7] (6.71ns)   --->   "%mul7 = dmul i64 %conv6, i64 6.28319" [chirp.cpp:24]   --->   Operation 126 'dmul' 'mul7' <Predicate = true> <Delay = 6.71> <CoreInst = "DMul_maxdsp">   --->   Core 49 'DMul_maxdsp' <Latency = 6> <II = 1> <Delay = 6.71> <FuncUnit> <Opcode : 'dmul'> <InPorts = 2> <OutPorts = 1>

State 44 <SV = 43> <Delay = 6.71>
ST_44 : Operation 127 [2/7] (6.71ns)   --->   "%mul7 = dmul i64 %conv6, i64 6.28319" [chirp.cpp:24]   --->   Operation 127 'dmul' 'mul7' <Predicate = true> <Delay = 6.71> <CoreInst = "DMul_maxdsp">   --->   Core 49 'DMul_maxdsp' <Latency = 6> <II = 1> <Delay = 6.71> <FuncUnit> <Opcode : 'dmul'> <InPorts = 2> <OutPorts = 1>

State 45 <SV = 44> <Delay = 6.71>
ST_45 : Operation 128 [1/7] (6.71ns)   --->   "%mul7 = dmul i64 %conv6, i64 6.28319" [chirp.cpp:24]   --->   Operation 128 'dmul' 'mul7' <Predicate = true> <Delay = 6.71> <CoreInst = "DMul_maxdsp">   --->   Core 49 'DMul_maxdsp' <Latency = 6> <II = 1> <Delay = 6.71> <FuncUnit> <Opcode : 'dmul'> <InPorts = 2> <OutPorts = 1>

State 46 <SV = 45> <Delay = 5.20>
ST_46 : Operation 129 [2/2] (5.20ns)   --->   "%phase = fptrunc i64 %mul7" [chirp.cpp:24]   --->   Operation 129 'fptrunc' 'phase' <Predicate = true> <Delay = 5.20> <CoreInst = "Double2Float">   --->   Core 67 'Double2Float' <Latency = 1> <II = 1> <Delay = 5.20> <FuncUnit> <Opcode : 'fptrunc'> <InPorts = 1> <OutPorts = 1>

State 47 <SV = 46> <Delay = 5.20>
ST_47 : Operation 130 [1/2] (5.20ns)   --->   "%phase = fptrunc i64 %mul7" [chirp.cpp:24]   --->   Operation 130 'fptrunc' 'phase' <Predicate = true> <Delay = 5.20> <CoreInst = "Double2Float">   --->   Core 67 'Double2Float' <Latency = 1> <II = 1> <Delay = 5.20> <FuncUnit> <Opcode : 'fptrunc'> <InPorts = 1> <OutPorts = 1>

State 48 <SV = 47> <Delay = 5.46>
ST_48 : Operation 131 [1/1] (0.00ns)   --->   "%data = bitcast i32 %phase" [C:\scratch\2025.2\hls_product\666\2025.2\src\shared\hls\clib/src/hls\utils/x_hls_utils.h:288->C:\scratch\2025.2\hls_product\666\2025.2\src\shared\hls\clib/hlsmath/include/FloatingPoint\hls_hotbm.h:223->C:\scratch\2025.2\hls_product\666\2025.2\src\shared\hls\clib\hlsmath\src\common\hls_hotbm_float.cpp:127->C:\scratch\2025.2\hls_product\666\2025.2\src\shared\hls\clib\hlsmath\src\c++\sincoshotbmfloat.cpp:13->C:\scratch\2025.2\hls_product\666\2025.2\src\shared\hls\clib\hlsmath\src\c++\sincoshotbmfloat.cpp:45->chirp.cpp:27]   --->   Operation 131 'bitcast' 'data' <Predicate = true> <Delay = 0.00>
ST_48 : Operation 132 [1/1] (0.00ns)   --->   "%din_sign = bitselect i1 @_ssdm_op_BitSelect.i1.i32.i32, i32 %data, i32 31" [C:\scratch\2025.2\hls_product\666\2025.2\src\shared\hls\clib/src/hls\utils/x_hls_utils.h:294->C:\scratch\2025.2\hls_product\666\2025.2\src\shared\hls\clib/hlsmath/include/FloatingPoint\hls_hotbm.h:223->C:\scratch\2025.2\hls_product\666\2025.2\src\shared\hls\clib\hlsmath\src\common\hls_hotbm_float.cpp:127->C:\scratch\2025.2\hls_product\666\2025.2\src\shared\hls\clib\hlsmath\src\c++\sincoshotbmfloat.cpp:13->C:\scratch\2025.2\hls_product\666\2025.2\src\shared\hls\clib\hlsmath\src\c++\sincoshotbmfloat.cpp:45->chirp.cpp:27]   --->   Operation 132 'bitselect' 'din_sign' <Predicate = true> <Delay = 0.00>
ST_48 : Operation 133 [1/1] (0.00ns)   --->   "%din_exp = partselect i8 @_ssdm_op_PartSelect.i8.i32.i32, i32 %data, i32 23" [C:\scratch\2025.2\hls_product\666\2025.2\src\shared\hls\clib/src/hls\utils/x_hls_utils.h:295->C:\scratch\2025.2\hls_product\666\2025.2\src\shared\hls\clib/hlsmath/include/FloatingPoint\hls_hotbm.h:223->C:\scratch\2025.2\hls_product\666\2025.2\src\shared\hls\clib\hlsmath\src\common\hls_hotbm_float.cpp:127->C:\scratch\2025.2\hls_product\666\2025.2\src\shared\hls\clib\hlsmath\src\c++\sincoshotbmfloat.cpp:13->C:\scratch\2025.2\hls_product\666\2025.2\src\shared\hls\clib\hlsmath\src\c++\sincoshotbmfloat.cpp:45->chirp.cpp:27]   --->   Operation 133 'partselect' 'din_exp' <Predicate = true> <Delay = 0.00>
ST_48 : Operation 134 [1/1] (0.00ns)   --->   "%din_sig = trunc i32 %data" [C:\scratch\2025.2\hls_product\666\2025.2\src\shared\hls\clib/src/hls\utils/x_hls_utils.h:296->C:\scratch\2025.2\hls_product\666\2025.2\src\shared\hls\clib/hlsmath/include/FloatingPoint\hls_hotbm.h:223->C:\scratch\2025.2\hls_product\666\2025.2\src\shared\hls\clib\hlsmath\src\common\hls_hotbm_float.cpp:127->C:\scratch\2025.2\hls_product\666\2025.2\src\shared\hls\clib\hlsmath\src\c++\sincoshotbmfloat.cpp:13->C:\scratch\2025.2\hls_product\666\2025.2\src\shared\hls\clib\hlsmath\src\c++\sincoshotbmfloat.cpp:45->chirp.cpp:27]   --->   Operation 134 'trunc' 'din_sig' <Predicate = true> <Delay = 0.00>
ST_48 : Operation 135 [1/1] (1.91ns)   --->   "%closepath = icmp_ult  i8 %din_exp, i8 126" [C:\scratch\2025.2\hls_product\666\2025.2\src\shared\hls\clib/hlsmath/include/FloatingPoint/hls_range_redux.h:451->C:\scratch\2025.2\hls_product\666\2025.2\src\shared\hls\clib/hlsmath/include/FloatingPoint\hls_hotbm.h:239->C:\scratch\2025.2\hls_product\666\2025.2\src\shared\hls\clib\hlsmath\src\common\hls_hotbm_float.cpp:127->C:\scratch\2025.2\hls_product\666\2025.2\src\shared\hls\clib\hlsmath\src\c++\sincoshotbmfloat.cpp:13->C:\scratch\2025.2\hls_product\666\2025.2\src\shared\hls\clib\hlsmath\src\c++\sincoshotbmfloat.cpp:45->chirp.cpp:27]   --->   Operation 135 'icmp' 'closepath' <Predicate = true> <Delay = 1.91> <CoreInst = "Cmp">   --->   Core 9 'Cmp' <Latency = 0> <II = 1> <Delay = 1.91> <FuncUnit> <Opcode : 'seteq' 'setne' 'setle' 'setge' 'setlt' 'setgt'> <InPorts = 2> <OutPorts = 1>
ST_48 : Operation 136 [1/1] (1.91ns)   --->   "%add_ln376 = add i8 %din_exp, i8 194" [C:\scratch\2025.2\hls_product\666\2025.2\src\shared\hls\clib/hlsmath/include/FloatingPoint/hls_range_redux.h:376->C:\scratch\2025.2\hls_product\666\2025.2\src\shared\hls\clib/hlsmath/include/FloatingPoint/hls_range_redux.h:467->C:\scratch\2025.2\hls_product\666\2025.2\src\shared\hls\clib/hlsmath/include/FloatingPoint\hls_hotbm.h:239->C:\scratch\2025.2\hls_product\666\2025.2\src\shared\hls\clib\hlsmath\src\common\hls_hotbm_float.cpp:127->C:\scratch\2025.2\hls_product\666\2025.2\src\shared\hls\clib\hlsmath\src\c++\sincoshotbmfloat.cpp:13->C:\scratch\2025.2\hls_product\666\2025.2\src\shared\hls\clib\hlsmath\src\c++\sincoshotbmfloat.cpp:45->chirp.cpp:27]   --->   Operation 136 'add' 'add_ln376' <Predicate = true> <Delay = 1.91> <CoreInst = "Adder">   --->   Core 1 'Adder' <Latency = 0> <II = 1> <Delay = 1.91> <FuncUnit> <Opcode : 'add' 'sub'> <InPorts = 2> <OutPorts = 1>
ST_48 : Operation 137 [1/1] (1.24ns)   --->   "%addr = select i1 %closepath, i8 63, i8 %add_ln376" [C:\scratch\2025.2\hls_product\666\2025.2\src\shared\hls\clib/hlsmath/include/FloatingPoint/hls_range_redux.h:376->C:\scratch\2025.2\hls_product\666\2025.2\src\shared\hls\clib/hlsmath/include/FloatingPoint/hls_range_redux.h:467->C:\scratch\2025.2\hls_product\666\2025.2\src\shared\hls\clib/hlsmath/include/FloatingPoint\hls_hotbm.h:239->C:\scratch\2025.2\hls_product\666\2025.2\src\shared\hls\clib\hlsmath\src\common\hls_hotbm_float.cpp:127->C:\scratch\2025.2\hls_product\666\2025.2\src\shared\hls\clib\hlsmath\src\c++\sincoshotbmfloat.cpp:13->C:\scratch\2025.2\hls_product\666\2025.2\src\shared\hls\clib\hlsmath\src\c++\sincoshotbmfloat.cpp:45->chirp.cpp:27]   --->   Operation 137 'select' 'addr' <Predicate = true> <Delay = 1.24> <CoreInst = "Sel">   --->   Core 73 'Sel' <Latency = 0> <II = 1> <Delay = 1.24> <FuncUnit> <Opcode : 'select'> <InPorts = 3> <OutPorts = 1>
ST_48 : Operation 138 [1/1] (0.00ns)   --->   "%lshr_ln = partselect i4 @_ssdm_op_PartSelect.i4.i8.i32.i32, i8 %addr, i32 4, i32 7" [C:\scratch\2025.2\hls_product\666\2025.2\src\shared\hls\clib/hlsmath/include/FloatingPoint/hls_range_redux.h:378->C:\scratch\2025.2\hls_product\666\2025.2\src\shared\hls\clib/hlsmath/include/FloatingPoint/hls_range_redux.h:467->C:\scratch\2025.2\hls_product\666\2025.2\src\shared\hls\clib/hlsmath/include/FloatingPoint\hls_hotbm.h:239->C:\scratch\2025.2\hls_product\666\2025.2\src\shared\hls\clib\hlsmath\src\common\hls_hotbm_float.cpp:127->C:\scratch\2025.2\hls_product\666\2025.2\src\shared\hls\clib\hlsmath\src\c++\sincoshotbmfloat.cpp:13->C:\scratch\2025.2\hls_product\666\2025.2\src\shared\hls\clib\hlsmath\src\c++\sincoshotbmfloat.cpp:45->chirp.cpp:27]   --->   Operation 138 'partselect' 'lshr_ln' <Predicate = true> <Delay = 0.00>
ST_48 : Operation 139 [1/1] (0.00ns)   --->   "%zext_ln378 = zext i4 %lshr_ln" [C:\scratch\2025.2\hls_product\666\2025.2\src\shared\hls\clib/hlsmath/include/FloatingPoint/hls_range_redux.h:378->C:\scratch\2025.2\hls_product\666\2025.2\src\shared\hls\clib/hlsmath/include/FloatingPoint/hls_range_redux.h:467->C:\scratch\2025.2\hls_product\666\2025.2\src\shared\hls\clib/hlsmath/include/FloatingPoint\hls_hotbm.h:239->C:\scratch\2025.2\hls_product\666\2025.2\src\shared\hls\clib\hlsmath\src\common\hls_hotbm_float.cpp:127->C:\scratch\2025.2\hls_product\666\2025.2\src\shared\hls\clib\hlsmath\src\c++\sincoshotbmfloat.cpp:13->C:\scratch\2025.2\hls_product\666\2025.2\src\shared\hls\clib\hlsmath\src\c++\sincoshotbmfloat.cpp:45->chirp.cpp:27]   --->   Operation 139 'zext' 'zext_ln378' <Predicate = true> <Delay = 0.00>
ST_48 : Operation 140 [1/1] (0.00ns)   --->   "%ref_4oPi_table_100_addr = getelementptr i100 %ref_4oPi_table_100, i64 0, i64 %zext_ln378" [C:\scratch\2025.2\hls_product\666\2025.2\src\shared\hls\clib/hlsmath/include/FloatingPoint/hls_range_redux.h:378->C:\scratch\2025.2\hls_product\666\2025.2\src\shared\hls\clib/hlsmath/include/FloatingPoint/hls_range_redux.h:467->C:\scratch\2025.2\hls_product\666\2025.2\src\shared\hls\clib/hlsmath/include/FloatingPoint\hls_hotbm.h:239->C:\scratch\2025.2\hls_product\666\2025.2\src\shared\hls\clib\hlsmath\src\common\hls_hotbm_float.cpp:127->C:\scratch\2025.2\hls_product\666\2025.2\src\shared\hls\clib\hlsmath\src\c++\sincoshotbmfloat.cpp:13->C:\scratch\2025.2\hls_product\666\2025.2\src\shared\hls\clib\hlsmath\src\c++\sincoshotbmfloat.cpp:45->chirp.cpp:27]   --->   Operation 140 'getelementptr' 'ref_4oPi_table_100_addr' <Predicate = true> <Delay = 0.00>
ST_48 : Operation 141 [2/2] (2.30ns)   --->   "%table_100 = load i4 %ref_4oPi_table_100_addr" [C:\scratch\2025.2\hls_product\666\2025.2\src\shared\hls\clib/hlsmath/include/FloatingPoint/hls_range_redux.h:378->C:\scratch\2025.2\hls_product\666\2025.2\src\shared\hls\clib/hlsmath/include/FloatingPoint/hls_range_redux.h:467->C:\scratch\2025.2\hls_product\666\2025.2\src\shared\hls\clib/hlsmath/include/FloatingPoint\hls_hotbm.h:239->C:\scratch\2025.2\hls_product\666\2025.2\src\shared\hls\clib\hlsmath\src\common\hls_hotbm_float.cpp:127->C:\scratch\2025.2\hls_product\666\2025.2\src\shared\hls\clib\hlsmath\src\c++\sincoshotbmfloat.cpp:13->C:\scratch\2025.2\hls_product\666\2025.2\src\shared\hls\clib\hlsmath\src\c++\sincoshotbmfloat.cpp:45->chirp.cpp:27]   --->   Operation 141 'load' 'table_100' <Predicate = true> <Delay = 2.30> <CoreInst = "ROM_1P_LUTRAM">   --->   Core 96 'ROM_1P_LUTRAM' <Latency = 1> <II = 1> <Delay = 2.30> <Storage> <Opcode : 'load'> <Ports = 1> <Width = 100> <Depth = 13> <ROM>
ST_48 : Operation 142 [1/1] (0.00ns)   --->   "%trunc_ln379 = trunc i8 %addr" [C:\scratch\2025.2\hls_product\666\2025.2\src\shared\hls\clib/hlsmath/include/FloatingPoint/hls_range_redux.h:379->C:\scratch\2025.2\hls_product\666\2025.2\src\shared\hls\clib/hlsmath/include/FloatingPoint/hls_range_redux.h:467->C:\scratch\2025.2\hls_product\666\2025.2\src\shared\hls\clib/hlsmath/include/FloatingPoint\hls_hotbm.h:239->C:\scratch\2025.2\hls_product\666\2025.2\src\shared\hls\clib\hlsmath\src\common\hls_hotbm_float.cpp:127->C:\scratch\2025.2\hls_product\666\2025.2\src\shared\hls\clib\hlsmath\src\c++\sincoshotbmfloat.cpp:13->C:\scratch\2025.2\hls_product\666\2025.2\src\shared\hls\clib\hlsmath\src\c++\sincoshotbmfloat.cpp:45->chirp.cpp:27]   --->   Operation 142 'trunc' 'trunc_ln379' <Predicate = true> <Delay = 0.00>

State 49 <SV = 48> <Delay = 7.07>
ST_49 : Operation 143 [1/2] ( I:2.30ns O:2.30ns )   --->   "%table_100 = load i4 %ref_4oPi_table_100_addr" [C:\scratch\2025.2\hls_product\666\2025.2\src\shared\hls\clib/hlsmath/include/FloatingPoint/hls_range_redux.h:378->C:\scratch\2025.2\hls_product\666\2025.2\src\shared\hls\clib/hlsmath/include/FloatingPoint/hls_range_redux.h:467->C:\scratch\2025.2\hls_product\666\2025.2\src\shared\hls\clib/hlsmath/include/FloatingPoint\hls_hotbm.h:239->C:\scratch\2025.2\hls_product\666\2025.2\src\shared\hls\clib\hlsmath\src\common\hls_hotbm_float.cpp:127->C:\scratch\2025.2\hls_product\666\2025.2\src\shared\hls\clib\hlsmath\src\c++\sincoshotbmfloat.cpp:13->C:\scratch\2025.2\hls_product\666\2025.2\src\shared\hls\clib\hlsmath\src\c++\sincoshotbmfloat.cpp:45->chirp.cpp:27]   --->   Operation 143 'load' 'table_100' <Predicate = true> <Delay = 2.30> <CoreInst = "ROM_1P_LUTRAM">   --->   Core 96 'ROM_1P_LUTRAM' <Latency = 1> <II = 1> <Delay = 2.30> <Storage> <Opcode : 'load'> <Ports = 1> <Width = 100> <Depth = 13> <ROM>
ST_49 : Operation 144 [1/1] (0.00ns)   --->   "%zext_ln379 = zext i4 %trunc_ln379" [C:\scratch\2025.2\hls_product\666\2025.2\src\shared\hls\clib/hlsmath/include/FloatingPoint/hls_range_redux.h:379->C:\scratch\2025.2\hls_product\666\2025.2\src\shared\hls\clib/hlsmath/include/FloatingPoint/hls_range_redux.h:467->C:\scratch\2025.2\hls_product\666\2025.2\src\shared\hls\clib/hlsmath/include/FloatingPoint\hls_hotbm.h:239->C:\scratch\2025.2\hls_product\666\2025.2\src\shared\hls\clib\hlsmath\src\common\hls_hotbm_float.cpp:127->C:\scratch\2025.2\hls_product\666\2025.2\src\shared\hls\clib\hlsmath\src\c++\sincoshotbmfloat.cpp:13->C:\scratch\2025.2\hls_product\666\2025.2\src\shared\hls\clib\hlsmath\src\c++\sincoshotbmfloat.cpp:45->chirp.cpp:27]   --->   Operation 144 'zext' 'zext_ln379' <Predicate = true> <Delay = 0.00>
ST_49 : Operation 145 [1/1] (4.77ns)   --->   "%shl_ln379 = shl i100 %table_100, i100 %zext_ln379" [C:\scratch\2025.2\hls_product\666\2025.2\src\shared\hls\clib/hlsmath/include/FloatingPoint/hls_range_redux.h:379->C:\scratch\2025.2\hls_product\666\2025.2\src\shared\hls\clib/hlsmath/include/FloatingPoint/hls_range_redux.h:467->C:\scratch\2025.2\hls_product\666\2025.2\src\shared\hls\clib/hlsmath/include/FloatingPoint\hls_hotbm.h:239->C:\scratch\2025.2\hls_product\666\2025.2\src\shared\hls\clib\hlsmath\src\common\hls_hotbm_float.cpp:127->C:\scratch\2025.2\hls_product\666\2025.2\src\shared\hls\clib\hlsmath\src\c++\sincoshotbmfloat.cpp:13->C:\scratch\2025.2\hls_product\666\2025.2\src\shared\hls\clib\hlsmath\src\c++\sincoshotbmfloat.cpp:45->chirp.cpp:27]   --->   Operation 145 'shl' 'shl_ln379' <Predicate = true> <Delay = 4.77> <CoreInst = "Shifter">   --->   Core 75 'Shifter' <Latency = 0> <II = 1> <Delay = 4.77> <FuncUnit> <Opcode : 'shl' 'lshr' 'ashr'> <InPorts = 2> <OutPorts = 1>
ST_49 : Operation 146 [1/1] (0.00ns)   --->   "%Med = partselect i80 @_ssdm_op_PartSelect.i80.i100.i32, i100 %shl_ln379, i32 20" [C:\scratch\2025.2\hls_product\666\2025.2\src\shared\hls\clib/hlsmath/include/FloatingPoint/hls_range_redux.h:379->C:\scratch\2025.2\hls_product\666\2025.2\src\shared\hls\clib/hlsmath/include/FloatingPoint/hls_range_redux.h:467->C:\scratch\2025.2\hls_product\666\2025.2\src\shared\hls\clib/hlsmath/include/FloatingPoint\hls_hotbm.h:239->C:\scratch\2025.2\hls_product\666\2025.2\src\shared\hls\clib\hlsmath\src\common\hls_hotbm_float.cpp:127->C:\scratch\2025.2\hls_product\666\2025.2\src\shared\hls\clib\hlsmath\src\c++\sincoshotbmfloat.cpp:13->C:\scratch\2025.2\hls_product\666\2025.2\src\shared\hls\clib\hlsmath\src\c++\sincoshotbmfloat.cpp:45->chirp.cpp:27]   --->   Operation 146 'partselect' 'Med' <Predicate = true> <Delay = 0.00>

State 50 <SV = 49> <Delay = 6.97>
ST_50 : Operation 147 [1/1] (0.00ns)   --->   "%X = bitconcatenate i24 @_ssdm_op_BitConcatenate.i24.i1.i23, i1 1, i23 %din_sig" [C:\scratch\2025.2\hls_product\666\2025.2\src\shared\hls\clib/hlsmath/include/FloatingPoint/hls_range_redux.h:468->C:\scratch\2025.2\hls_product\666\2025.2\src\shared\hls\clib/hlsmath/include/FloatingPoint\hls_hotbm.h:239->C:\scratch\2025.2\hls_product\666\2025.2\src\shared\hls\clib\hlsmath\src\common\hls_hotbm_float.cpp:127->C:\scratch\2025.2\hls_product\666\2025.2\src\shared\hls\clib\hlsmath\src\c++\sincoshotbmfloat.cpp:13->C:\scratch\2025.2\hls_product\666\2025.2\src\shared\hls\clib\hlsmath\src\c++\sincoshotbmfloat.cpp:45->chirp.cpp:27]   --->   Operation 147 'bitconcatenate' 'X' <Predicate = true> <Delay = 0.00>
ST_50 : Operation 148 [1/1] (0.00ns)   --->   "%zext_ln468 = zext i24 %X" [C:\scratch\2025.2\hls_product\666\2025.2\src\shared\hls\clib/hlsmath/include/FloatingPoint/hls_range_redux.h:468->C:\scratch\2025.2\hls_product\666\2025.2\src\shared\hls\clib/hlsmath/include/FloatingPoint\hls_hotbm.h:239->C:\scratch\2025.2\hls_product\666\2025.2\src\shared\hls\clib\hlsmath\src\common\hls_hotbm_float.cpp:127->C:\scratch\2025.2\hls_product\666\2025.2\src\shared\hls\clib\hlsmath\src\c++\sincoshotbmfloat.cpp:13->C:\scratch\2025.2\hls_product\666\2025.2\src\shared\hls\clib\hlsmath\src\c++\sincoshotbmfloat.cpp:45->chirp.cpp:27]   --->   Operation 148 'zext' 'zext_ln468' <Predicate = true> <Delay = 0.00>
ST_50 : Operation 149 [5/5] (6.97ns)   --->   "%h = mul i80 %Med, i80 %zext_ln468" [C:\scratch\2025.2\hls_product\666\2025.2\src\shared\hls\clib/hlsmath/include/FloatingPoint/hls_range_redux.h:468->C:\scratch\2025.2\hls_product\666\2025.2\src\shared\hls\clib/hlsmath/include/FloatingPoint\hls_hotbm.h:239->C:\scratch\2025.2\hls_product\666\2025.2\src\shared\hls\clib\hlsmath\src\common\hls_hotbm_float.cpp:127->C:\scratch\2025.2\hls_product\666\2025.2\src\shared\hls\clib\hlsmath\src\c++\sincoshotbmfloat.cpp:13->C:\scratch\2025.2\hls_product\666\2025.2\src\shared\hls\clib\hlsmath\src\c++\sincoshotbmfloat.cpp:45->chirp.cpp:27]   --->   Operation 149 'mul' 'h' <Predicate = true> <Delay = 6.97> <CoreInst = "Multiplier">   --->   Core 3 'Multiplier' <Latency = 4> <II = 1> <Delay = 6.97> <FuncUnit> <Opcode : 'mul'> <InPorts = 2> <OutPorts = 1>
ST_50 : Operation 150 [1/1] (1.91ns)   --->   "%icmp_ln271 = icmp_eq  i8 %din_exp, i8 0" [C:\scratch\2025.2\hls_product\666\2025.2\src\shared\hls\clib/hlsmath/include/FloatingPoint\hls_hotbm.h:271->C:\scratch\2025.2\hls_product\666\2025.2\src\shared\hls\clib\hlsmath\src\common\hls_hotbm_float.cpp:127->C:\scratch\2025.2\hls_product\666\2025.2\src\shared\hls\clib\hlsmath\src\c++\sincoshotbmfloat.cpp:13->C:\scratch\2025.2\hls_product\666\2025.2\src\shared\hls\clib\hlsmath\src\c++\sincoshotbmfloat.cpp:45->chirp.cpp:27]   --->   Operation 150 'icmp' 'icmp_ln271' <Predicate = true> <Delay = 1.91> <CoreInst = "Cmp">   --->   Core 9 'Cmp' <Latency = 0> <II = 1> <Delay = 1.91> <FuncUnit> <Opcode : 'seteq' 'setne' 'setle' 'setge' 'setlt' 'setgt'> <InPorts = 2> <OutPorts = 1>
ST_50 : Operation 151 [1/1] (2.28ns)   --->   "%icmp_ln271_1 = icmp_eq  i23 %din_sig, i23 0" [C:\scratch\2025.2\hls_product\666\2025.2\src\shared\hls\clib/hlsmath/include/FloatingPoint\hls_hotbm.h:271->C:\scratch\2025.2\hls_product\666\2025.2\src\shared\hls\clib\hlsmath\src\common\hls_hotbm_float.cpp:127->C:\scratch\2025.2\hls_product\666\2025.2\src\shared\hls\clib\hlsmath\src\c++\sincoshotbmfloat.cpp:13->C:\scratch\2025.2\hls_product\666\2025.2\src\shared\hls\clib\hlsmath\src\c++\sincoshotbmfloat.cpp:45->chirp.cpp:27]   --->   Operation 151 'icmp' 'icmp_ln271_1' <Predicate = true> <Delay = 2.28> <CoreInst = "Cmp">   --->   Core 9 'Cmp' <Latency = 0> <II = 1> <Delay = 2.28> <FuncUnit> <Opcode : 'seteq' 'setne' 'setle' 'setge' 'setlt' 'setgt'> <InPorts = 2> <OutPorts = 1>
ST_50 : Operation 152 [1/1] (0.97ns)   --->   "%and_ln271 = and i1 %icmp_ln271, i1 %icmp_ln271_1" [C:\scratch\2025.2\hls_product\666\2025.2\src\shared\hls\clib/hlsmath/include/FloatingPoint\hls_hotbm.h:271->C:\scratch\2025.2\hls_product\666\2025.2\src\shared\hls\clib\hlsmath\src\common\hls_hotbm_float.cpp:127->C:\scratch\2025.2\hls_product\666\2025.2\src\shared\hls\clib\hlsmath\src\c++\sincoshotbmfloat.cpp:13->C:\scratch\2025.2\hls_product\666\2025.2\src\shared\hls\clib\hlsmath\src\c++\sincoshotbmfloat.cpp:45->chirp.cpp:27]   --->   Operation 152 'and' 'and_ln271' <Predicate = true> <Delay = 0.97> <CoreInst = "LogicGate">   --->   Core 74 'LogicGate' <Latency = 0> <II = 1> <Delay = 0.97> <FuncUnit> <Opcode : 'and' 'or' 'xor'> <InPorts = 2> <OutPorts = 1>

State 51 <SV = 50> <Delay = 6.97>
ST_51 : Operation 153 [4/5] (6.97ns)   --->   "%h = mul i80 %Med, i80 %zext_ln468" [C:\scratch\2025.2\hls_product\666\2025.2\src\shared\hls\clib/hlsmath/include/FloatingPoint/hls_range_redux.h:468->C:\scratch\2025.2\hls_product\666\2025.2\src\shared\hls\clib/hlsmath/include/FloatingPoint\hls_hotbm.h:239->C:\scratch\2025.2\hls_product\666\2025.2\src\shared\hls\clib\hlsmath\src\common\hls_hotbm_float.cpp:127->C:\scratch\2025.2\hls_product\666\2025.2\src\shared\hls\clib\hlsmath\src\c++\sincoshotbmfloat.cpp:13->C:\scratch\2025.2\hls_product\666\2025.2\src\shared\hls\clib\hlsmath\src\c++\sincoshotbmfloat.cpp:45->chirp.cpp:27]   --->   Operation 153 'mul' 'h' <Predicate = true> <Delay = 6.97> <CoreInst = "Multiplier">   --->   Core 3 'Multiplier' <Latency = 4> <II = 1> <Delay = 6.97> <FuncUnit> <Opcode : 'mul'> <InPorts = 2> <OutPorts = 1>

State 52 <SV = 51> <Delay = 6.97>
ST_52 : Operation 154 [3/5] (6.97ns)   --->   "%h = mul i80 %Med, i80 %zext_ln468" [C:\scratch\2025.2\hls_product\666\2025.2\src\shared\hls\clib/hlsmath/include/FloatingPoint/hls_range_redux.h:468->C:\scratch\2025.2\hls_product\666\2025.2\src\shared\hls\clib/hlsmath/include/FloatingPoint\hls_hotbm.h:239->C:\scratch\2025.2\hls_product\666\2025.2\src\shared\hls\clib\hlsmath\src\common\hls_hotbm_float.cpp:127->C:\scratch\2025.2\hls_product\666\2025.2\src\shared\hls\clib\hlsmath\src\c++\sincoshotbmfloat.cpp:13->C:\scratch\2025.2\hls_product\666\2025.2\src\shared\hls\clib\hlsmath\src\c++\sincoshotbmfloat.cpp:45->chirp.cpp:27]   --->   Operation 154 'mul' 'h' <Predicate = true> <Delay = 6.97> <CoreInst = "Multiplier">   --->   Core 3 'Multiplier' <Latency = 4> <II = 1> <Delay = 6.97> <FuncUnit> <Opcode : 'mul'> <InPorts = 2> <OutPorts = 1>

State 53 <SV = 52> <Delay = 6.97>
ST_53 : Operation 155 [2/5] (6.97ns)   --->   "%h = mul i80 %Med, i80 %zext_ln468" [C:\scratch\2025.2\hls_product\666\2025.2\src\shared\hls\clib/hlsmath/include/FloatingPoint/hls_range_redux.h:468->C:\scratch\2025.2\hls_product\666\2025.2\src\shared\hls\clib/hlsmath/include/FloatingPoint\hls_hotbm.h:239->C:\scratch\2025.2\hls_product\666\2025.2\src\shared\hls\clib\hlsmath\src\common\hls_hotbm_float.cpp:127->C:\scratch\2025.2\hls_product\666\2025.2\src\shared\hls\clib\hlsmath\src\c++\sincoshotbmfloat.cpp:13->C:\scratch\2025.2\hls_product\666\2025.2\src\shared\hls\clib\hlsmath\src\c++\sincoshotbmfloat.cpp:45->chirp.cpp:27]   --->   Operation 155 'mul' 'h' <Predicate = true> <Delay = 6.97> <CoreInst = "Multiplier">   --->   Core 3 'Multiplier' <Latency = 4> <II = 1> <Delay = 6.97> <FuncUnit> <Opcode : 'mul'> <InPorts = 2> <OutPorts = 1>

State 54 <SV = 53> <Delay = 6.97>
ST_54 : Operation 156 [1/5] (6.97ns)   --->   "%h = mul i80 %Med, i80 %zext_ln468" [C:\scratch\2025.2\hls_product\666\2025.2\src\shared\hls\clib/hlsmath/include/FloatingPoint/hls_range_redux.h:468->C:\scratch\2025.2\hls_product\666\2025.2\src\shared\hls\clib/hlsmath/include/FloatingPoint\hls_hotbm.h:239->C:\scratch\2025.2\hls_product\666\2025.2\src\shared\hls\clib\hlsmath\src\common\hls_hotbm_float.cpp:127->C:\scratch\2025.2\hls_product\666\2025.2\src\shared\hls\clib\hlsmath\src\c++\sincoshotbmfloat.cpp:13->C:\scratch\2025.2\hls_product\666\2025.2\src\shared\hls\clib\hlsmath\src\c++\sincoshotbmfloat.cpp:45->chirp.cpp:27]   --->   Operation 156 'mul' 'h' <Predicate = true> <Delay = 6.97> <CoreInst = "Multiplier">   --->   Core 3 'Multiplier' <Latency = 4> <II = 1> <Delay = 6.97> <FuncUnit> <Opcode : 'mul'> <InPorts = 2> <OutPorts = 1>
ST_54 : Operation 157 [1/1] (0.00ns)   --->   "%Mx_bits = partselect i58 @_ssdm_op_PartSelect.i58.i80.i32.i32, i80 %h, i32 19, i32 76" [C:\scratch\2025.2\hls_product\666\2025.2\src\shared\hls\clib/hlsmath/include/FloatingPoint/hls_range_redux.h:483->C:\scratch\2025.2\hls_product\666\2025.2\src\shared\hls\clib/hlsmath/include/FloatingPoint\hls_hotbm.h:239->C:\scratch\2025.2\hls_product\666\2025.2\src\shared\hls\clib\hlsmath\src\common\hls_hotbm_float.cpp:127->C:\scratch\2025.2\hls_product\666\2025.2\src\shared\hls\clib\hlsmath\src\c++\sincoshotbmfloat.cpp:13->C:\scratch\2025.2\hls_product\666\2025.2\src\shared\hls\clib\hlsmath\src\c++\sincoshotbmfloat.cpp:45->chirp.cpp:27]   --->   Operation 157 'partselect' 'Mx_bits' <Predicate = true> <Delay = 0.00>
ST_54 : Operation 158 [1/1] (0.00ns)   --->   "%trunc_ln_i = partselect i3 @_ssdm_op_PartSelect.i3.i80.i32.i32, i80 %h, i32 77, i32 79" [C:\scratch\2025.2\hls_product\666\2025.2\src\shared\hls\clib/hlsmath/include/FloatingPoint/hls_range_redux.h:487->C:\scratch\2025.2\hls_product\666\2025.2\src\shared\hls\clib/hlsmath/include/FloatingPoint\hls_hotbm.h:239->C:\scratch\2025.2\hls_product\666\2025.2\src\shared\hls\clib\hlsmath\src\common\hls_hotbm_float.cpp:127->C:\scratch\2025.2\hls_product\666\2025.2\src\shared\hls\clib\hlsmath\src\c++\sincoshotbmfloat.cpp:13->C:\scratch\2025.2\hls_product\666\2025.2\src\shared\hls\clib\hlsmath\src\c++\sincoshotbmfloat.cpp:45->chirp.cpp:27]   --->   Operation 158 'partselect' 'trunc_ln_i' <Predicate = (!closepath)> <Delay = 0.00>

State 55 <SV = 54> <Delay = 5.34>
ST_55 : Operation 159 [1/1] (0.98ns)   --->   "%k = select i1 %closepath, i3 0, i3 %trunc_ln_i" [C:\scratch\2025.2\hls_product\666\2025.2\src\shared\hls\clib/hlsmath/include/FloatingPoint/hls_range_redux.h:451->C:\scratch\2025.2\hls_product\666\2025.2\src\shared\hls\clib/hlsmath/include/FloatingPoint\hls_hotbm.h:239->C:\scratch\2025.2\hls_product\666\2025.2\src\shared\hls\clib\hlsmath\src\common\hls_hotbm_float.cpp:127->C:\scratch\2025.2\hls_product\666\2025.2\src\shared\hls\clib\hlsmath\src\c++\sincoshotbmfloat.cpp:13->C:\scratch\2025.2\hls_product\666\2025.2\src\shared\hls\clib\hlsmath\src\c++\sincoshotbmfloat.cpp:45->chirp.cpp:27]   --->   Operation 159 'select' 'k' <Predicate = true> <Delay = 0.98> <CoreInst = "Sel">   --->   Core 73 'Sel' <Latency = 0> <II = 1> <Delay = 0.98> <FuncUnit> <Opcode : 'select'> <InPorts = 3> <OutPorts = 1>
ST_55 : Operation 160 [1/1] (0.00ns)   --->   "%trunc_ln491 = trunc i3 %k" [C:\scratch\2025.2\hls_product\666\2025.2\src\shared\hls\clib/hlsmath/include/FloatingPoint/hls_range_redux.h:491->C:\scratch\2025.2\hls_product\666\2025.2\src\shared\hls\clib/hlsmath/include/FloatingPoint\hls_hotbm.h:239->C:\scratch\2025.2\hls_product\666\2025.2\src\shared\hls\clib\hlsmath\src\common\hls_hotbm_float.cpp:127->C:\scratch\2025.2\hls_product\666\2025.2\src\shared\hls\clib\hlsmath\src\c++\sincoshotbmfloat.cpp:13->C:\scratch\2025.2\hls_product\666\2025.2\src\shared\hls\clib\hlsmath\src\c++\sincoshotbmfloat.cpp:45->chirp.cpp:27]   --->   Operation 160 'trunc' 'trunc_ln491' <Predicate = true> <Delay = 0.00>
ST_55 : Operation 161 [1/1] (3.36ns)   --->   "%Mx_bits_1 = sub i58 0, i58 %Mx_bits" [C:\scratch\2025.2\hls_product\666\2025.2\src\shared\hls\clib/hlsmath/include/FloatingPoint/hls_range_redux.h:492->C:\scratch\2025.2\hls_product\666\2025.2\src\shared\hls\clib/hlsmath/include/FloatingPoint\hls_hotbm.h:239->C:\scratch\2025.2\hls_product\666\2025.2\src\shared\hls\clib\hlsmath\src\common\hls_hotbm_float.cpp:127->C:\scratch\2025.2\hls_product\666\2025.2\src\shared\hls\clib\hlsmath\src\c++\sincoshotbmfloat.cpp:13->C:\scratch\2025.2\hls_product\666\2025.2\src\shared\hls\clib\hlsmath\src\c++\sincoshotbmfloat.cpp:45->chirp.cpp:27]   --->   Operation 161 'sub' 'Mx_bits_1' <Predicate = true> <Delay = 3.36> <CoreInst = "Adder">   --->   Core 1 'Adder' <Latency = 0> <II = 1> <Delay = 3.36> <FuncUnit> <Opcode : 'add' 'sub'> <InPorts = 2> <OutPorts = 1>
ST_55 : Operation 162 [1/1] (1.07ns)   --->   "%Mx_bits_3 = select i1 %trunc_ln491, i58 %Mx_bits_1, i58 %Mx_bits" [C:\scratch\2025.2\hls_product\666\2025.2\src\shared\hls\clib/hlsmath/include/FloatingPoint/hls_range_redux.h:491->C:\scratch\2025.2\hls_product\666\2025.2\src\shared\hls\clib/hlsmath/include/FloatingPoint\hls_hotbm.h:239->C:\scratch\2025.2\hls_product\666\2025.2\src\shared\hls\clib\hlsmath\src\common\hls_hotbm_float.cpp:127->C:\scratch\2025.2\hls_product\666\2025.2\src\shared\hls\clib\hlsmath\src\c++\sincoshotbmfloat.cpp:13->C:\scratch\2025.2\hls_product\666\2025.2\src\shared\hls\clib\hlsmath\src\c++\sincoshotbmfloat.cpp:45->chirp.cpp:27]   --->   Operation 162 'select' 'Mx_bits_3' <Predicate = true> <Delay = 1.07> <CoreInst = "Sel">   --->   Core 73 'Sel' <Latency = 0> <II = 1> <Delay = 1.07> <FuncUnit> <Opcode : 'select'> <InPorts = 3> <OutPorts = 1>
ST_55 : Operation 163 [1/1] (0.00ns)   --->   "%tmp_7_i = partselect i29 @_ssdm_op_PartSelect.i29.i58.i32, i58 %Mx_bits_3, i32 29" [C:\scratch\2025.2\hls_product\666\2025.2\src\shared\hls\clib/hlsmath/include/FloatingPoint/hls_normalize.h:72->C:\scratch\2025.2\hls_product\666\2025.2\src\shared\hls\clib/hlsmath/include/FloatingPoint/hls_range_redux.h:495->C:\scratch\2025.2\hls_product\666\2025.2\src\shared\hls\clib/hlsmath/include/FloatingPoint\hls_hotbm.h:239->C:\scratch\2025.2\hls_product\666\2025.2\src\shared\hls\clib\hlsmath\src\common\hls_hotbm_float.cpp:127->C:\scratch\2025.2\hls_product\666\2025.2\src\shared\hls\clib\hlsmath\src\c++\sincoshotbmfloat.cpp:13->C:\scratch\2025.2\hls_product\666\2025.2\src\shared\hls\clib\hlsmath\src\c++\sincoshotbmfloat.cpp:45->chirp.cpp:27]   --->   Operation 163 'partselect' 'tmp_7_i' <Predicate = true> <Delay = 0.00>
ST_55 : Operation 164 [1/1] (2.30ns)   --->   "%sin_basis = sparsemux i1 @_ssdm_op_SparseMux.ap_auto.8i1.i1.i3, i3 0, i1 0, i3 1, i1 1, i3 2, i1 1, i3 3, i1 0, i3 4, i1 0, i3 5, i1 1, i3 6, i1 1, i3 7, i1 0, i1 0, i3 %k" [C:\scratch\2025.2\hls_product\666\2025.2\src\shared\hls\clib/hlsmath/include/FloatingPoint\hls_hotbm.h:242->C:\scratch\2025.2\hls_product\666\2025.2\src\shared\hls\clib\hlsmath\src\common\hls_hotbm_float.cpp:127->C:\scratch\2025.2\hls_product\666\2025.2\src\shared\hls\clib\hlsmath\src\c++\sincoshotbmfloat.cpp:13->C:\scratch\2025.2\hls_product\666\2025.2\src\shared\hls\clib\hlsmath\src\c++\sincoshotbmfloat.cpp:45->chirp.cpp:27]   --->   Operation 164 'sparsemux' 'sin_basis' <Predicate = true> <Delay = 2.30> <CoreInst = "BinarySparseMux_DontCare">   --->   Core 137 'BinarySparseMux_DontCare' <Latency = 0> <II = 1> <Delay = 2.30> <FuncUnit> <Opcode : 'sparsemux'> <InPorts = 2> <OutPorts = 1>
ST_55 : Operation 165 [1/1] (0.00ns)   --->   "%index = bitconcatenate i4 @_ssdm_op_BitConcatenate.i4.i1.i3, i1 %din_sign, i3 %k" [C:\scratch\2025.2\hls_product\666\2025.2\src\shared\hls\clib/hlsmath/include/FloatingPoint\hls_hotbm.h:266->C:\scratch\2025.2\hls_product\666\2025.2\src\shared\hls\clib\hlsmath\src\common\hls_hotbm_float.cpp:127->C:\scratch\2025.2\hls_product\666\2025.2\src\shared\hls\clib\hlsmath\src\c++\sincoshotbmfloat.cpp:13->C:\scratch\2025.2\hls_product\666\2025.2\src\shared\hls\clib\hlsmath\src\c++\sincoshotbmfloat.cpp:45->chirp.cpp:27]   --->   Operation 165 'bitconcatenate' 'index' <Predicate = true> <Delay = 0.00>
ST_55 : Operation 166 [1/1] (0.00ns) (grouped into LUT with out node results_sign_2)   --->   "%tmp_4_i = sparsemux i1 @_ssdm_op_SparseMux.ap_auto.16i1.i1.i4, i4 0, i1 0, i4 1, i1 0, i4 2, i1 1, i4 3, i1 0, i4 4, i1 1, i4 5, i1 1, i4 6, i1 0, i4 7, i1 1, i4 8, i1 1, i4 9, i1 0, i4 10, i1 1, i4 11, i1 1, i4 12, i1 0, i4 13, i1 1, i4 14, i1 0, i4 15, i1 0, i1 0, i4 %index" [C:\scratch\2025.2\hls_product\666\2025.2\src\shared\hls\clib/hlsmath/include/FloatingPoint\hls_hotbm.h:267->C:\scratch\2025.2\hls_product\666\2025.2\src\shared\hls\clib\hlsmath\src\common\hls_hotbm_float.cpp:127->C:\scratch\2025.2\hls_product\666\2025.2\src\shared\hls\clib\hlsmath\src\c++\sincoshotbmfloat.cpp:13->C:\scratch\2025.2\hls_product\666\2025.2\src\shared\hls\clib\hlsmath\src\c++\sincoshotbmfloat.cpp:45->chirp.cpp:27]   --->   Operation 166 'sparsemux' 'tmp_4_i' <Predicate = true> <Delay = 0.00> <CoreInst = "BinarySparseMux_DontCare">   --->   Core 137 'BinarySparseMux_DontCare' <Latency = 0> <II = 1> <Delay = 2.06> <FuncUnit> <Opcode : 'sparsemux'> <InPorts = 2> <OutPorts = 1>
ST_55 : Operation 167 [1/1] (0.00ns) (grouped into LUT with out node results_sign_2)   --->   "%tmp_8_i = sparsemux i1 @_ssdm_op_SparseMux.ap_auto.16i1.i1.i4, i4 0, i1 0, i4 1, i1 0, i4 2, i1 0, i4 3, i1 1, i4 4, i1 1, i4 5, i1 1, i4 6, i1 1, i4 7, i1 0, i4 8, i1 0, i4 9, i1 1, i4 10, i1 1, i4 11, i1 1, i4 12, i1 1, i4 13, i1 0, i4 14, i1 0, i4 15, i1 0, i1 0, i4 %index" [C:\scratch\2025.2\hls_product\666\2025.2\src\shared\hls\clib/hlsmath/include/FloatingPoint\hls_hotbm.h:267->C:\scratch\2025.2\hls_product\666\2025.2\src\shared\hls\clib\hlsmath\src\common\hls_hotbm_float.cpp:127->C:\scratch\2025.2\hls_product\666\2025.2\src\shared\hls\clib\hlsmath\src\c++\sincoshotbmfloat.cpp:13->C:\scratch\2025.2\hls_product\666\2025.2\src\shared\hls\clib\hlsmath\src\c++\sincoshotbmfloat.cpp:45->chirp.cpp:27]   --->   Operation 167 'sparsemux' 'tmp_8_i' <Predicate = true> <Delay = 0.00> <CoreInst = "BinarySparseMux_DontCare">   --->   Core 137 'BinarySparseMux_DontCare' <Latency = 0> <II = 1> <Delay = 2.06> <FuncUnit> <Opcode : 'sparsemux'> <InPorts = 2> <OutPorts = 1>
ST_55 : Operation 168 [1/1] (0.00ns) (grouped into LUT with out node results_sign_2)   --->   "%results_sign = select i1 %sin_basis, i1 %tmp_4_i, i1 %tmp_8_i" [C:\scratch\2025.2\hls_product\666\2025.2\src\shared\hls\clib/hlsmath/include/FloatingPoint\hls_hotbm.h:242->C:\scratch\2025.2\hls_product\666\2025.2\src\shared\hls\clib\hlsmath\src\common\hls_hotbm_float.cpp:127->C:\scratch\2025.2\hls_product\666\2025.2\src\shared\hls\clib\hlsmath\src\c++\sincoshotbmfloat.cpp:13->C:\scratch\2025.2\hls_product\666\2025.2\src\shared\hls\clib\hlsmath\src\c++\sincoshotbmfloat.cpp:45->chirp.cpp:27]   --->   Operation 168 'select' 'results_sign' <Predicate = true> <Delay = 0.00> <CoreInst = "Sel">   --->   Core 73 'Sel' <Latency = 0> <II = 1> <Delay = 0.99> <FuncUnit> <Opcode : 'select'> <InPorts = 3> <OutPorts = 1>
ST_55 : Operation 169 [1/1] (1.91ns)   --->   "%icmp_ln282 = icmp_eq  i8 %din_exp, i8 255" [C:\scratch\2025.2\hls_product\666\2025.2\src\shared\hls\clib/hlsmath/include/FloatingPoint\hls_hotbm.h:282->C:\scratch\2025.2\hls_product\666\2025.2\src\shared\hls\clib\hlsmath\src\common\hls_hotbm_float.cpp:127->C:\scratch\2025.2\hls_product\666\2025.2\src\shared\hls\clib\hlsmath\src\c++\sincoshotbmfloat.cpp:13->C:\scratch\2025.2\hls_product\666\2025.2\src\shared\hls\clib\hlsmath\src\c++\sincoshotbmfloat.cpp:45->chirp.cpp:27]   --->   Operation 169 'icmp' 'icmp_ln282' <Predicate = true> <Delay = 1.91> <CoreInst = "Cmp">   --->   Core 9 'Cmp' <Latency = 0> <II = 1> <Delay = 1.91> <FuncUnit> <Opcode : 'seteq' 'setne' 'setle' 'setge' 'setlt' 'setgt'> <InPorts = 2> <OutPorts = 1>
ST_55 : Operation 170 [1/1] (0.00ns) (grouped into LUT with out node results_sign_2)   --->   "%xor_ln282 = xor i1 %icmp_ln282, i1 1" [C:\scratch\2025.2\hls_product\666\2025.2\src\shared\hls\clib/hlsmath/include/FloatingPoint\hls_hotbm.h:282->C:\scratch\2025.2\hls_product\666\2025.2\src\shared\hls\clib\hlsmath\src\common\hls_hotbm_float.cpp:127->C:\scratch\2025.2\hls_product\666\2025.2\src\shared\hls\clib\hlsmath\src\c++\sincoshotbmfloat.cpp:13->C:\scratch\2025.2\hls_product\666\2025.2\src\shared\hls\clib\hlsmath\src\c++\sincoshotbmfloat.cpp:45->chirp.cpp:27]   --->   Operation 170 'xor' 'xor_ln282' <Predicate = true> <Delay = 0.00> <CoreInst = "LogicGate">   --->   Core 74 'LogicGate' <Latency = 0> <II = 1> <Delay = 0.97> <FuncUnit> <Opcode : 'and' 'or' 'xor'> <InPorts = 2> <OutPorts = 1>
ST_55 : Operation 171 [1/1] (0.00ns) (grouped into LUT with out node results_sign_2)   --->   "%results_sign_1 = and i1 %results_sign, i1 %xor_ln282" [C:\scratch\2025.2\hls_product\666\2025.2\src\shared\hls\clib/hlsmath/include/FloatingPoint\hls_hotbm.h:282->C:\scratch\2025.2\hls_product\666\2025.2\src\shared\hls\clib\hlsmath\src\common\hls_hotbm_float.cpp:127->C:\scratch\2025.2\hls_product\666\2025.2\src\shared\hls\clib\hlsmath\src\c++\sincoshotbmfloat.cpp:13->C:\scratch\2025.2\hls_product\666\2025.2\src\shared\hls\clib\hlsmath\src\c++\sincoshotbmfloat.cpp:45->chirp.cpp:27]   --->   Operation 171 'and' 'results_sign_1' <Predicate = true> <Delay = 0.00> <CoreInst = "LogicGate">   --->   Core 74 'LogicGate' <Latency = 0> <II = 1> <Delay = 0.97> <FuncUnit> <Opcode : 'and' 'or' 'xor'> <InPorts = 2> <OutPorts = 1>
ST_55 : Operation 172 [1/1] (0.00ns) (grouped into LUT with out node results_sign_2)   --->   "%not_and_ln271_i = xor i1 %and_ln271, i1 1" [C:\scratch\2025.2\hls_product\666\2025.2\src\shared\hls\clib/hlsmath/include/FloatingPoint\hls_hotbm.h:271->C:\scratch\2025.2\hls_product\666\2025.2\src\shared\hls\clib\hlsmath\src\common\hls_hotbm_float.cpp:127->C:\scratch\2025.2\hls_product\666\2025.2\src\shared\hls\clib\hlsmath\src\c++\sincoshotbmfloat.cpp:13->C:\scratch\2025.2\hls_product\666\2025.2\src\shared\hls\clib\hlsmath\src\c++\sincoshotbmfloat.cpp:45->chirp.cpp:27]   --->   Operation 172 'xor' 'not_and_ln271_i' <Predicate = true> <Delay = 0.00> <CoreInst = "LogicGate">   --->   Core 74 'LogicGate' <Latency = 0> <II = 1> <Delay = 0.97> <FuncUnit> <Opcode : 'and' 'or' 'xor'> <InPorts = 2> <OutPorts = 1>
ST_55 : Operation 173 [1/1] (2.06ns) (out node of the LUT)   --->   "%results_sign_2 = and i1 %results_sign_1, i1 %not_and_ln271_i" [C:\scratch\2025.2\hls_product\666\2025.2\src\shared\hls\clib/hlsmath/include/FloatingPoint\hls_hotbm.h:282->C:\scratch\2025.2\hls_product\666\2025.2\src\shared\hls\clib\hlsmath\src\common\hls_hotbm_float.cpp:127->C:\scratch\2025.2\hls_product\666\2025.2\src\shared\hls\clib\hlsmath\src\c++\sincoshotbmfloat.cpp:13->C:\scratch\2025.2\hls_product\666\2025.2\src\shared\hls\clib\hlsmath\src\c++\sincoshotbmfloat.cpp:45->chirp.cpp:27]   --->   Operation 173 'and' 'results_sign_2' <Predicate = true> <Delay = 2.06> <CoreInst = "LogicGate">   --->   Core 74 'LogicGate' <Latency = 0> <II = 1> <Delay = 0.97> <FuncUnit> <Opcode : 'and' 'or' 'xor'> <InPorts = 2> <OutPorts = 1>

State 56 <SV = 55> <Delay = 6.66>
ST_56 : Operation 174 [1/1] (1.91ns)   --->   "%Ex = add i8 %din_exp, i8 131" [C:\scratch\2025.2\hls_product\666\2025.2\src\shared\hls\clib/hlsmath/include/FloatingPoint/hls_range_redux.h:454->C:\scratch\2025.2\hls_product\666\2025.2\src\shared\hls\clib/hlsmath/include/FloatingPoint\hls_hotbm.h:239->C:\scratch\2025.2\hls_product\666\2025.2\src\shared\hls\clib\hlsmath\src\common\hls_hotbm_float.cpp:127->C:\scratch\2025.2\hls_product\666\2025.2\src\shared\hls\clib\hlsmath\src\c++\sincoshotbmfloat.cpp:13->C:\scratch\2025.2\hls_product\666\2025.2\src\shared\hls\clib\hlsmath\src\c++\sincoshotbmfloat.cpp:45->chirp.cpp:27]   --->   Operation 174 'add' 'Ex' <Predicate = (closepath)> <Delay = 1.91> <CoreInst = "Adder">   --->   Core 1 'Adder' <Latency = 0> <II = 1> <Delay = 1.91> <FuncUnit> <Opcode : 'add' 'sub'> <InPorts = 2> <OutPorts = 1>
ST_56 : Operation 175 [1/1] (0.00ns) (grouped into LUT with out node Ex_1)   --->   "%select_ln453 = select i1 %closepath, i8 %Ex, i8 0" [C:\scratch\2025.2\hls_product\666\2025.2\src\shared\hls\clib/hlsmath/include/FloatingPoint/hls_range_redux.h:453->C:\scratch\2025.2\hls_product\666\2025.2\src\shared\hls\clib/hlsmath/include/FloatingPoint\hls_hotbm.h:239->C:\scratch\2025.2\hls_product\666\2025.2\src\shared\hls\clib\hlsmath\src\common\hls_hotbm_float.cpp:127->C:\scratch\2025.2\hls_product\666\2025.2\src\shared\hls\clib\hlsmath\src\c++\sincoshotbmfloat.cpp:13->C:\scratch\2025.2\hls_product\666\2025.2\src\shared\hls\clib\hlsmath\src\c++\sincoshotbmfloat.cpp:45->chirp.cpp:27]   --->   Operation 175 'select' 'select_ln453' <Predicate = true> <Delay = 0.00> <CoreInst = "Sel">   --->   Core 73 'Sel' <Latency = 0> <II = 1> <Delay = 1.24> <FuncUnit> <Opcode : 'select'> <InPorts = 3> <OutPorts = 1>
ST_56 : Operation 176 [1/1] (0.00ns)   --->   "%t_1 = bitconcatenate i30 @_ssdm_op_BitConcatenate.i30.i29.i1, i29 %tmp_7_i, i1 1" [C:\scratch\2025.2\hls_product\666\2025.2\src\shared\hls\clib/hlsmath/include/FloatingPoint/hls_normalize.h:73->C:\scratch\2025.2\hls_product\666\2025.2\src\shared\hls\clib/hlsmath/include/FloatingPoint/hls_range_redux.h:495->C:\scratch\2025.2\hls_product\666\2025.2\src\shared\hls\clib/hlsmath/include/FloatingPoint\hls_hotbm.h:239->C:\scratch\2025.2\hls_product\666\2025.2\src\shared\hls\clib\hlsmath\src\common\hls_hotbm_float.cpp:127->C:\scratch\2025.2\hls_product\666\2025.2\src\shared\hls\clib\hlsmath\src\c++\sincoshotbmfloat.cpp:13->C:\scratch\2025.2\hls_product\666\2025.2\src\shared\hls\clib\hlsmath\src\c++\sincoshotbmfloat.cpp:45->chirp.cpp:27]   --->   Operation 176 'bitconcatenate' 't_1' <Predicate = true> <Delay = 0.00>
ST_56 : Operation 177 [1/1] (2.06ns)   --->   "%Mx_zeros = ctlz i30 @llvm.ctlz.i30, i30 %t_1, i1 0" [C:\scratch\2025.2\hls_product\666\2025.2\src\shared\hls\clib/hlsmath/include/FloatingPoint/hls_normalize.h:75->C:\scratch\2025.2\hls_product\666\2025.2\src\shared\hls\clib/hlsmath/include/FloatingPoint/hls_range_redux.h:495->C:\scratch\2025.2\hls_product\666\2025.2\src\shared\hls\clib/hlsmath/include/FloatingPoint\hls_hotbm.h:239->C:\scratch\2025.2\hls_product\666\2025.2\src\shared\hls\clib\hlsmath\src\common\hls_hotbm_float.cpp:127->C:\scratch\2025.2\hls_product\666\2025.2\src\shared\hls\clib\hlsmath\src\c++\sincoshotbmfloat.cpp:13->C:\scratch\2025.2\hls_product\666\2025.2\src\shared\hls\clib\hlsmath\src\c++\sincoshotbmfloat.cpp:45->chirp.cpp:27]   --->   Operation 177 'ctlz' 'Mx_zeros' <Predicate = true> <Delay = 2.06> <CoreInst = "ctlz">   --->   Core 133 'ctlz' <Latency = 0> <II = 1> <Delay = 2.06> <FuncUnit> <Opcode : 'ctlz'> <InPorts = 1> <OutPorts = 1>
ST_56 : Operation 178 [1/1] (0.00ns)   --->   "%zext_ln504 = zext i30 %Mx_zeros" [C:\scratch\2025.2\hls_product\666\2025.2\src\shared\hls\clib/hlsmath/include/FloatingPoint/hls_range_redux.h:504->C:\scratch\2025.2\hls_product\666\2025.2\src\shared\hls\clib/hlsmath/include/FloatingPoint\hls_hotbm.h:239->C:\scratch\2025.2\hls_product\666\2025.2\src\shared\hls\clib\hlsmath\src\common\hls_hotbm_float.cpp:127->C:\scratch\2025.2\hls_product\666\2025.2\src\shared\hls\clib\hlsmath\src\c++\sincoshotbmfloat.cpp:13->C:\scratch\2025.2\hls_product\666\2025.2\src\shared\hls\clib\hlsmath\src\c++\sincoshotbmfloat.cpp:45->chirp.cpp:27]   --->   Operation 178 'zext' 'zext_ln504' <Predicate = true> <Delay = 0.00>
ST_56 : Operation 179 [1/1] (4.60ns)   --->   "%shl_ln504 = shl i58 %Mx_bits_3, i58 %zext_ln504" [C:\scratch\2025.2\hls_product\666\2025.2\src\shared\hls\clib/hlsmath/include/FloatingPoint/hls_range_redux.h:504->C:\scratch\2025.2\hls_product\666\2025.2\src\shared\hls\clib/hlsmath/include/FloatingPoint\hls_hotbm.h:239->C:\scratch\2025.2\hls_product\666\2025.2\src\shared\hls\clib\hlsmath\src\common\hls_hotbm_float.cpp:127->C:\scratch\2025.2\hls_product\666\2025.2\src\shared\hls\clib\hlsmath\src\c++\sincoshotbmfloat.cpp:13->C:\scratch\2025.2\hls_product\666\2025.2\src\shared\hls\clib\hlsmath\src\c++\sincoshotbmfloat.cpp:45->chirp.cpp:27]   --->   Operation 179 'shl' 'shl_ln504' <Predicate = true> <Delay = 4.60> <CoreInst = "Shifter">   --->   Core 75 'Shifter' <Latency = 0> <II = 1> <Delay = 4.60> <FuncUnit> <Opcode : 'shl' 'lshr' 'ashr'> <InPorts = 2> <OutPorts = 1>
ST_56 : Operation 180 [1/1] (0.00ns)   --->   "%Mx = partselect i29 @_ssdm_op_PartSelect.i29.i58.i32.i32, i58 %shl_ln504, i32 29, i32 57" [C:\scratch\2025.2\hls_product\666\2025.2\src\shared\hls\clib/hlsmath/include/FloatingPoint/hls_range_redux.h:504->C:\scratch\2025.2\hls_product\666\2025.2\src\shared\hls\clib/hlsmath/include/FloatingPoint\hls_hotbm.h:239->C:\scratch\2025.2\hls_product\666\2025.2\src\shared\hls\clib\hlsmath\src\common\hls_hotbm_float.cpp:127->C:\scratch\2025.2\hls_product\666\2025.2\src\shared\hls\clib\hlsmath\src\c++\sincoshotbmfloat.cpp:13->C:\scratch\2025.2\hls_product\666\2025.2\src\shared\hls\clib\hlsmath\src\c++\sincoshotbmfloat.cpp:45->chirp.cpp:27]   --->   Operation 180 'partselect' 'Mx' <Predicate = true> <Delay = 0.00>
ST_56 : Operation 181 [1/1] (0.00ns) (grouped into LUT with out node Ex_1)   --->   "%trunc_ln505 = trunc i30 %Mx_zeros" [C:\scratch\2025.2\hls_product\666\2025.2\src\shared\hls\clib/hlsmath/include/FloatingPoint/hls_range_redux.h:505->C:\scratch\2025.2\hls_product\666\2025.2\src\shared\hls\clib/hlsmath/include/FloatingPoint\hls_hotbm.h:239->C:\scratch\2025.2\hls_product\666\2025.2\src\shared\hls\clib\hlsmath\src\common\hls_hotbm_float.cpp:127->C:\scratch\2025.2\hls_product\666\2025.2\src\shared\hls\clib\hlsmath\src\c++\sincoshotbmfloat.cpp:13->C:\scratch\2025.2\hls_product\666\2025.2\src\shared\hls\clib\hlsmath\src\c++\sincoshotbmfloat.cpp:45->chirp.cpp:27]   --->   Operation 181 'trunc' 'trunc_ln505' <Predicate = true> <Delay = 0.00>
ST_56 : Operation 182 [1/1] (1.91ns) (out node of the LUT)   --->   "%Ex_1 = sub i8 %select_ln453, i8 %trunc_ln505" [C:\scratch\2025.2\hls_product\666\2025.2\src\shared\hls\clib/hlsmath/include/FloatingPoint/hls_range_redux.h:505->C:\scratch\2025.2\hls_product\666\2025.2\src\shared\hls\clib/hlsmath/include/FloatingPoint\hls_hotbm.h:239->C:\scratch\2025.2\hls_product\666\2025.2\src\shared\hls\clib\hlsmath\src\common\hls_hotbm_float.cpp:127->C:\scratch\2025.2\hls_product\666\2025.2\src\shared\hls\clib\hlsmath\src\c++\sincoshotbmfloat.cpp:13->C:\scratch\2025.2\hls_product\666\2025.2\src\shared\hls\clib\hlsmath\src\c++\sincoshotbmfloat.cpp:45->chirp.cpp:27]   --->   Operation 182 'sub' 'Ex_1' <Predicate = true> <Delay = 1.91> <CoreInst = "Adder">   --->   Core 1 'Adder' <Latency = 0> <II = 1> <Delay = 1.91> <FuncUnit> <Opcode : 'add' 'sub'> <InPorts = 2> <OutPorts = 1>
ST_56 : Operation 183 [1/1] (0.00ns)   --->   "%tmp = bitselect i1 @_ssdm_op_BitSelect.i1.i8.i32, i8 %Ex_1, i32 7" [C:\scratch\2025.2\hls_product\666\2025.2\src\shared\hls\clib/hlsmath/include/FloatingPoint/hls_range_redux.h:506->C:\scratch\2025.2\hls_product\666\2025.2\src\shared\hls\clib/hlsmath/include/FloatingPoint\hls_hotbm.h:239->C:\scratch\2025.2\hls_product\666\2025.2\src\shared\hls\clib\hlsmath\src\common\hls_hotbm_float.cpp:127->C:\scratch\2025.2\hls_product\666\2025.2\src\shared\hls\clib\hlsmath\src\c++\sincoshotbmfloat.cpp:13->C:\scratch\2025.2\hls_product\666\2025.2\src\shared\hls\clib\hlsmath\src\c++\sincoshotbmfloat.cpp:45->chirp.cpp:27]   --->   Operation 183 'bitselect' 'tmp' <Predicate = true> <Delay = 0.00>
ST_56 : Operation 184 [1/1] (1.91ns)   --->   "%sub_ln506 = sub i8 0, i8 %Ex_1" [C:\scratch\2025.2\hls_product\666\2025.2\src\shared\hls\clib/hlsmath/include/FloatingPoint/hls_range_redux.h:506->C:\scratch\2025.2\hls_product\666\2025.2\src\shared\hls\clib/hlsmath/include/FloatingPoint\hls_hotbm.h:239->C:\scratch\2025.2\hls_product\666\2025.2\src\shared\hls\clib\hlsmath\src\common\hls_hotbm_float.cpp:127->C:\scratch\2025.2\hls_product\666\2025.2\src\shared\hls\clib\hlsmath\src\c++\sincoshotbmfloat.cpp:13->C:\scratch\2025.2\hls_product\666\2025.2\src\shared\hls\clib\hlsmath\src\c++\sincoshotbmfloat.cpp:45->chirp.cpp:27]   --->   Operation 184 'sub' 'sub_ln506' <Predicate = true> <Delay = 1.91> <CoreInst = "Adder">   --->   Core 1 'Adder' <Latency = 0> <II = 1> <Delay = 1.91> <FuncUnit> <Opcode : 'add' 'sub'> <InPorts = 2> <OutPorts = 1>

State 57 <SV = 56> <Delay = 6.28>
ST_57 : Operation 185 [1/1] (1.24ns)   --->   "%select_ln506 = select i1 %tmp, i8 %sub_ln506, i8 %Ex_1" [C:\scratch\2025.2\hls_product\666\2025.2\src\shared\hls\clib/hlsmath/include/FloatingPoint/hls_range_redux.h:506->C:\scratch\2025.2\hls_product\666\2025.2\src\shared\hls\clib/hlsmath/include/FloatingPoint\hls_hotbm.h:239->C:\scratch\2025.2\hls_product\666\2025.2\src\shared\hls\clib\hlsmath\src\common\hls_hotbm_float.cpp:127->C:\scratch\2025.2\hls_product\666\2025.2\src\shared\hls\clib\hlsmath\src\c++\sincoshotbmfloat.cpp:13->C:\scratch\2025.2\hls_product\666\2025.2\src\shared\hls\clib\hlsmath\src\c++\sincoshotbmfloat.cpp:45->chirp.cpp:27]   --->   Operation 185 'select' 'select_ln506' <Predicate = true> <Delay = 1.24> <CoreInst = "Sel">   --->   Core 73 'Sel' <Latency = 0> <II = 1> <Delay = 1.24> <FuncUnit> <Opcode : 'select'> <InPorts = 3> <OutPorts = 1>
ST_57 : Operation 186 [1/1] (0.00ns)   --->   "%zext_ln506 = zext i8 %select_ln506" [C:\scratch\2025.2\hls_product\666\2025.2\src\shared\hls\clib/hlsmath/include/FloatingPoint/hls_range_redux.h:506->C:\scratch\2025.2\hls_product\666\2025.2\src\shared\hls\clib/hlsmath/include/FloatingPoint\hls_hotbm.h:239->C:\scratch\2025.2\hls_product\666\2025.2\src\shared\hls\clib\hlsmath\src\common\hls_hotbm_float.cpp:127->C:\scratch\2025.2\hls_product\666\2025.2\src\shared\hls\clib\hlsmath\src\c++\sincoshotbmfloat.cpp:13->C:\scratch\2025.2\hls_product\666\2025.2\src\shared\hls\clib\hlsmath\src\c++\sincoshotbmfloat.cpp:45->chirp.cpp:27]   --->   Operation 186 'zext' 'zext_ln506' <Predicate = true> <Delay = 0.00>
ST_57 : Operation 187 [1/1] (0.00ns)   --->   "%zext_ln506_1 = zext i29 %Mx" [C:\scratch\2025.2\hls_product\666\2025.2\src\shared\hls\clib/hlsmath/include/FloatingPoint/hls_range_redux.h:506->C:\scratch\2025.2\hls_product\666\2025.2\src\shared\hls\clib/hlsmath/include/FloatingPoint\hls_hotbm.h:239->C:\scratch\2025.2\hls_product\666\2025.2\src\shared\hls\clib\hlsmath\src\common\hls_hotbm_float.cpp:127->C:\scratch\2025.2\hls_product\666\2025.2\src\shared\hls\clib\hlsmath\src\c++\sincoshotbmfloat.cpp:13->C:\scratch\2025.2\hls_product\666\2025.2\src\shared\hls\clib\hlsmath\src\c++\sincoshotbmfloat.cpp:45->chirp.cpp:27]   --->   Operation 187 'zext' 'zext_ln506_1' <Predicate = true> <Delay = 0.00>
ST_57 : Operation 188 [1/1] (4.33ns)   --->   "%lshr_ln506 = lshr i32 %zext_ln506_1, i32 %zext_ln506" [C:\scratch\2025.2\hls_product\666\2025.2\src\shared\hls\clib/hlsmath/include/FloatingPoint/hls_range_redux.h:506->C:\scratch\2025.2\hls_product\666\2025.2\src\shared\hls\clib/hlsmath/include/FloatingPoint\hls_hotbm.h:239->C:\scratch\2025.2\hls_product\666\2025.2\src\shared\hls\clib\hlsmath\src\common\hls_hotbm_float.cpp:127->C:\scratch\2025.2\hls_product\666\2025.2\src\shared\hls\clib\hlsmath\src\c++\sincoshotbmfloat.cpp:13->C:\scratch\2025.2\hls_product\666\2025.2\src\shared\hls\clib\hlsmath\src\c++\sincoshotbmfloat.cpp:45->chirp.cpp:27]   --->   Operation 188 'lshr' 'lshr_ln506' <Predicate = (tmp)> <Delay = 4.33> <CoreInst = "Shifter">   --->   Core 75 'Shifter' <Latency = 0> <II = 1> <Delay = 4.33> <FuncUnit> <Opcode : 'shl' 'lshr' 'ashr'> <InPorts = 2> <OutPorts = 1>
ST_57 : Operation 189 [1/1] (4.33ns)   --->   "%shl_ln506 = shl i32 %zext_ln506_1, i32 %zext_ln506" [C:\scratch\2025.2\hls_product\666\2025.2\src\shared\hls\clib/hlsmath/include/FloatingPoint/hls_range_redux.h:506->C:\scratch\2025.2\hls_product\666\2025.2\src\shared\hls\clib/hlsmath/include/FloatingPoint\hls_hotbm.h:239->C:\scratch\2025.2\hls_product\666\2025.2\src\shared\hls\clib\hlsmath\src\common\hls_hotbm_float.cpp:127->C:\scratch\2025.2\hls_product\666\2025.2\src\shared\hls\clib\hlsmath\src\c++\sincoshotbmfloat.cpp:13->C:\scratch\2025.2\hls_product\666\2025.2\src\shared\hls\clib\hlsmath\src\c++\sincoshotbmfloat.cpp:45->chirp.cpp:27]   --->   Operation 189 'shl' 'shl_ln506' <Predicate = (!tmp)> <Delay = 4.33> <CoreInst = "Shifter">   --->   Core 75 'Shifter' <Latency = 0> <II = 1> <Delay = 4.33> <FuncUnit> <Opcode : 'shl' 'lshr' 'ashr'> <InPorts = 2> <OutPorts = 1>
ST_57 : Operation 190 [1/1] (0.69ns)   --->   "%select_ln506_1 = select i1 %tmp, i32 %lshr_ln506, i32 %shl_ln506" [C:\scratch\2025.2\hls_product\666\2025.2\src\shared\hls\clib/hlsmath/include/FloatingPoint/hls_range_redux.h:506->C:\scratch\2025.2\hls_product\666\2025.2\src\shared\hls\clib/hlsmath/include/FloatingPoint\hls_hotbm.h:239->C:\scratch\2025.2\hls_product\666\2025.2\src\shared\hls\clib\hlsmath\src\common\hls_hotbm_float.cpp:127->C:\scratch\2025.2\hls_product\666\2025.2\src\shared\hls\clib\hlsmath\src\c++\sincoshotbmfloat.cpp:13->C:\scratch\2025.2\hls_product\666\2025.2\src\shared\hls\clib\hlsmath\src\c++\sincoshotbmfloat.cpp:45->chirp.cpp:27]   --->   Operation 190 'select' 'select_ln506_1' <Predicate = true> <Delay = 0.69> <CoreInst = "Sel">   --->   Core 73 'Sel' <Latency = 0> <II = 1> <Delay = 0.69> <FuncUnit> <Opcode : 'select'> <InPorts = 3> <OutPorts = 1>
ST_57 : Operation 191 [1/1] (0.00ns)   --->   "%B = trunc i32 %select_ln506_1" [C:\scratch\2025.2\hls_product\666\2025.2\src\shared\hls\clib\hlsmath\src\common\hls_hotbm_float.cpp:21->C:\scratch\2025.2\hls_product\666\2025.2\src\shared\hls\clib/hlsmath/include/FloatingPoint\hls_hotbm.h:250->C:\scratch\2025.2\hls_product\666\2025.2\src\shared\hls\clib\hlsmath\src\common\hls_hotbm_float.cpp:127->C:\scratch\2025.2\hls_product\666\2025.2\src\shared\hls\clib\hlsmath\src\c++\sincoshotbmfloat.cpp:13->C:\scratch\2025.2\hls_product\666\2025.2\src\shared\hls\clib\hlsmath\src\c++\sincoshotbmfloat.cpp:45->chirp.cpp:27]   --->   Operation 191 'trunc' 'B' <Predicate = true> <Delay = 0.00>
ST_57 : Operation 192 [1/1] (0.80ns)   --->   "%Mx_1 = select i1 %sin_basis, i29 %Mx, i29 536870911" [C:\scratch\2025.2\hls_product\666\2025.2\src\shared\hls\clib/hlsmath/include/FloatingPoint\hls_hotbm.h:243->C:\scratch\2025.2\hls_product\666\2025.2\src\shared\hls\clib\hlsmath\src\common\hls_hotbm_float.cpp:127->C:\scratch\2025.2\hls_product\666\2025.2\src\shared\hls\clib\hlsmath\src\c++\sincoshotbmfloat.cpp:13->C:\scratch\2025.2\hls_product\666\2025.2\src\shared\hls\clib\hlsmath\src\c++\sincoshotbmfloat.cpp:45->chirp.cpp:27]   --->   Operation 192 'select' 'Mx_1' <Predicate = true> <Delay = 0.80> <CoreInst = "Sel">   --->   Core 73 'Sel' <Latency = 0> <II = 1> <Delay = 0.80> <FuncUnit> <Opcode : 'select'> <InPorts = 3> <OutPorts = 1>
ST_57 : Operation 193 [1/1] (0.00ns)   --->   "%tmp_i = partselect i7 @_ssdm_op_PartSelect.i7.i32.i32.i32, i32 %select_ln506_1, i32 22, i32 28" [C:\scratch\2025.2\hls_product\666\2025.2\src\shared\hls\clib\hlsmath\src\common\hls_hotbm_float.cpp:20->C:\scratch\2025.2\hls_product\666\2025.2\src\shared\hls\clib/hlsmath/include/FloatingPoint\hls_hotbm.h:250->C:\scratch\2025.2\hls_product\666\2025.2\src\shared\hls\clib\hlsmath\src\common\hls_hotbm_float.cpp:127->C:\scratch\2025.2\hls_product\666\2025.2\src\shared\hls\clib\hlsmath\src\c++\sincoshotbmfloat.cpp:13->C:\scratch\2025.2\hls_product\666\2025.2\src\shared\hls\clib\hlsmath\src\c++\sincoshotbmfloat.cpp:45->chirp.cpp:27]   --->   Operation 193 'partselect' 'tmp_i' <Predicate = true> <Delay = 0.00>
ST_57 : Operation 194 [1/1] (0.00ns)   --->   "%B_trunc = partselect i15 @_ssdm_op_PartSelect.i15.i32.i32.i32, i32 %select_ln506_1, i32 7, i32 21" [C:\scratch\2025.2\hls_product\666\2025.2\src\shared\hls\clib\hlsmath\src\common\hls_hotbm_float.cpp:22->C:\scratch\2025.2\hls_product\666\2025.2\src\shared\hls\clib/hlsmath/include/FloatingPoint\hls_hotbm.h:250->C:\scratch\2025.2\hls_product\666\2025.2\src\shared\hls\clib\hlsmath\src\common\hls_hotbm_float.cpp:127->C:\scratch\2025.2\hls_product\666\2025.2\src\shared\hls\clib\hlsmath\src\c++\sincoshotbmfloat.cpp:13->C:\scratch\2025.2\hls_product\666\2025.2\src\shared\hls\clib\hlsmath\src\c++\sincoshotbmfloat.cpp:45->chirp.cpp:27]   --->   Operation 194 'partselect' 'B_trunc' <Predicate = true> <Delay = 0.00>

State 58 <SV = 57> <Delay = 2.32>
ST_58 : Operation 195 [1/1] (1.24ns)   --->   "%Ex_2 = select i1 %sin_basis, i8 %Ex_1, i8 0" [C:\scratch\2025.2\hls_product\666\2025.2\src\shared\hls\clib/hlsmath/include/FloatingPoint\hls_hotbm.h:243->C:\scratch\2025.2\hls_product\666\2025.2\src\shared\hls\clib\hlsmath\src\common\hls_hotbm_float.cpp:127->C:\scratch\2025.2\hls_product\666\2025.2\src\shared\hls\clib\hlsmath\src\c++\sincoshotbmfloat.cpp:13->C:\scratch\2025.2\hls_product\666\2025.2\src\shared\hls\clib\hlsmath\src\c++\sincoshotbmfloat.cpp:45->chirp.cpp:27]   --->   Operation 195 'select' 'Ex_2' <Predicate = true> <Delay = 1.24> <CoreInst = "Sel">   --->   Core 73 'Sel' <Latency = 0> <II = 1> <Delay = 1.24> <FuncUnit> <Opcode : 'select'> <InPorts = 3> <OutPorts = 1>
ST_58 : Operation 196 [1/1] (0.00ns)   --->   "%A = bitconcatenate i8 @_ssdm_op_BitConcatenate.i8.i1.i7, i1 %sin_basis, i7 %tmp_i" [C:\scratch\2025.2\hls_product\666\2025.2\src\shared\hls\clib\hlsmath\src\common\hls_hotbm_float.cpp:26->C:\scratch\2025.2\hls_product\666\2025.2\src\shared\hls\clib/hlsmath/include/FloatingPoint\hls_hotbm.h:250->C:\scratch\2025.2\hls_product\666\2025.2\src\shared\hls\clib\hlsmath\src\common\hls_hotbm_float.cpp:127->C:\scratch\2025.2\hls_product\666\2025.2\src\shared\hls\clib\hlsmath\src\c++\sincoshotbmfloat.cpp:13->C:\scratch\2025.2\hls_product\666\2025.2\src\shared\hls\clib\hlsmath\src\c++\sincoshotbmfloat.cpp:45->chirp.cpp:27]   --->   Operation 196 'bitconcatenate' 'A' <Predicate = true> <Delay = 0.00>
ST_58 : Operation 197 [1/1] (0.00ns)   --->   "%zext_ln28 = zext i8 %A" [C:\scratch\2025.2\hls_product\666\2025.2\src\shared\hls\clib\hlsmath\src\common\hls_hotbm_float.cpp:28->C:\scratch\2025.2\hls_product\666\2025.2\src\shared\hls\clib/hlsmath/include/FloatingPoint\hls_hotbm.h:250->C:\scratch\2025.2\hls_product\666\2025.2\src\shared\hls\clib\hlsmath\src\common\hls_hotbm_float.cpp:127->C:\scratch\2025.2\hls_product\666\2025.2\src\shared\hls\clib\hlsmath\src\c++\sincoshotbmfloat.cpp:13->C:\scratch\2025.2\hls_product\666\2025.2\src\shared\hls\clib\hlsmath\src\c++\sincoshotbmfloat.cpp:45->chirp.cpp:27]   --->   Operation 197 'zext' 'zext_ln28' <Predicate = true> <Delay = 0.00>
ST_58 : Operation 198 [1/1] (0.00ns)   --->   "%second_order_float_sin_cos_K0_addr = getelementptr i30 %second_order_float_sin_cos_K0, i64 0, i64 %zext_ln28" [C:\scratch\2025.2\hls_product\666\2025.2\src\shared\hls\clib\hlsmath\src\common\hls_hotbm_float.cpp:28->C:\scratch\2025.2\hls_product\666\2025.2\src\shared\hls\clib/hlsmath/include/FloatingPoint\hls_hotbm.h:250->C:\scratch\2025.2\hls_product\666\2025.2\src\shared\hls\clib\hlsmath\src\common\hls_hotbm_float.cpp:127->C:\scratch\2025.2\hls_product\666\2025.2\src\shared\hls\clib\hlsmath\src\c++\sincoshotbmfloat.cpp:13->C:\scratch\2025.2\hls_product\666\2025.2\src\shared\hls\clib\hlsmath\src\c++\sincoshotbmfloat.cpp:45->chirp.cpp:27]   --->   Operation 198 'getelementptr' 'second_order_float_sin_cos_K0_addr' <Predicate = true> <Delay = 0.00>
ST_58 : Operation 199 [2/2] (2.32ns)   --->   "%second_order_float_sin_cos_K0_load = load i8 %second_order_float_sin_cos_K0_addr" [C:\scratch\2025.2\hls_product\666\2025.2\src\shared\hls\clib\hlsmath\src\common\hls_hotbm_float.cpp:28->C:\scratch\2025.2\hls_product\666\2025.2\src\shared\hls\clib/hlsmath/include/FloatingPoint\hls_hotbm.h:250->C:\scratch\2025.2\hls_product\666\2025.2\src\shared\hls\clib\hlsmath\src\common\hls_hotbm_float.cpp:127->C:\scratch\2025.2\hls_product\666\2025.2\src\shared\hls\clib\hlsmath\src\c++\sincoshotbmfloat.cpp:13->C:\scratch\2025.2\hls_product\666\2025.2\src\shared\hls\clib\hlsmath\src\c++\sincoshotbmfloat.cpp:45->chirp.cpp:27]   --->   Operation 199 'load' 'second_order_float_sin_cos_K0_load' <Predicate = true> <Delay = 2.32> <CoreInst = "ROM_1P_LUTRAM">   --->   Core 96 'ROM_1P_LUTRAM' <Latency = 1> <II = 1> <Delay = 2.32> <Storage> <Opcode : 'load'> <Ports = 1> <Width = 30> <Depth = 256> <ROM>
ST_58 : Operation 200 [1/1] (0.00ns)   --->   "%second_order_float_sin_cos_K1_addr = getelementptr i23 %second_order_float_sin_cos_K1, i64 0, i64 %zext_ln28" [C:\scratch\2025.2\hls_product\666\2025.2\src\shared\hls\clib\hlsmath\src\common\hls_hotbm_float.cpp:29->C:\scratch\2025.2\hls_product\666\2025.2\src\shared\hls\clib/hlsmath/include/FloatingPoint\hls_hotbm.h:250->C:\scratch\2025.2\hls_product\666\2025.2\src\shared\hls\clib\hlsmath\src\common\hls_hotbm_float.cpp:127->C:\scratch\2025.2\hls_product\666\2025.2\src\shared\hls\clib\hlsmath\src\c++\sincoshotbmfloat.cpp:13->C:\scratch\2025.2\hls_product\666\2025.2\src\shared\hls\clib\hlsmath\src\c++\sincoshotbmfloat.cpp:45->chirp.cpp:27]   --->   Operation 200 'getelementptr' 'second_order_float_sin_cos_K1_addr' <Predicate = true> <Delay = 0.00>
ST_58 : Operation 201 [2/2] (2.32ns)   --->   "%second_order_float_sin_cos_K1_load = load i8 %second_order_float_sin_cos_K1_addr" [C:\scratch\2025.2\hls_product\666\2025.2\src\shared\hls\clib\hlsmath\src\common\hls_hotbm_float.cpp:29->C:\scratch\2025.2\hls_product\666\2025.2\src\shared\hls\clib/hlsmath/include/FloatingPoint\hls_hotbm.h:250->C:\scratch\2025.2\hls_product\666\2025.2\src\shared\hls\clib\hlsmath\src\common\hls_hotbm_float.cpp:127->C:\scratch\2025.2\hls_product\666\2025.2\src\shared\hls\clib\hlsmath\src\c++\sincoshotbmfloat.cpp:13->C:\scratch\2025.2\hls_product\666\2025.2\src\shared\hls\clib\hlsmath\src\c++\sincoshotbmfloat.cpp:45->chirp.cpp:27]   --->   Operation 201 'load' 'second_order_float_sin_cos_K1_load' <Predicate = true> <Delay = 2.32> <CoreInst = "ROM_1P_LUTRAM">   --->   Core 96 'ROM_1P_LUTRAM' <Latency = 1> <II = 1> <Delay = 2.32> <Storage> <Opcode : 'load'> <Ports = 1> <Width = 23> <Depth = 256> <ROM>
ST_58 : Operation 202 [1/1] (0.00ns)   --->   "%second_order_float_sin_cos_K2_addr = getelementptr i15 %second_order_float_sin_cos_K2, i64 0, i64 %zext_ln28" [C:\scratch\2025.2\hls_product\666\2025.2\src\shared\hls\clib\hlsmath\src\common\hls_hotbm_float.cpp:30->C:\scratch\2025.2\hls_product\666\2025.2\src\shared\hls\clib/hlsmath/include/FloatingPoint\hls_hotbm.h:250->C:\scratch\2025.2\hls_product\666\2025.2\src\shared\hls\clib\hlsmath\src\common\hls_hotbm_float.cpp:127->C:\scratch\2025.2\hls_product\666\2025.2\src\shared\hls\clib\hlsmath\src\c++\sincoshotbmfloat.cpp:13->C:\scratch\2025.2\hls_product\666\2025.2\src\shared\hls\clib\hlsmath\src\c++\sincoshotbmfloat.cpp:45->chirp.cpp:27]   --->   Operation 202 'getelementptr' 'second_order_float_sin_cos_K2_addr' <Predicate = true> <Delay = 0.00>
ST_58 : Operation 203 [2/2] (2.32ns)   --->   "%second_order_float_sin_cos_K2_load = load i8 %second_order_float_sin_cos_K2_addr" [C:\scratch\2025.2\hls_product\666\2025.2\src\shared\hls\clib\hlsmath\src\common\hls_hotbm_float.cpp:30->C:\scratch\2025.2\hls_product\666\2025.2\src\shared\hls\clib/hlsmath/include/FloatingPoint\hls_hotbm.h:250->C:\scratch\2025.2\hls_product\666\2025.2\src\shared\hls\clib\hlsmath\src\common\hls_hotbm_float.cpp:127->C:\scratch\2025.2\hls_product\666\2025.2\src\shared\hls\clib\hlsmath\src\c++\sincoshotbmfloat.cpp:13->C:\scratch\2025.2\hls_product\666\2025.2\src\shared\hls\clib\hlsmath\src\c++\sincoshotbmfloat.cpp:45->chirp.cpp:27]   --->   Operation 203 'load' 'second_order_float_sin_cos_K2_load' <Predicate = true> <Delay = 2.32> <CoreInst = "ROM_1P_LUTRAM">   --->   Core 96 'ROM_1P_LUTRAM' <Latency = 1> <II = 1> <Delay = 2.32> <Storage> <Opcode : 'load'> <Ports = 1> <Width = 15> <Depth = 256> <ROM>

State 59 <SV = 58> <Delay = 5.59>
ST_59 : Operation 204 [1/1] (0.00ns)   --->   "%zext_ln23 = zext i15 %B_trunc" [C:\scratch\2025.2\hls_product\666\2025.2\src\shared\hls\clib\hlsmath\src\common\hls_hotbm_float.cpp:23->C:\scratch\2025.2\hls_product\666\2025.2\src\shared\hls\clib/hlsmath/include/FloatingPoint\hls_hotbm.h:250->C:\scratch\2025.2\hls_product\666\2025.2\src\shared\hls\clib\hlsmath\src\common\hls_hotbm_float.cpp:127->C:\scratch\2025.2\hls_product\666\2025.2\src\shared\hls\clib\hlsmath\src\c++\sincoshotbmfloat.cpp:13->C:\scratch\2025.2\hls_product\666\2025.2\src\shared\hls\clib\hlsmath\src\c++\sincoshotbmfloat.cpp:45->chirp.cpp:27]   --->   Operation 204 'zext' 'zext_ln23' <Predicate = true> <Delay = 0.00>
ST_59 : Operation 205 [1/1] (5.59ns)   --->   "%mul_ln23 = mul i30 %zext_ln23, i30 %zext_ln23" [C:\scratch\2025.2\hls_product\666\2025.2\src\shared\hls\clib\hlsmath\src\common\hls_hotbm_float.cpp:23->C:\scratch\2025.2\hls_product\666\2025.2\src\shared\hls\clib/hlsmath/include/FloatingPoint\hls_hotbm.h:250->C:\scratch\2025.2\hls_product\666\2025.2\src\shared\hls\clib\hlsmath\src\common\hls_hotbm_float.cpp:127->C:\scratch\2025.2\hls_product\666\2025.2\src\shared\hls\clib\hlsmath\src\c++\sincoshotbmfloat.cpp:13->C:\scratch\2025.2\hls_product\666\2025.2\src\shared\hls\clib\hlsmath\src\c++\sincoshotbmfloat.cpp:45->chirp.cpp:27]   --->   Operation 205 'mul' 'mul_ln23' <Predicate = true> <Delay = 5.59> <CoreInst = "Multiplier">   --->   Core 3 'Multiplier' <Latency = 0> <II = 1> <Delay = 5.59> <FuncUnit> <Opcode : 'mul'> <InPorts = 2> <OutPorts = 1>
ST_59 : Operation 206 [1/1] (0.00ns)   --->   "%B_squared = partselect i15 @_ssdm_op_PartSelect.i15.i30.i32.i32, i30 %mul_ln23, i32 15, i32 29" [C:\scratch\2025.2\hls_product\666\2025.2\src\shared\hls\clib\hlsmath\src\common\hls_hotbm_float.cpp:23->C:\scratch\2025.2\hls_product\666\2025.2\src\shared\hls\clib/hlsmath/include/FloatingPoint\hls_hotbm.h:250->C:\scratch\2025.2\hls_product\666\2025.2\src\shared\hls\clib\hlsmath\src\common\hls_hotbm_float.cpp:127->C:\scratch\2025.2\hls_product\666\2025.2\src\shared\hls\clib\hlsmath\src\c++\sincoshotbmfloat.cpp:13->C:\scratch\2025.2\hls_product\666\2025.2\src\shared\hls\clib\hlsmath\src\c++\sincoshotbmfloat.cpp:45->chirp.cpp:27]   --->   Operation 206 'partselect' 'B_squared' <Predicate = true> <Delay = 0.00>
ST_59 : Operation 207 [1/2] ( I:2.32ns O:2.32ns )   --->   "%second_order_float_sin_cos_K0_load = load i8 %second_order_float_sin_cos_K0_addr" [C:\scratch\2025.2\hls_product\666\2025.2\src\shared\hls\clib\hlsmath\src\common\hls_hotbm_float.cpp:28->C:\scratch\2025.2\hls_product\666\2025.2\src\shared\hls\clib/hlsmath/include/FloatingPoint\hls_hotbm.h:250->C:\scratch\2025.2\hls_product\666\2025.2\src\shared\hls\clib\hlsmath\src\common\hls_hotbm_float.cpp:127->C:\scratch\2025.2\hls_product\666\2025.2\src\shared\hls\clib\hlsmath\src\c++\sincoshotbmfloat.cpp:13->C:\scratch\2025.2\hls_product\666\2025.2\src\shared\hls\clib\hlsmath\src\c++\sincoshotbmfloat.cpp:45->chirp.cpp:27]   --->   Operation 207 'load' 'second_order_float_sin_cos_K0_load' <Predicate = true> <Delay = 2.32> <CoreInst = "ROM_1P_LUTRAM">   --->   Core 96 'ROM_1P_LUTRAM' <Latency = 1> <II = 1> <Delay = 2.32> <Storage> <Opcode : 'load'> <Ports = 1> <Width = 30> <Depth = 256> <ROM>
ST_59 : Operation 208 [1/1] (0.00ns)   --->   "%t1 = partselect i29 @_ssdm_op_PartSelect.i29.i30.i32.i32, i30 %second_order_float_sin_cos_K0_load, i32 1, i32 29" [C:\scratch\2025.2\hls_product\666\2025.2\src\shared\hls\clib\hlsmath\src\common\hls_hotbm_float.cpp:28->C:\scratch\2025.2\hls_product\666\2025.2\src\shared\hls\clib/hlsmath/include/FloatingPoint\hls_hotbm.h:250->C:\scratch\2025.2\hls_product\666\2025.2\src\shared\hls\clib\hlsmath\src\common\hls_hotbm_float.cpp:127->C:\scratch\2025.2\hls_product\666\2025.2\src\shared\hls\clib\hlsmath\src\c++\sincoshotbmfloat.cpp:13->C:\scratch\2025.2\hls_product\666\2025.2\src\shared\hls\clib\hlsmath\src\c++\sincoshotbmfloat.cpp:45->chirp.cpp:27]   --->   Operation 208 'partselect' 't1' <Predicate = true> <Delay = 0.00>
ST_59 : Operation 209 [1/2] ( I:2.32ns O:2.32ns )   --->   "%second_order_float_sin_cos_K1_load = load i8 %second_order_float_sin_cos_K1_addr" [C:\scratch\2025.2\hls_product\666\2025.2\src\shared\hls\clib\hlsmath\src\common\hls_hotbm_float.cpp:29->C:\scratch\2025.2\hls_product\666\2025.2\src\shared\hls\clib/hlsmath/include/FloatingPoint\hls_hotbm.h:250->C:\scratch\2025.2\hls_product\666\2025.2\src\shared\hls\clib\hlsmath\src\common\hls_hotbm_float.cpp:127->C:\scratch\2025.2\hls_product\666\2025.2\src\shared\hls\clib\hlsmath\src\c++\sincoshotbmfloat.cpp:13->C:\scratch\2025.2\hls_product\666\2025.2\src\shared\hls\clib\hlsmath\src\c++\sincoshotbmfloat.cpp:45->chirp.cpp:27]   --->   Operation 209 'load' 'second_order_float_sin_cos_K1_load' <Predicate = true> <Delay = 2.32> <CoreInst = "ROM_1P_LUTRAM">   --->   Core 96 'ROM_1P_LUTRAM' <Latency = 1> <II = 1> <Delay = 2.32> <Storage> <Opcode : 'load'> <Ports = 1> <Width = 23> <Depth = 256> <ROM>
ST_59 : Operation 210 [1/2] ( I:2.32ns O:2.32ns )   --->   "%second_order_float_sin_cos_K2_load = load i8 %second_order_float_sin_cos_K2_addr" [C:\scratch\2025.2\hls_product\666\2025.2\src\shared\hls\clib\hlsmath\src\common\hls_hotbm_float.cpp:30->C:\scratch\2025.2\hls_product\666\2025.2\src\shared\hls\clib/hlsmath/include/FloatingPoint\hls_hotbm.h:250->C:\scratch\2025.2\hls_product\666\2025.2\src\shared\hls\clib\hlsmath\src\common\hls_hotbm_float.cpp:127->C:\scratch\2025.2\hls_product\666\2025.2\src\shared\hls\clib\hlsmath\src\c++\sincoshotbmfloat.cpp:13->C:\scratch\2025.2\hls_product\666\2025.2\src\shared\hls\clib\hlsmath\src\c++\sincoshotbmfloat.cpp:45->chirp.cpp:27]   --->   Operation 210 'load' 'second_order_float_sin_cos_K2_load' <Predicate = true> <Delay = 2.32> <CoreInst = "ROM_1P_LUTRAM">   --->   Core 96 'ROM_1P_LUTRAM' <Latency = 1> <II = 1> <Delay = 2.32> <Storage> <Opcode : 'load'> <Ports = 1> <Width = 15> <Depth = 256> <ROM>

State 60 <SV = 59> <Delay = 6.43>
ST_60 : Operation 211 [1/1] (0.00ns)   --->   "%zext_ln23_1 = zext i15 %B_squared" [C:\scratch\2025.2\hls_product\666\2025.2\src\shared\hls\clib\hlsmath\src\common\hls_hotbm_float.cpp:23->C:\scratch\2025.2\hls_product\666\2025.2\src\shared\hls\clib/hlsmath/include/FloatingPoint\hls_hotbm.h:250->C:\scratch\2025.2\hls_product\666\2025.2\src\shared\hls\clib\hlsmath\src\common\hls_hotbm_float.cpp:127->C:\scratch\2025.2\hls_product\666\2025.2\src\shared\hls\clib\hlsmath\src\c++\sincoshotbmfloat.cpp:13->C:\scratch\2025.2\hls_product\666\2025.2\src\shared\hls\clib\hlsmath\src\c++\sincoshotbmfloat.cpp:45->chirp.cpp:27]   --->   Operation 211 'zext' 'zext_ln23_1' <Predicate = true> <Delay = 0.00>
ST_60 : Operation 212 [1/1] (0.00ns)   --->   "%zext_ln29 = zext i22 %B" [C:\scratch\2025.2\hls_product\666\2025.2\src\shared\hls\clib\hlsmath\src\common\hls_hotbm_float.cpp:29->C:\scratch\2025.2\hls_product\666\2025.2\src\shared\hls\clib/hlsmath/include/FloatingPoint\hls_hotbm.h:250->C:\scratch\2025.2\hls_product\666\2025.2\src\shared\hls\clib\hlsmath\src\common\hls_hotbm_float.cpp:127->C:\scratch\2025.2\hls_product\666\2025.2\src\shared\hls\clib\hlsmath\src\c++\sincoshotbmfloat.cpp:13->C:\scratch\2025.2\hls_product\666\2025.2\src\shared\hls\clib\hlsmath\src\c++\sincoshotbmfloat.cpp:45->chirp.cpp:27]   --->   Operation 212 'zext' 'zext_ln29' <Predicate = true> <Delay = 0.00>
ST_60 : Operation 213 [1/1] (0.00ns)   --->   "%sext_ln29 = sext i23 %second_order_float_sin_cos_K1_load" [C:\scratch\2025.2\hls_product\666\2025.2\src\shared\hls\clib\hlsmath\src\common\hls_hotbm_float.cpp:29->C:\scratch\2025.2\hls_product\666\2025.2\src\shared\hls\clib/hlsmath/include/FloatingPoint\hls_hotbm.h:250->C:\scratch\2025.2\hls_product\666\2025.2\src\shared\hls\clib\hlsmath\src\common\hls_hotbm_float.cpp:127->C:\scratch\2025.2\hls_product\666\2025.2\src\shared\hls\clib\hlsmath\src\c++\sincoshotbmfloat.cpp:13->C:\scratch\2025.2\hls_product\666\2025.2\src\shared\hls\clib\hlsmath\src\c++\sincoshotbmfloat.cpp:45->chirp.cpp:27]   --->   Operation 213 'sext' 'sext_ln29' <Predicate = true> <Delay = 0.00>
ST_60 : Operation 214 [1/1] (6.43ns)   --->   "%mul_ln29 = mul i45 %sext_ln29, i45 %zext_ln29" [C:\scratch\2025.2\hls_product\666\2025.2\src\shared\hls\clib\hlsmath\src\common\hls_hotbm_float.cpp:29->C:\scratch\2025.2\hls_product\666\2025.2\src\shared\hls\clib/hlsmath/include/FloatingPoint\hls_hotbm.h:250->C:\scratch\2025.2\hls_product\666\2025.2\src\shared\hls\clib\hlsmath\src\common\hls_hotbm_float.cpp:127->C:\scratch\2025.2\hls_product\666\2025.2\src\shared\hls\clib\hlsmath\src\c++\sincoshotbmfloat.cpp:13->C:\scratch\2025.2\hls_product\666\2025.2\src\shared\hls\clib\hlsmath\src\c++\sincoshotbmfloat.cpp:45->chirp.cpp:27]   --->   Operation 214 'mul' 'mul_ln29' <Predicate = true> <Delay = 6.43> <CoreInst = "Multiplier">   --->   Core 3 'Multiplier' <Latency = 0> <II = 1> <Delay = 6.43> <FuncUnit> <Opcode : 'mul'> <InPorts = 2> <OutPorts = 1>
ST_60 : Operation 215 [1/1] (0.00ns)   --->   "%trunc_ln2 = partselect i22 @_ssdm_op_PartSelect.i22.i45.i32.i32, i45 %mul_ln29, i32 23, i32 44" [C:\scratch\2025.2\hls_product\666\2025.2\src\shared\hls\clib\hlsmath\src\common\hls_hotbm_float.cpp:29->C:\scratch\2025.2\hls_product\666\2025.2\src\shared\hls\clib/hlsmath/include/FloatingPoint\hls_hotbm.h:250->C:\scratch\2025.2\hls_product\666\2025.2\src\shared\hls\clib\hlsmath\src\common\hls_hotbm_float.cpp:127->C:\scratch\2025.2\hls_product\666\2025.2\src\shared\hls\clib\hlsmath\src\c++\sincoshotbmfloat.cpp:13->C:\scratch\2025.2\hls_product\666\2025.2\src\shared\hls\clib\hlsmath\src\c++\sincoshotbmfloat.cpp:45->chirp.cpp:27]   --->   Operation 215 'partselect' 'trunc_ln2' <Predicate = true> <Delay = 0.00>
ST_60 : Operation 216 [1/1] (0.00ns)   --->   "%sext_ln30 = sext i15 %second_order_float_sin_cos_K2_load" [C:\scratch\2025.2\hls_product\666\2025.2\src\shared\hls\clib\hlsmath\src\common\hls_hotbm_float.cpp:30->C:\scratch\2025.2\hls_product\666\2025.2\src\shared\hls\clib/hlsmath/include/FloatingPoint\hls_hotbm.h:250->C:\scratch\2025.2\hls_product\666\2025.2\src\shared\hls\clib\hlsmath\src\common\hls_hotbm_float.cpp:127->C:\scratch\2025.2\hls_product\666\2025.2\src\shared\hls\clib\hlsmath\src\c++\sincoshotbmfloat.cpp:13->C:\scratch\2025.2\hls_product\666\2025.2\src\shared\hls\clib\hlsmath\src\c++\sincoshotbmfloat.cpp:45->chirp.cpp:27]   --->   Operation 216 'sext' 'sext_ln30' <Predicate = true> <Delay = 0.00>
ST_60 : Operation 217 [1/1] (5.59ns)   --->   "%mul_ln30 = mul i30 %zext_ln23_1, i30 %sext_ln30" [C:\scratch\2025.2\hls_product\666\2025.2\src\shared\hls\clib\hlsmath\src\common\hls_hotbm_float.cpp:30->C:\scratch\2025.2\hls_product\666\2025.2\src\shared\hls\clib/hlsmath/include/FloatingPoint\hls_hotbm.h:250->C:\scratch\2025.2\hls_product\666\2025.2\src\shared\hls\clib\hlsmath\src\common\hls_hotbm_float.cpp:127->C:\scratch\2025.2\hls_product\666\2025.2\src\shared\hls\clib\hlsmath\src\c++\sincoshotbmfloat.cpp:13->C:\scratch\2025.2\hls_product\666\2025.2\src\shared\hls\clib\hlsmath\src\c++\sincoshotbmfloat.cpp:45->chirp.cpp:27]   --->   Operation 217 'mul' 'mul_ln30' <Predicate = true> <Delay = 5.59> <CoreInst = "Multiplier">   --->   Core 3 'Multiplier' <Latency = 0> <II = 1> <Delay = 5.59> <FuncUnit> <Opcode : 'mul'> <InPorts = 2> <OutPorts = 1>
ST_60 : Operation 218 [1/1] (0.00ns)   --->   "%trunc_ln3 = partselect i14 @_ssdm_op_PartSelect.i14.i30.i32.i32, i30 %mul_ln30, i32 16, i32 29" [C:\scratch\2025.2\hls_product\666\2025.2\src\shared\hls\clib\hlsmath\src\common\hls_hotbm_float.cpp:30->C:\scratch\2025.2\hls_product\666\2025.2\src\shared\hls\clib/hlsmath/include/FloatingPoint\hls_hotbm.h:250->C:\scratch\2025.2\hls_product\666\2025.2\src\shared\hls\clib\hlsmath\src\common\hls_hotbm_float.cpp:127->C:\scratch\2025.2\hls_product\666\2025.2\src\shared\hls\clib\hlsmath\src\c++\sincoshotbmfloat.cpp:13->C:\scratch\2025.2\hls_product\666\2025.2\src\shared\hls\clib\hlsmath\src\c++\sincoshotbmfloat.cpp:45->chirp.cpp:27]   --->   Operation 218 'partselect' 'trunc_ln3' <Predicate = true> <Delay = 0.00>

State 61 <SV = 60> <Delay = 4.31>
ST_61 : Operation 219 [1/1] (0.00ns)   --->   "%sext_ln32 = sext i29 %t1" [C:\scratch\2025.2\hls_product\666\2025.2\src\shared\hls\clib\hlsmath\src\common\hls_hotbm_float.cpp:32->C:\scratch\2025.2\hls_product\666\2025.2\src\shared\hls\clib/hlsmath/include/FloatingPoint\hls_hotbm.h:250->C:\scratch\2025.2\hls_product\666\2025.2\src\shared\hls\clib\hlsmath\src\common\hls_hotbm_float.cpp:127->C:\scratch\2025.2\hls_product\666\2025.2\src\shared\hls\clib\hlsmath\src\c++\sincoshotbmfloat.cpp:13->C:\scratch\2025.2\hls_product\666\2025.2\src\shared\hls\clib\hlsmath\src\c++\sincoshotbmfloat.cpp:45->chirp.cpp:27]   --->   Operation 219 'sext' 'sext_ln32' <Predicate = true> <Delay = 0.00>
ST_61 : Operation 220 [1/1] (0.00ns)   --->   "%sext_ln32_1 = sext i22 %trunc_ln2" [C:\scratch\2025.2\hls_product\666\2025.2\src\shared\hls\clib\hlsmath\src\common\hls_hotbm_float.cpp:32->C:\scratch\2025.2\hls_product\666\2025.2\src\shared\hls\clib/hlsmath/include/FloatingPoint\hls_hotbm.h:250->C:\scratch\2025.2\hls_product\666\2025.2\src\shared\hls\clib\hlsmath\src\common\hls_hotbm_float.cpp:127->C:\scratch\2025.2\hls_product\666\2025.2\src\shared\hls\clib\hlsmath\src\c++\sincoshotbmfloat.cpp:13->C:\scratch\2025.2\hls_product\666\2025.2\src\shared\hls\clib\hlsmath\src\c++\sincoshotbmfloat.cpp:45->chirp.cpp:27]   --->   Operation 220 'sext' 'sext_ln32_1' <Predicate = true> <Delay = 0.00>
ST_61 : Operation 221 [1/1] (0.00ns) (grouped into TernaryAdder)   --->   "%add_ln32 = add i30 %sext_ln32, i30 %sext_ln32_1" [C:\scratch\2025.2\hls_product\666\2025.2\src\shared\hls\clib\hlsmath\src\common\hls_hotbm_float.cpp:32->C:\scratch\2025.2\hls_product\666\2025.2\src\shared\hls\clib/hlsmath/include/FloatingPoint\hls_hotbm.h:250->C:\scratch\2025.2\hls_product\666\2025.2\src\shared\hls\clib\hlsmath\src\common\hls_hotbm_float.cpp:127->C:\scratch\2025.2\hls_product\666\2025.2\src\shared\hls\clib\hlsmath\src\c++\sincoshotbmfloat.cpp:13->C:\scratch\2025.2\hls_product\666\2025.2\src\shared\hls\clib\hlsmath\src\c++\sincoshotbmfloat.cpp:45->chirp.cpp:27]   --->   Operation 221 'add' 'add_ln32' <Predicate = true> <Delay = 0.00> <CoreInst = "TAddSub">   --->   Core 10 'TAddSub' <Latency = 0> <II = 1> <Delay = 1.84> <IPBlock> <Opcode : 'add' 'sub'> <InPorts = 3> <OutPorts = 1> <Sync> <CReg>
ST_61 : Operation 222 [1/1] (0.00ns)   --->   "%sext_ln32_2 = sext i14 %trunc_ln3" [C:\scratch\2025.2\hls_product\666\2025.2\src\shared\hls\clib\hlsmath\src\common\hls_hotbm_float.cpp:32->C:\scratch\2025.2\hls_product\666\2025.2\src\shared\hls\clib/hlsmath/include/FloatingPoint\hls_hotbm.h:250->C:\scratch\2025.2\hls_product\666\2025.2\src\shared\hls\clib\hlsmath\src\common\hls_hotbm_float.cpp:127->C:\scratch\2025.2\hls_product\666\2025.2\src\shared\hls\clib\hlsmath\src\c++\sincoshotbmfloat.cpp:13->C:\scratch\2025.2\hls_product\666\2025.2\src\shared\hls\clib\hlsmath\src\c++\sincoshotbmfloat.cpp:45->chirp.cpp:27]   --->   Operation 222 'sext' 'sext_ln32_2' <Predicate = true> <Delay = 0.00>
ST_61 : Operation 223 [1/1] (4.31ns) (root node of TernaryAdder)   --->   "%add_ln32_1 = add i30 %add_ln32, i30 %sext_ln32_2" [C:\scratch\2025.2\hls_product\666\2025.2\src\shared\hls\clib\hlsmath\src\common\hls_hotbm_float.cpp:32->C:\scratch\2025.2\hls_product\666\2025.2\src\shared\hls\clib/hlsmath/include/FloatingPoint\hls_hotbm.h:250->C:\scratch\2025.2\hls_product\666\2025.2\src\shared\hls\clib\hlsmath\src\common\hls_hotbm_float.cpp:127->C:\scratch\2025.2\hls_product\666\2025.2\src\shared\hls\clib\hlsmath\src\c++\sincoshotbmfloat.cpp:13->C:\scratch\2025.2\hls_product\666\2025.2\src\shared\hls\clib\hlsmath\src\c++\sincoshotbmfloat.cpp:45->chirp.cpp:27]   --->   Operation 223 'add' 'add_ln32_1' <Predicate = true> <Delay = 4.31> <CoreInst = "TAddSub">   --->   Core 10 'TAddSub' <Latency = 0> <II = 1> <Delay = 1.84> <IPBlock> <Opcode : 'add' 'sub'> <InPorts = 3> <OutPorts = 1> <Sync> <CReg>

State 62 <SV = 61> <Delay = 6.91>
ST_62 : Operation 224 [1/1] (0.00ns)   --->   "%sext_ln32_3 = sext i30 %add_ln32_1" [C:\scratch\2025.2\hls_product\666\2025.2\src\shared\hls\clib\hlsmath\src\common\hls_hotbm_float.cpp:32->C:\scratch\2025.2\hls_product\666\2025.2\src\shared\hls\clib/hlsmath/include/FloatingPoint\hls_hotbm.h:250->C:\scratch\2025.2\hls_product\666\2025.2\src\shared\hls\clib\hlsmath\src\common\hls_hotbm_float.cpp:127->C:\scratch\2025.2\hls_product\666\2025.2\src\shared\hls\clib\hlsmath\src\c++\sincoshotbmfloat.cpp:13->C:\scratch\2025.2\hls_product\666\2025.2\src\shared\hls\clib\hlsmath\src\c++\sincoshotbmfloat.cpp:45->chirp.cpp:27]   --->   Operation 224 'sext' 'sext_ln32_3' <Predicate = true> <Delay = 0.00>
ST_62 : Operation 225 [1/1] (0.00ns)   --->   "%zext_ln32 = zext i29 %Mx_1" [C:\scratch\2025.2\hls_product\666\2025.2\src\shared\hls\clib\hlsmath\src\common\hls_hotbm_float.cpp:32->C:\scratch\2025.2\hls_product\666\2025.2\src\shared\hls\clib/hlsmath/include/FloatingPoint\hls_hotbm.h:250->C:\scratch\2025.2\hls_product\666\2025.2\src\shared\hls\clib\hlsmath\src\common\hls_hotbm_float.cpp:127->C:\scratch\2025.2\hls_product\666\2025.2\src\shared\hls\clib\hlsmath\src\c++\sincoshotbmfloat.cpp:13->C:\scratch\2025.2\hls_product\666\2025.2\src\shared\hls\clib\hlsmath\src\c++\sincoshotbmfloat.cpp:45->chirp.cpp:27]   --->   Operation 225 'zext' 'zext_ln32' <Predicate = true> <Delay = 0.00>
ST_62 : Operation 226 [2/2] (6.91ns)   --->   "%mul_ln32 = mul i58 %sext_ln32_3, i58 %zext_ln32" [C:\scratch\2025.2\hls_product\666\2025.2\src\shared\hls\clib\hlsmath\src\common\hls_hotbm_float.cpp:32->C:\scratch\2025.2\hls_product\666\2025.2\src\shared\hls\clib/hlsmath/include/FloatingPoint\hls_hotbm.h:250->C:\scratch\2025.2\hls_product\666\2025.2\src\shared\hls\clib\hlsmath\src\common\hls_hotbm_float.cpp:127->C:\scratch\2025.2\hls_product\666\2025.2\src\shared\hls\clib\hlsmath\src\c++\sincoshotbmfloat.cpp:13->C:\scratch\2025.2\hls_product\666\2025.2\src\shared\hls\clib\hlsmath\src\c++\sincoshotbmfloat.cpp:45->chirp.cpp:27]   --->   Operation 226 'mul' 'mul_ln32' <Predicate = true> <Delay = 6.91> <CoreInst = "Multiplier">   --->   Core 3 'Multiplier' <Latency = 1> <II = 1> <Delay = 6.91> <FuncUnit> <Opcode : 'mul'> <InPorts = 2> <OutPorts = 1>

State 63 <SV = 62> <Delay = 6.91>
ST_63 : Operation 227 [1/2] (6.91ns)   --->   "%mul_ln32 = mul i58 %sext_ln32_3, i58 %zext_ln32" [C:\scratch\2025.2\hls_product\666\2025.2\src\shared\hls\clib\hlsmath\src\common\hls_hotbm_float.cpp:32->C:\scratch\2025.2\hls_product\666\2025.2\src\shared\hls\clib/hlsmath/include/FloatingPoint\hls_hotbm.h:250->C:\scratch\2025.2\hls_product\666\2025.2\src\shared\hls\clib\hlsmath\src\common\hls_hotbm_float.cpp:127->C:\scratch\2025.2\hls_product\666\2025.2\src\shared\hls\clib\hlsmath\src\c++\sincoshotbmfloat.cpp:13->C:\scratch\2025.2\hls_product\666\2025.2\src\shared\hls\clib\hlsmath\src\c++\sincoshotbmfloat.cpp:45->chirp.cpp:27]   --->   Operation 227 'mul' 'mul_ln32' <Predicate = true> <Delay = 6.91> <CoreInst = "Multiplier">   --->   Core 3 'Multiplier' <Latency = 1> <II = 1> <Delay = 6.91> <FuncUnit> <Opcode : 'mul'> <InPorts = 2> <OutPorts = 1>
ST_63 : Operation 228 [1/1] (0.00ns)   --->   "%result = partselect i29 @_ssdm_op_PartSelect.i29.i58.i32.i32, i58 %mul_ln32, i32 29, i32 57" [C:\scratch\2025.2\hls_product\666\2025.2\src\shared\hls\clib\hlsmath\src\common\hls_hotbm_float.cpp:32->C:\scratch\2025.2\hls_product\666\2025.2\src\shared\hls\clib/hlsmath/include/FloatingPoint\hls_hotbm.h:250->C:\scratch\2025.2\hls_product\666\2025.2\src\shared\hls\clib\hlsmath\src\common\hls_hotbm_float.cpp:127->C:\scratch\2025.2\hls_product\666\2025.2\src\shared\hls\clib\hlsmath\src\c++\sincoshotbmfloat.cpp:13->C:\scratch\2025.2\hls_product\666\2025.2\src\shared\hls\clib\hlsmath\src\c++\sincoshotbmfloat.cpp:45->chirp.cpp:27]   --->   Operation 228 'partselect' 'result' <Predicate = true> <Delay = 0.00>
ST_63 : Operation 229 [1/1] (0.00ns)   --->   "%tmp_1_i = partselect i16 @_ssdm_op_PartSelect.i16.i58.i32.i32, i58 %mul_ln32, i32 42, i32 57" [C:\scratch\2025.2\hls_product\666\2025.2\src\shared\hls\clib/src/hls\utils/x_hls_float_utils.h:271->C:\scratch\2025.2\hls_product\666\2025.2\src\shared\hls\clib/hlsmath/include/FloatingPoint\hls_hotbm.h:252->C:\scratch\2025.2\hls_product\666\2025.2\src\shared\hls\clib\hlsmath\src\common\hls_hotbm_float.cpp:127->C:\scratch\2025.2\hls_product\666\2025.2\src\shared\hls\clib\hlsmath\src\c++\sincoshotbmfloat.cpp:13->C:\scratch\2025.2\hls_product\666\2025.2\src\shared\hls\clib\hlsmath\src\c++\sincoshotbmfloat.cpp:45->chirp.cpp:27]   --->   Operation 229 'partselect' 'tmp_1_i' <Predicate = true> <Delay = 0.00>
ST_63 : Operation 230 [1/1] (0.00ns)   --->   "%tmp_3_i = partselect i13 @_ssdm_op_PartSelect.i13.i58.i32.i32, i58 %mul_ln32, i32 29, i32 41" [C:\scratch\2025.2\hls_product\666\2025.2\src\shared\hls\clib/src/hls\utils/x_hls_float_utils.h:276->C:\scratch\2025.2\hls_product\666\2025.2\src\shared\hls\clib/hlsmath/include/FloatingPoint\hls_hotbm.h:252->C:\scratch\2025.2\hls_product\666\2025.2\src\shared\hls\clib\hlsmath\src\common\hls_hotbm_float.cpp:127->C:\scratch\2025.2\hls_product\666\2025.2\src\shared\hls\clib\hlsmath\src\c++\sincoshotbmfloat.cpp:13->C:\scratch\2025.2\hls_product\666\2025.2\src\shared\hls\clib\hlsmath\src\c++\sincoshotbmfloat.cpp:45->chirp.cpp:27]   --->   Operation 230 'partselect' 'tmp_3_i' <Predicate = true> <Delay = 0.00>
ST_63 : Operation 231 [1/1] (0.00ns)   --->   "%trunc_ln5 = partselect i28 @_ssdm_op_PartSelect.i28.i58.i32.i32, i58 %mul_ln32, i32 29, i32 56" [C:\scratch\2025.2\hls_product\666\2025.2\src\shared\hls\clib/src/hls\utils/x_hls_float_utils.h:291->C:\scratch\2025.2\hls_product\666\2025.2\src\shared\hls\clib/hlsmath/include/FloatingPoint\hls_hotbm.h:252->C:\scratch\2025.2\hls_product\666\2025.2\src\shared\hls\clib\hlsmath\src\common\hls_hotbm_float.cpp:127->C:\scratch\2025.2\hls_product\666\2025.2\src\shared\hls\clib\hlsmath\src\c++\sincoshotbmfloat.cpp:13->C:\scratch\2025.2\hls_product\666\2025.2\src\shared\hls\clib\hlsmath\src\c++\sincoshotbmfloat.cpp:45->chirp.cpp:27]   --->   Operation 231 'partselect' 'trunc_ln5' <Predicate = (!and_ln271)> <Delay = 0.00>

State 64 <SV = 63> <Delay = 6.44>
ST_64 : Operation 232 [1/1] (0.00ns)   --->   "%out_bits = bitconcatenate i32 @_ssdm_op_BitConcatenate.i32.i16.i16, i16 %tmp_1_i, i16 32768" [C:\scratch\2025.2\hls_product\666\2025.2\src\shared\hls\clib/src/hls\utils/x_hls_float_utils.h:273->C:\scratch\2025.2\hls_product\666\2025.2\src\shared\hls\clib/hlsmath/include/FloatingPoint\hls_hotbm.h:252->C:\scratch\2025.2\hls_product\666\2025.2\src\shared\hls\clib\hlsmath\src\common\hls_hotbm_float.cpp:127->C:\scratch\2025.2\hls_product\666\2025.2\src\shared\hls\clib\hlsmath\src\c++\sincoshotbmfloat.cpp:13->C:\scratch\2025.2\hls_product\666\2025.2\src\shared\hls\clib\hlsmath\src\c++\sincoshotbmfloat.cpp:45->chirp.cpp:27]   --->   Operation 232 'bitconcatenate' 'out_bits' <Predicate = true> <Delay = 0.00>
ST_64 : Operation 233 [1/1] (0.00ns)   --->   "%out_bits_2 = bitconcatenate i32 @_ssdm_op_BitConcatenate.i32.i13.i19, i13 %tmp_3_i, i19 262144" [C:\scratch\2025.2\hls_product\666\2025.2\src\shared\hls\clib/src/hls\utils/x_hls_float_utils.h:278->C:\scratch\2025.2\hls_product\666\2025.2\src\shared\hls\clib/hlsmath/include/FloatingPoint\hls_hotbm.h:252->C:\scratch\2025.2\hls_product\666\2025.2\src\shared\hls\clib\hlsmath\src\common\hls_hotbm_float.cpp:127->C:\scratch\2025.2\hls_product\666\2025.2\src\shared\hls\clib\hlsmath\src\c++\sincoshotbmfloat.cpp:13->C:\scratch\2025.2\hls_product\666\2025.2\src\shared\hls\clib\hlsmath\src\c++\sincoshotbmfloat.cpp:45->chirp.cpp:27]   --->   Operation 233 'bitconcatenate' 'out_bits_2' <Predicate = true> <Delay = 0.00>
ST_64 : Operation 234 [1/1] (2.12ns)   --->   "%c = ctlz i32 @llvm.ctlz.i32, i32 %out_bits, i1 0" [C:\scratch\2025.2\hls_product\666\2025.2\src\shared\hls\clib/hlsmath/include/FloatingPoint/hls_normalize.h:81->C:\scratch\2025.2\hls_product\666\2025.2\src\shared\hls\clib/src/hls\utils/x_hls_float_utils.h:283->C:\scratch\2025.2\hls_product\666\2025.2\src\shared\hls\clib/hlsmath/include/FloatingPoint\hls_hotbm.h:252->C:\scratch\2025.2\hls_product\666\2025.2\src\shared\hls\clib\hlsmath\src\common\hls_hotbm_float.cpp:127->C:\scratch\2025.2\hls_product\666\2025.2\src\shared\hls\clib\hlsmath\src\c++\sincoshotbmfloat.cpp:13->C:\scratch\2025.2\hls_product\666\2025.2\src\shared\hls\clib\hlsmath\src\c++\sincoshotbmfloat.cpp:45->chirp.cpp:27]   --->   Operation 234 'ctlz' 'c' <Predicate = true> <Delay = 2.12> <CoreInst = "ctlz">   --->   Core 133 'ctlz' <Latency = 0> <II = 1> <Delay = 2.12> <FuncUnit> <Opcode : 'ctlz'> <InPorts = 1> <OutPorts = 1>
ST_64 : Operation 235 [1/1] (0.00ns)   --->   "%trunc_ln281 = trunc i32 %c" [C:\scratch\2025.2\hls_product\666\2025.2\src\shared\hls\clib/src/hls\utils/x_hls_float_utils.h:281->C:\scratch\2025.2\hls_product\666\2025.2\src\shared\hls\clib/hlsmath/include/FloatingPoint\hls_hotbm.h:252->C:\scratch\2025.2\hls_product\666\2025.2\src\shared\hls\clib\hlsmath\src\common\hls_hotbm_float.cpp:127->C:\scratch\2025.2\hls_product\666\2025.2\src\shared\hls\clib\hlsmath\src\c++\sincoshotbmfloat.cpp:13->C:\scratch\2025.2\hls_product\666\2025.2\src\shared\hls\clib\hlsmath\src\c++\sincoshotbmfloat.cpp:45->chirp.cpp:27]   --->   Operation 235 'trunc' 'trunc_ln281' <Predicate = true> <Delay = 0.00>
ST_64 : Operation 236 [1/1] (0.00ns)   --->   "%zext_ln281 = zext i5 %trunc_ln281" [C:\scratch\2025.2\hls_product\666\2025.2\src\shared\hls\clib/src/hls\utils/x_hls_float_utils.h:281->C:\scratch\2025.2\hls_product\666\2025.2\src\shared\hls\clib/hlsmath/include/FloatingPoint\hls_hotbm.h:252->C:\scratch\2025.2\hls_product\666\2025.2\src\shared\hls\clib\hlsmath\src\common\hls_hotbm_float.cpp:127->C:\scratch\2025.2\hls_product\666\2025.2\src\shared\hls\clib\hlsmath\src\c++\sincoshotbmfloat.cpp:13->C:\scratch\2025.2\hls_product\666\2025.2\src\shared\hls\clib\hlsmath\src\c++\sincoshotbmfloat.cpp:45->chirp.cpp:27]   --->   Operation 236 'zext' 'zext_ln281' <Predicate = (!and_ln271)> <Delay = 0.00>
ST_64 : Operation 237 [1/1] (2.12ns)   --->   "%c_1 = ctlz i32 @llvm.ctlz.i32, i32 %out_bits_2, i1 0" [C:\scratch\2025.2\hls_product\666\2025.2\src\shared\hls\clib/hlsmath/include/FloatingPoint/hls_normalize.h:81->C:\scratch\2025.2\hls_product\666\2025.2\src\shared\hls\clib/src/hls\utils/x_hls_float_utils.h:283->C:\scratch\2025.2\hls_product\666\2025.2\src\shared\hls\clib/hlsmath/include/FloatingPoint\hls_hotbm.h:252->C:\scratch\2025.2\hls_product\666\2025.2\src\shared\hls\clib\hlsmath\src\common\hls_hotbm_float.cpp:127->C:\scratch\2025.2\hls_product\666\2025.2\src\shared\hls\clib\hlsmath\src\c++\sincoshotbmfloat.cpp:13->C:\scratch\2025.2\hls_product\666\2025.2\src\shared\hls\clib\hlsmath\src\c++\sincoshotbmfloat.cpp:45->chirp.cpp:27]   --->   Operation 237 'ctlz' 'c_1' <Predicate = true> <Delay = 2.12> <CoreInst = "ctlz">   --->   Core 133 'ctlz' <Latency = 0> <II = 1> <Delay = 2.12> <FuncUnit> <Opcode : 'ctlz'> <InPorts = 1> <OutPorts = 1>
ST_64 : Operation 238 [1/1] (0.00ns)   --->   "%trunc_ln281_1 = trunc i32 %c_1" [C:\scratch\2025.2\hls_product\666\2025.2\src\shared\hls\clib/src/hls\utils/x_hls_float_utils.h:281->C:\scratch\2025.2\hls_product\666\2025.2\src\shared\hls\clib/hlsmath/include/FloatingPoint\hls_hotbm.h:252->C:\scratch\2025.2\hls_product\666\2025.2\src\shared\hls\clib\hlsmath\src\common\hls_hotbm_float.cpp:127->C:\scratch\2025.2\hls_product\666\2025.2\src\shared\hls\clib\hlsmath\src\c++\sincoshotbmfloat.cpp:13->C:\scratch\2025.2\hls_product\666\2025.2\src\shared\hls\clib\hlsmath\src\c++\sincoshotbmfloat.cpp:45->chirp.cpp:27]   --->   Operation 238 'trunc' 'trunc_ln281_1' <Predicate = true> <Delay = 0.00>
ST_64 : Operation 239 [1/1] (4.31ns)   --->   "%in_shift_1 = shl i28 %trunc_ln5, i28 %zext_ln281" [C:\scratch\2025.2\hls_product\666\2025.2\src\shared\hls\clib/src/hls\utils/x_hls_float_utils.h:291->C:\scratch\2025.2\hls_product\666\2025.2\src\shared\hls\clib/hlsmath/include/FloatingPoint\hls_hotbm.h:252->C:\scratch\2025.2\hls_product\666\2025.2\src\shared\hls\clib\hlsmath\src\common\hls_hotbm_float.cpp:127->C:\scratch\2025.2\hls_product\666\2025.2\src\shared\hls\clib\hlsmath\src\c++\sincoshotbmfloat.cpp:13->C:\scratch\2025.2\hls_product\666\2025.2\src\shared\hls\clib\hlsmath\src\c++\sincoshotbmfloat.cpp:45->chirp.cpp:27]   --->   Operation 239 'shl' 'in_shift_1' <Predicate = (!and_ln271)> <Delay = 4.31> <CoreInst = "Shifter">   --->   Core 75 'Shifter' <Latency = 0> <II = 1> <Delay = 4.31> <FuncUnit> <Opcode : 'shl' 'lshr' 'ashr'> <InPorts = 2> <OutPorts = 1>
ST_64 : Operation 240 [1/1] (1.78ns)   --->   "%icmp_ln292 = icmp_eq  i5 %trunc_ln281, i5 16" [C:\scratch\2025.2\hls_product\666\2025.2\src\shared\hls\clib/src/hls\utils/x_hls_float_utils.h:292->C:\scratch\2025.2\hls_product\666\2025.2\src\shared\hls\clib/hlsmath/include/FloatingPoint\hls_hotbm.h:252->C:\scratch\2025.2\hls_product\666\2025.2\src\shared\hls\clib\hlsmath\src\common\hls_hotbm_float.cpp:127->C:\scratch\2025.2\hls_product\666\2025.2\src\shared\hls\clib\hlsmath\src\c++\sincoshotbmfloat.cpp:13->C:\scratch\2025.2\hls_product\666\2025.2\src\shared\hls\clib\hlsmath\src\c++\sincoshotbmfloat.cpp:45->chirp.cpp:27]   --->   Operation 240 'icmp' 'icmp_ln292' <Predicate = true> <Delay = 1.78> <CoreInst = "Cmp">   --->   Core 9 'Cmp' <Latency = 0> <II = 1> <Delay = 1.78> <FuncUnit> <Opcode : 'seteq' 'setne' 'setle' 'setge' 'setlt' 'setgt'> <InPorts = 2> <OutPorts = 1>
ST_64 : Operation 241 [1/1] (2.46ns)   --->   "%icmp_ln306 = icmp_eq  i29 %result, i29 0" [C:\scratch\2025.2\hls_product\666\2025.2\src\shared\hls\clib/src/hls\utils/x_hls_float_utils.h:306->C:\scratch\2025.2\hls_product\666\2025.2\src\shared\hls\clib/hlsmath/include/FloatingPoint\hls_hotbm.h:252->C:\scratch\2025.2\hls_product\666\2025.2\src\shared\hls\clib\hlsmath\src\common\hls_hotbm_float.cpp:127->C:\scratch\2025.2\hls_product\666\2025.2\src\shared\hls\clib\hlsmath\src\c++\sincoshotbmfloat.cpp:13->C:\scratch\2025.2\hls_product\666\2025.2\src\shared\hls\clib\hlsmath\src\c++\sincoshotbmfloat.cpp:45->chirp.cpp:27]   --->   Operation 241 'icmp' 'icmp_ln306' <Predicate = true> <Delay = 2.46> <CoreInst = "Cmp">   --->   Core 9 'Cmp' <Latency = 0> <II = 1> <Delay = 2.46> <FuncUnit> <Opcode : 'seteq' 'setne' 'setle' 'setge' 'setlt' 'setgt'> <InPorts = 2> <OutPorts = 1>

State 65 <SV = 64> <Delay = 7.13>
ST_65 : Operation 242 [1/1] (0.00ns)   --->   "%zext_ln17 = zext i10 %n_1" [chirp.cpp:17]   --->   Operation 242 'zext' 'zext_ln17' <Predicate = true> <Delay = 0.00>
ST_65 : Operation 243 [1/1] (0.00ns)   --->   "%specpipeline_ln19 = specpipeline void @_ssdm_op_SpecPipeline, i32 1, i32 0, i32 0, i32 0, i32 4294967295, void @empty_0" [chirp.cpp:19]   --->   Operation 243 'specpipeline' 'specpipeline_ln19' <Predicate = true> <Delay = 0.00>
ST_65 : Operation 244 [1/1] (0.00ns)   --->   "%speclooptripcount_ln17 = speclooptripcount void @_ssdm_op_SpecLoopTripCount, i64 1024, i64 1024, i64 1024" [chirp.cpp:17]   --->   Operation 244 'speclooptripcount' 'speclooptripcount_ln17' <Predicate = true> <Delay = 0.00>
ST_65 : Operation 245 [1/1] (0.00ns)   --->   "%specloopname_ln17 = specloopname void @_ssdm_op_SpecLoopName, void @empty_3" [chirp.cpp:17]   --->   Operation 245 'specloopname' 'specloopname_ln17' <Predicate = true> <Delay = 0.00>
ST_65 : Operation 246 [1/1] (0.00ns)   --->   "%specmemcore_ln375 = specmemcore void @_ssdm_op_SpecMemCore, i100 %ref_4oPi_table_100, i64 666, i64 34, i64 18446744073709551615, i1 0" [C:\scratch\2025.2\hls_product\666\2025.2\src\shared\hls\clib/hlsmath/include/FloatingPoint/hls_range_redux.h:375->C:\scratch\2025.2\hls_product\666\2025.2\src\shared\hls\clib/hlsmath/include/FloatingPoint/hls_range_redux.h:467->C:\scratch\2025.2\hls_product\666\2025.2\src\shared\hls\clib/hlsmath/include/FloatingPoint\hls_hotbm.h:239->C:\scratch\2025.2\hls_product\666\2025.2\src\shared\hls\clib\hlsmath\src\common\hls_hotbm_float.cpp:127->C:\scratch\2025.2\hls_product\666\2025.2\src\shared\hls\clib\hlsmath\src\c++\sincoshotbmfloat.cpp:13->C:\scratch\2025.2\hls_product\666\2025.2\src\shared\hls\clib\hlsmath\src\c++\sincoshotbmfloat.cpp:45->chirp.cpp:27]   --->   Operation 246 'specmemcore' 'specmemcore_ln375' <Predicate = true> <Delay = 0.00>
ST_65 : Operation 247 [1/1] (0.00ns)   --->   "%specmemcore_ln16 = specmemcore void @_ssdm_op_SpecMemCore, i30 %second_order_float_sin_cos_K0, i64 666, i64 34, i64 18446744073709551615, i1 0" [C:\scratch\2025.2\hls_product\666\2025.2\src\shared\hls\clib\hlsmath\src\common\hls_hotbm_float.cpp:16->C:\scratch\2025.2\hls_product\666\2025.2\src\shared\hls\clib/hlsmath/include/FloatingPoint\hls_hotbm.h:250->C:\scratch\2025.2\hls_product\666\2025.2\src\shared\hls\clib\hlsmath\src\common\hls_hotbm_float.cpp:127->C:\scratch\2025.2\hls_product\666\2025.2\src\shared\hls\clib\hlsmath\src\c++\sincoshotbmfloat.cpp:13->C:\scratch\2025.2\hls_product\666\2025.2\src\shared\hls\clib\hlsmath\src\c++\sincoshotbmfloat.cpp:45->chirp.cpp:27]   --->   Operation 247 'specmemcore' 'specmemcore_ln16' <Predicate = true> <Delay = 0.00>
ST_65 : Operation 248 [1/1] (0.00ns)   --->   "%specmemcore_ln17 = specmemcore void @_ssdm_op_SpecMemCore, i23 %second_order_float_sin_cos_K1, i64 666, i64 34, i64 18446744073709551615, i1 0" [C:\scratch\2025.2\hls_product\666\2025.2\src\shared\hls\clib\hlsmath\src\common\hls_hotbm_float.cpp:17->C:\scratch\2025.2\hls_product\666\2025.2\src\shared\hls\clib/hlsmath/include/FloatingPoint\hls_hotbm.h:250->C:\scratch\2025.2\hls_product\666\2025.2\src\shared\hls\clib\hlsmath\src\common\hls_hotbm_float.cpp:127->C:\scratch\2025.2\hls_product\666\2025.2\src\shared\hls\clib\hlsmath\src\c++\sincoshotbmfloat.cpp:13->C:\scratch\2025.2\hls_product\666\2025.2\src\shared\hls\clib\hlsmath\src\c++\sincoshotbmfloat.cpp:45->chirp.cpp:27]   --->   Operation 248 'specmemcore' 'specmemcore_ln17' <Predicate = true> <Delay = 0.00>
ST_65 : Operation 249 [1/1] (0.00ns)   --->   "%specmemcore_ln18 = specmemcore void @_ssdm_op_SpecMemCore, i15 %second_order_float_sin_cos_K2, i64 666, i64 34, i64 18446744073709551615, i1 0" [C:\scratch\2025.2\hls_product\666\2025.2\src\shared\hls\clib\hlsmath\src\common\hls_hotbm_float.cpp:18->C:\scratch\2025.2\hls_product\666\2025.2\src\shared\hls\clib/hlsmath/include/FloatingPoint\hls_hotbm.h:250->C:\scratch\2025.2\hls_product\666\2025.2\src\shared\hls\clib\hlsmath\src\common\hls_hotbm_float.cpp:127->C:\scratch\2025.2\hls_product\666\2025.2\src\shared\hls\clib\hlsmath\src\c++\sincoshotbmfloat.cpp:13->C:\scratch\2025.2\hls_product\666\2025.2\src\shared\hls\clib\hlsmath\src\c++\sincoshotbmfloat.cpp:45->chirp.cpp:27]   --->   Operation 249 'specmemcore' 'specmemcore_ln18' <Predicate = true> <Delay = 0.00>
ST_65 : Operation 250 [1/1] (0.00ns)   --->   "%sext_ln252 = sext i8 %Ex_2" [C:\scratch\2025.2\hls_product\666\2025.2\src\shared\hls\clib/hlsmath/include/FloatingPoint\hls_hotbm.h:252->C:\scratch\2025.2\hls_product\666\2025.2\src\shared\hls\clib\hlsmath\src\common\hls_hotbm_float.cpp:127->C:\scratch\2025.2\hls_product\666\2025.2\src\shared\hls\clib\hlsmath\src\c++\sincoshotbmfloat.cpp:13->C:\scratch\2025.2\hls_product\666\2025.2\src\shared\hls\clib\hlsmath\src\c++\sincoshotbmfloat.cpp:45->chirp.cpp:27]   --->   Operation 250 'sext' 'sext_ln252' <Predicate = true> <Delay = 0.00>
ST_65 : Operation 251 [1/1] (0.00ns)   --->   "%zext_ln281_1 = zext i4 %trunc_ln281_1" [C:\scratch\2025.2\hls_product\666\2025.2\src\shared\hls\clib/src/hls\utils/x_hls_float_utils.h:281->C:\scratch\2025.2\hls_product\666\2025.2\src\shared\hls\clib/hlsmath/include/FloatingPoint\hls_hotbm.h:252->C:\scratch\2025.2\hls_product\666\2025.2\src\shared\hls\clib\hlsmath\src\common\hls_hotbm_float.cpp:127->C:\scratch\2025.2\hls_product\666\2025.2\src\shared\hls\clib\hlsmath\src\c++\sincoshotbmfloat.cpp:13->C:\scratch\2025.2\hls_product\666\2025.2\src\shared\hls\clib\hlsmath\src\c++\sincoshotbmfloat.cpp:45->chirp.cpp:27]   --->   Operation 251 'zext' 'zext_ln281_1' <Predicate = (!and_ln271 & icmp_ln292)> <Delay = 0.00>
ST_65 : Operation 252 [1/1] (0.00ns)   --->   "%shift_1 = bitconcatenate i5 @_ssdm_op_BitConcatenate.i5.i1.i4, i1 1, i4 %trunc_ln281_1" [C:\scratch\2025.2\hls_product\666\2025.2\src\shared\hls\clib/src/hls\utils/x_hls_float_utils.h:290->C:\scratch\2025.2\hls_product\666\2025.2\src\shared\hls\clib/hlsmath/include/FloatingPoint\hls_hotbm.h:252->C:\scratch\2025.2\hls_product\666\2025.2\src\shared\hls\clib\hlsmath\src\common\hls_hotbm_float.cpp:127->C:\scratch\2025.2\hls_product\666\2025.2\src\shared\hls\clib\hlsmath\src\c++\sincoshotbmfloat.cpp:13->C:\scratch\2025.2\hls_product\666\2025.2\src\shared\hls\clib\hlsmath\src\c++\sincoshotbmfloat.cpp:45->chirp.cpp:27]   --->   Operation 252 'bitconcatenate' 'shift_1' <Predicate = (icmp_ln292)> <Delay = 0.00>
ST_65 : Operation 253 [1/1] (4.31ns)   --->   "%in_shift_2 = shl i28 %in_shift_1, i28 %zext_ln281_1" [C:\scratch\2025.2\hls_product\666\2025.2\src\shared\hls\clib/src/hls\utils/x_hls_float_utils.h:291->C:\scratch\2025.2\hls_product\666\2025.2\src\shared\hls\clib/hlsmath/include/FloatingPoint\hls_hotbm.h:252->C:\scratch\2025.2\hls_product\666\2025.2\src\shared\hls\clib\hlsmath\src\common\hls_hotbm_float.cpp:127->C:\scratch\2025.2\hls_product\666\2025.2\src\shared\hls\clib\hlsmath\src\c++\sincoshotbmfloat.cpp:13->C:\scratch\2025.2\hls_product\666\2025.2\src\shared\hls\clib\hlsmath\src\c++\sincoshotbmfloat.cpp:45->chirp.cpp:27]   --->   Operation 253 'shl' 'in_shift_2' <Predicate = (!and_ln271 & icmp_ln292)> <Delay = 4.31> <CoreInst = "Shifter">   --->   Core 75 'Shifter' <Latency = 0> <II = 1> <Delay = 4.31> <FuncUnit> <Opcode : 'shl' 'lshr' 'ashr'> <InPorts = 2> <OutPorts = 1>
ST_65 : Operation 254 [1/1] (1.21ns)   --->   "%shift_2 = select i1 %icmp_ln292, i5 %shift_1, i5 %trunc_ln281" [C:\scratch\2025.2\hls_product\666\2025.2\src\shared\hls\clib/src/hls\utils/x_hls_float_utils.h:292->C:\scratch\2025.2\hls_product\666\2025.2\src\shared\hls\clib/hlsmath/include/FloatingPoint\hls_hotbm.h:252->C:\scratch\2025.2\hls_product\666\2025.2\src\shared\hls\clib\hlsmath\src\common\hls_hotbm_float.cpp:127->C:\scratch\2025.2\hls_product\666\2025.2\src\shared\hls\clib\hlsmath\src\c++\sincoshotbmfloat.cpp:13->C:\scratch\2025.2\hls_product\666\2025.2\src\shared\hls\clib\hlsmath\src\c++\sincoshotbmfloat.cpp:45->chirp.cpp:27]   --->   Operation 254 'select' 'shift_2' <Predicate = true> <Delay = 1.21> <CoreInst = "Sel">   --->   Core 73 'Sel' <Latency = 0> <II = 1> <Delay = 1.21> <FuncUnit> <Opcode : 'select'> <InPorts = 3> <OutPorts = 1>
ST_65 : Operation 255 [1/1] (0.00ns)   --->   "%zext_ln286 = zext i5 %shift_2" [C:\scratch\2025.2\hls_product\666\2025.2\src\shared\hls\clib/src/hls\utils/x_hls_float_utils.h:286->C:\scratch\2025.2\hls_product\666\2025.2\src\shared\hls\clib/hlsmath/include/FloatingPoint\hls_hotbm.h:252->C:\scratch\2025.2\hls_product\666\2025.2\src\shared\hls\clib\hlsmath\src\common\hls_hotbm_float.cpp:127->C:\scratch\2025.2\hls_product\666\2025.2\src\shared\hls\clib\hlsmath\src\c++\sincoshotbmfloat.cpp:13->C:\scratch\2025.2\hls_product\666\2025.2\src\shared\hls\clib\hlsmath\src\c++\sincoshotbmfloat.cpp:45->chirp.cpp:27]   --->   Operation 255 'zext' 'zext_ln286' <Predicate = true> <Delay = 0.00>
ST_65 : Operation 256 [1/1] (0.00ns) (grouped into TernaryAdder)   --->   "%add_ln300 = add i9 %sext_ln252, i9 127" [C:\scratch\2025.2\hls_product\666\2025.2\src\shared\hls\clib/src/hls\utils/x_hls_float_utils.h:300->C:\scratch\2025.2\hls_product\666\2025.2\src\shared\hls\clib/hlsmath/include/FloatingPoint\hls_hotbm.h:252->C:\scratch\2025.2\hls_product\666\2025.2\src\shared\hls\clib\hlsmath\src\common\hls_hotbm_float.cpp:127->C:\scratch\2025.2\hls_product\666\2025.2\src\shared\hls\clib\hlsmath\src\c++\sincoshotbmfloat.cpp:13->C:\scratch\2025.2\hls_product\666\2025.2\src\shared\hls\clib\hlsmath\src\c++\sincoshotbmfloat.cpp:45->chirp.cpp:27]   --->   Operation 256 'add' 'add_ln300' <Predicate = true> <Delay = 0.00> <CoreInst = "TAddSub">   --->   Core 10 'TAddSub' <Latency = 0> <II = 1> <Delay = 1.84> <IPBlock> <Opcode : 'add' 'sub'> <InPorts = 3> <OutPorts = 1> <Sync> <CReg>
ST_65 : Operation 257 [1/1] (3.69ns) (root node of TernaryAdder)   --->   "%newexp = sub i9 %add_ln300, i9 %zext_ln286" [C:\scratch\2025.2\hls_product\666\2025.2\src\shared\hls\clib/src/hls\utils/x_hls_float_utils.h:300->C:\scratch\2025.2\hls_product\666\2025.2\src\shared\hls\clib/hlsmath/include/FloatingPoint\hls_hotbm.h:252->C:\scratch\2025.2\hls_product\666\2025.2\src\shared\hls\clib\hlsmath\src\common\hls_hotbm_float.cpp:127->C:\scratch\2025.2\hls_product\666\2025.2\src\shared\hls\clib\hlsmath\src\c++\sincoshotbmfloat.cpp:13->C:\scratch\2025.2\hls_product\666\2025.2\src\shared\hls\clib\hlsmath\src\c++\sincoshotbmfloat.cpp:45->chirp.cpp:27]   --->   Operation 257 'sub' 'newexp' <Predicate = true> <Delay = 3.69> <CoreInst = "TAddSub">   --->   Core 10 'TAddSub' <Latency = 0> <II = 1> <Delay = 1.84> <IPBlock> <Opcode : 'add' 'sub'> <InPorts = 3> <OutPorts = 1> <Sync> <CReg>
ST_65 : Operation 258 [1/1] (0.00ns) (grouped into LUT with out node or_ln282)   --->   "%tmp_3 = bitselect i1 @_ssdm_op_BitSelect.i1.i9.i32, i9 %newexp, i32 8" [C:\scratch\2025.2\hls_product\666\2025.2\src\shared\hls\clib/src/hls\utils/x_hls_float_utils.h:306->C:\scratch\2025.2\hls_product\666\2025.2\src\shared\hls\clib/hlsmath/include/FloatingPoint\hls_hotbm.h:252->C:\scratch\2025.2\hls_product\666\2025.2\src\shared\hls\clib\hlsmath\src\common\hls_hotbm_float.cpp:127->C:\scratch\2025.2\hls_product\666\2025.2\src\shared\hls\clib\hlsmath\src\c++\sincoshotbmfloat.cpp:13->C:\scratch\2025.2\hls_product\666\2025.2\src\shared\hls\clib\hlsmath\src\c++\sincoshotbmfloat.cpp:45->chirp.cpp:27]   --->   Operation 258 'bitselect' 'tmp_3' <Predicate = true> <Delay = 0.00>
ST_65 : Operation 259 [1/1] (0.00ns) (grouped into LUT with out node or_ln282)   --->   "%or_ln306 = or i1 %tmp_3, i1 %icmp_ln306" [C:\scratch\2025.2\hls_product\666\2025.2\src\shared\hls\clib/src/hls\utils/x_hls_float_utils.h:306->C:\scratch\2025.2\hls_product\666\2025.2\src\shared\hls\clib/hlsmath/include/FloatingPoint\hls_hotbm.h:252->C:\scratch\2025.2\hls_product\666\2025.2\src\shared\hls\clib\hlsmath\src\common\hls_hotbm_float.cpp:127->C:\scratch\2025.2\hls_product\666\2025.2\src\shared\hls\clib\hlsmath\src\c++\sincoshotbmfloat.cpp:13->C:\scratch\2025.2\hls_product\666\2025.2\src\shared\hls\clib\hlsmath\src\c++\sincoshotbmfloat.cpp:45->chirp.cpp:27]   --->   Operation 259 'or' 'or_ln306' <Predicate = true> <Delay = 0.00> <CoreInst = "LogicGate">   --->   Core 74 'LogicGate' <Latency = 0> <II = 1> <Delay = 0.97> <FuncUnit> <Opcode : 'and' 'or' 'xor'> <InPorts = 2> <OutPorts = 1>
ST_65 : Operation 260 [1/1] (0.00ns) (grouped into LUT with out node results_exp_1)   --->   "%empty = trunc i9 %newexp" [C:\scratch\2025.2\hls_product\666\2025.2\src\shared\hls\clib/src/hls\utils/x_hls_float_utils.h:300->C:\scratch\2025.2\hls_product\666\2025.2\src\shared\hls\clib/hlsmath/include/FloatingPoint\hls_hotbm.h:252->C:\scratch\2025.2\hls_product\666\2025.2\src\shared\hls\clib\hlsmath\src\common\hls_hotbm_float.cpp:127->C:\scratch\2025.2\hls_product\666\2025.2\src\shared\hls\clib\hlsmath\src\c++\sincoshotbmfloat.cpp:13->C:\scratch\2025.2\hls_product\666\2025.2\src\shared\hls\clib\hlsmath\src\c++\sincoshotbmfloat.cpp:45->chirp.cpp:27]   --->   Operation 260 'trunc' 'empty' <Predicate = (!and_ln271)> <Delay = 0.00>
ST_65 : Operation 261 [1/1] (0.00ns) (grouped into LUT with out node results_sig_1)   --->   "%tmp_1 = partselect i23 @_ssdm_op_PartSelect.i23.i28.i32.i32, i28 %in_shift_2, i32 5, i32 27" [C:\scratch\2025.2\hls_product\666\2025.2\src\shared\hls\clib/src/hls\utils/x_hls_float_utils.h:291->C:\scratch\2025.2\hls_product\666\2025.2\src\shared\hls\clib/hlsmath/include/FloatingPoint\hls_hotbm.h:252->C:\scratch\2025.2\hls_product\666\2025.2\src\shared\hls\clib\hlsmath\src\common\hls_hotbm_float.cpp:127->C:\scratch\2025.2\hls_product\666\2025.2\src\shared\hls\clib\hlsmath\src\c++\sincoshotbmfloat.cpp:13->C:\scratch\2025.2\hls_product\666\2025.2\src\shared\hls\clib\hlsmath\src\c++\sincoshotbmfloat.cpp:45->chirp.cpp:27]   --->   Operation 261 'partselect' 'tmp_1' <Predicate = (!and_ln271 & icmp_ln292)> <Delay = 0.00>
ST_65 : Operation 262 [1/1] (0.00ns) (grouped into LUT with out node results_sig_1)   --->   "%tmp_2 = partselect i23 @_ssdm_op_PartSelect.i23.i28.i32.i32, i28 %in_shift_1, i32 5, i32 27" [C:\scratch\2025.2\hls_product\666\2025.2\src\shared\hls\clib/src/hls\utils/x_hls_float_utils.h:291->C:\scratch\2025.2\hls_product\666\2025.2\src\shared\hls\clib/hlsmath/include/FloatingPoint\hls_hotbm.h:252->C:\scratch\2025.2\hls_product\666\2025.2\src\shared\hls\clib\hlsmath\src\common\hls_hotbm_float.cpp:127->C:\scratch\2025.2\hls_product\666\2025.2\src\shared\hls\clib\hlsmath\src\c++\sincoshotbmfloat.cpp:13->C:\scratch\2025.2\hls_product\666\2025.2\src\shared\hls\clib\hlsmath\src\c++\sincoshotbmfloat.cpp:45->chirp.cpp:27]   --->   Operation 262 'partselect' 'tmp_2' <Predicate = (!and_ln271 & !icmp_ln292)> <Delay = 0.00>
ST_65 : Operation 263 [1/1] (0.00ns) (grouped into LUT with out node results_sig_1)   --->   "%empty_27 = select i1 %icmp_ln292, i23 %tmp_1, i23 %tmp_2" [C:\scratch\2025.2\hls_product\666\2025.2\src\shared\hls\clib/src/hls\utils/x_hls_float_utils.h:292->C:\scratch\2025.2\hls_product\666\2025.2\src\shared\hls\clib/hlsmath/include/FloatingPoint\hls_hotbm.h:252->C:\scratch\2025.2\hls_product\666\2025.2\src\shared\hls\clib\hlsmath\src\common\hls_hotbm_float.cpp:127->C:\scratch\2025.2\hls_product\666\2025.2\src\shared\hls\clib\hlsmath\src\c++\sincoshotbmfloat.cpp:13->C:\scratch\2025.2\hls_product\666\2025.2\src\shared\hls\clib\hlsmath\src\c++\sincoshotbmfloat.cpp:45->chirp.cpp:27]   --->   Operation 263 'select' 'empty_27' <Predicate = (!and_ln271)> <Delay = 0.00> <CoreInst = "Sel">   --->   Core 73 'Sel' <Latency = 0> <II = 1> <Delay = 0.69> <FuncUnit> <Opcode : 'select'> <InPorts = 3> <OutPorts = 1>
ST_65 : Operation 264 [1/1] (0.00ns) (grouped into LUT with out node results_exp_1)   --->   "%select_ln282 = select i1 %icmp_ln282, i8 255, i8 0" [C:\scratch\2025.2\hls_product\666\2025.2\src\shared\hls\clib/hlsmath/include/FloatingPoint\hls_hotbm.h:282->C:\scratch\2025.2\hls_product\666\2025.2\src\shared\hls\clib\hlsmath\src\common\hls_hotbm_float.cpp:127->C:\scratch\2025.2\hls_product\666\2025.2\src\shared\hls\clib\hlsmath\src\c++\sincoshotbmfloat.cpp:13->C:\scratch\2025.2\hls_product\666\2025.2\src\shared\hls\clib\hlsmath\src\c++\sincoshotbmfloat.cpp:45->chirp.cpp:27]   --->   Operation 264 'select' 'select_ln282' <Predicate = (!and_ln271)> <Delay = 0.00> <CoreInst = "Sel">   --->   Core 73 'Sel' <Latency = 0> <II = 1> <Delay = 0.99> <FuncUnit> <Opcode : 'select'> <InPorts = 3> <OutPorts = 1>
ST_65 : Operation 265 [1/1] (0.97ns) (out node of the LUT)   --->   "%or_ln282 = or i1 %icmp_ln282, i1 %or_ln306" [C:\scratch\2025.2\hls_product\666\2025.2\src\shared\hls\clib/hlsmath/include/FloatingPoint\hls_hotbm.h:282->C:\scratch\2025.2\hls_product\666\2025.2\src\shared\hls\clib\hlsmath\src\common\hls_hotbm_float.cpp:127->C:\scratch\2025.2\hls_product\666\2025.2\src\shared\hls\clib\hlsmath\src\c++\sincoshotbmfloat.cpp:13->C:\scratch\2025.2\hls_product\666\2025.2\src\shared\hls\clib\hlsmath\src\c++\sincoshotbmfloat.cpp:45->chirp.cpp:27]   --->   Operation 265 'or' 'or_ln282' <Predicate = true> <Delay = 0.97> <CoreInst = "LogicGate">   --->   Core 74 'LogicGate' <Latency = 0> <II = 1> <Delay = 0.97> <FuncUnit> <Opcode : 'and' 'or' 'xor'> <InPorts = 2> <OutPorts = 1>
ST_65 : Operation 266 [1/1] (0.00ns) (grouped into LUT with out node results_exp_1)   --->   "%results_exp = select i1 %or_ln282, i8 %select_ln282, i8 %empty" [C:\scratch\2025.2\hls_product\666\2025.2\src\shared\hls\clib/hlsmath/include/FloatingPoint\hls_hotbm.h:282->C:\scratch\2025.2\hls_product\666\2025.2\src\shared\hls\clib\hlsmath\src\common\hls_hotbm_float.cpp:127->C:\scratch\2025.2\hls_product\666\2025.2\src\shared\hls\clib\hlsmath\src\c++\sincoshotbmfloat.cpp:13->C:\scratch\2025.2\hls_product\666\2025.2\src\shared\hls\clib\hlsmath\src\c++\sincoshotbmfloat.cpp:45->chirp.cpp:27]   --->   Operation 266 'select' 'results_exp' <Predicate = (!and_ln271)> <Delay = 0.00> <CoreInst = "Sel">   --->   Core 73 'Sel' <Latency = 0> <II = 1> <Delay = 1.24> <FuncUnit> <Opcode : 'select'> <InPorts = 3> <OutPorts = 1>
ST_65 : Operation 267 [1/1] (0.00ns) (grouped into LUT with out node results_sig_1)   --->   "%select_ln282_2 = select i1 %icmp_ln282, i23 8388607, i23 0" [C:\scratch\2025.2\hls_product\666\2025.2\src\shared\hls\clib/hlsmath/include/FloatingPoint\hls_hotbm.h:282->C:\scratch\2025.2\hls_product\666\2025.2\src\shared\hls\clib\hlsmath\src\common\hls_hotbm_float.cpp:127->C:\scratch\2025.2\hls_product\666\2025.2\src\shared\hls\clib\hlsmath\src\c++\sincoshotbmfloat.cpp:13->C:\scratch\2025.2\hls_product\666\2025.2\src\shared\hls\clib\hlsmath\src\c++\sincoshotbmfloat.cpp:45->chirp.cpp:27]   --->   Operation 267 'select' 'select_ln282_2' <Predicate = (!and_ln271)> <Delay = 0.00> <CoreInst = "Sel">   --->   Core 73 'Sel' <Latency = 0> <II = 1> <Delay = 0.99> <FuncUnit> <Opcode : 'select'> <InPorts = 3> <OutPorts = 1>
ST_65 : Operation 268 [1/1] (0.00ns) (grouped into LUT with out node results_sig_1)   --->   "%results_sig = select i1 %or_ln282, i23 %select_ln282_2, i23 %empty_27" [C:\scratch\2025.2\hls_product\666\2025.2\src\shared\hls\clib/hlsmath/include/FloatingPoint\hls_hotbm.h:282->C:\scratch\2025.2\hls_product\666\2025.2\src\shared\hls\clib\hlsmath\src\common\hls_hotbm_float.cpp:127->C:\scratch\2025.2\hls_product\666\2025.2\src\shared\hls\clib\hlsmath\src\c++\sincoshotbmfloat.cpp:13->C:\scratch\2025.2\hls_product\666\2025.2\src\shared\hls\clib\hlsmath\src\c++\sincoshotbmfloat.cpp:45->chirp.cpp:27]   --->   Operation 268 'select' 'results_sig' <Predicate = (!and_ln271)> <Delay = 0.00> <CoreInst = "Sel">   --->   Core 73 'Sel' <Latency = 0> <II = 1> <Delay = 0.69> <FuncUnit> <Opcode : 'select'> <InPorts = 3> <OutPorts = 1>
ST_65 : Operation 269 [1/1] (1.24ns) (out node of the LUT)   --->   "%results_exp_1 = select i1 %and_ln271, i8 127, i8 %results_exp" [C:\scratch\2025.2\hls_product\666\2025.2\src\shared\hls\clib/hlsmath/include/FloatingPoint\hls_hotbm.h:271->C:\scratch\2025.2\hls_product\666\2025.2\src\shared\hls\clib\hlsmath\src\common\hls_hotbm_float.cpp:127->C:\scratch\2025.2\hls_product\666\2025.2\src\shared\hls\clib\hlsmath\src\c++\sincoshotbmfloat.cpp:13->C:\scratch\2025.2\hls_product\666\2025.2\src\shared\hls\clib\hlsmath\src\c++\sincoshotbmfloat.cpp:45->chirp.cpp:27]   --->   Operation 269 'select' 'results_exp_1' <Predicate = true> <Delay = 1.24> <CoreInst = "Sel">   --->   Core 73 'Sel' <Latency = 0> <II = 1> <Delay = 1.24> <FuncUnit> <Opcode : 'select'> <InPorts = 3> <OutPorts = 1>
ST_65 : Operation 270 [1/1] (0.99ns) (out node of the LUT)   --->   "%results_sig_1 = select i1 %and_ln271, i23 0, i23 %results_sig" [C:\scratch\2025.2\hls_product\666\2025.2\src\shared\hls\clib/hlsmath/include/FloatingPoint\hls_hotbm.h:271->C:\scratch\2025.2\hls_product\666\2025.2\src\shared\hls\clib\hlsmath\src\common\hls_hotbm_float.cpp:127->C:\scratch\2025.2\hls_product\666\2025.2\src\shared\hls\clib\hlsmath\src\c++\sincoshotbmfloat.cpp:13->C:\scratch\2025.2\hls_product\666\2025.2\src\shared\hls\clib\hlsmath\src\c++\sincoshotbmfloat.cpp:45->chirp.cpp:27]   --->   Operation 270 'select' 'results_sig_1' <Predicate = true> <Delay = 0.99> <CoreInst = "Sel">   --->   Core 73 'Sel' <Latency = 0> <II = 1> <Delay = 0.69> <FuncUnit> <Opcode : 'select'> <InPorts = 3> <OutPorts = 1>
ST_65 : Operation 271 [1/1] (0.00ns)   --->   "%t_3 = bitconcatenate i32 @_ssdm_op_BitConcatenate.i32.i1.i8.i23, i1 %results_sign_2, i8 %results_exp_1, i23 %results_sig_1" [C:\scratch\2025.2\hls_product\666\2025.2\src\shared\hls\clib/src/hls\utils/x_hls_utils.h:313->C:\scratch\2025.2\hls_product\666\2025.2\src\shared\hls\clib/src/hls\utils/x_hls_utils.h:326->C:\scratch\2025.2\hls_product\666\2025.2\src\shared\hls\clib/src/hls\utils/x_hls_utils.h:347->C:\scratch\2025.2\hls_product\666\2025.2\src\shared\hls\clib/hlsmath/include/FloatingPoint\hls_hotbm.h:287->C:\scratch\2025.2\hls_product\666\2025.2\src\shared\hls\clib\hlsmath\src\common\hls_hotbm_float.cpp:127->C:\scratch\2025.2\hls_product\666\2025.2\src\shared\hls\clib\hlsmath\src\c++\sincoshotbmfloat.cpp:13->C:\scratch\2025.2\hls_product\666\2025.2\src\shared\hls\clib\hlsmath\src\c++\sincoshotbmfloat.cpp:45->chirp.cpp:27]   --->   Operation 271 'bitconcatenate' 't_3' <Predicate = true> <Delay = 0.00>
ST_65 : Operation 272 [1/1] (0.00ns)   --->   "%out_r_addr = getelementptr i32 %out_r, i64 0, i64 %zext_ln17" [chirp.cpp:27]   --->   Operation 272 'getelementptr' 'out_r_addr' <Predicate = true> <Delay = 0.00>
ST_65 : Operation 273 [1/1] ( I:0.00ns O:0.00ns )   --->   "%store_ln27 = store i32 %t_3, i10 %out_r_addr" [chirp.cpp:27]   --->   Operation 273 'store' 'store_ln27' <Predicate = true> <Delay = 0.00> <CoreInst = "RAM">   --->   Core 81 'RAM' <Latency = 1> <II = 1> <Delay = 3.25> <Storage> <Opcode : 'load' 'store'> <Ports = 2> <Width = 32> <Depth = 1024> <RAM>
ST_65 : Operation 274 [1/1] (1.58ns)   --->   "%ret_ln0 = ret"   --->   Operation 274 'ret' 'ret_ln0' <Predicate = (icmp_ln17)> <Delay = 1.58>


============================================================
+ Verbose Summary: Binding
============================================================
STG Binding: 
---------------- STG Properties BEGIN ----------------
- Is combinational: 0
- Is one-state seq: 0
- Is datapath-only: 0
- Is pipelined: 0
- Is top level: 0
Port [ Return ] is wired: 1; IO mode=ap_ctrl_hs:ce=0
Port [ fs]:  wired=1; compound=0; hidden=0; nouse=0; global=0; static=0; extern=0; dir=0; type=0; pingpong=0; private_global=0; IO mode=ap_none:ce=0
Port [ f0]:  wired=1; compound=0; hidden=0; nouse=0; global=0; static=0; extern=0; dir=0; type=0; pingpong=0; private_global=0; IO mode=ap_none:ce=0
Port [ mul3]:  wired=1; compound=0; hidden=0; nouse=0; global=0; static=0; extern=0; dir=0; type=0; pingpong=0; private_global=0; IO mode=ap_none:ce=0
Port [ out_r]:  wired=1; compound=1; hidden=0; nouse=0; global=0; static=0; extern=0; dir=1; type=1; pingpong=0; private_global=0; MemPort=[03]; IO mode=ap_memory:ce=0
Port [ ref_4oPi_table_100]:  wired=0; compound=1; hidden=1; nouse=0; global=1; static=1; extern=0; dir=0; type=1; pingpong=0; private_global=1; MemPort=[1]; IO mode=ap_memory:ce=0
Port [ second_order_float_sin_cos_K0]:  wired=0; compound=1; hidden=1; nouse=0; global=1; static=1; extern=0; dir=0; type=1; pingpong=0; private_global=1; MemPort=[1]; IO mode=ap_memory:ce=0
Port [ second_order_float_sin_cos_K1]:  wired=0; compound=1; hidden=1; nouse=0; global=1; static=1; extern=0; dir=0; type=1; pingpong=0; private_global=1; MemPort=[1]; IO mode=ap_memory:ce=0
Port [ second_order_float_sin_cos_K2]:  wired=0; compound=1; hidden=1; nouse=0; global=1; static=1; extern=0; dir=0; type=1; pingpong=0; private_global=1; MemPort=[1]; IO mode=ap_memory:ce=0
---------------- STG Properties END ------------------

---------------- Datapath Model BEGIN ----------------

<LifeTime>
<method=bitvector/>
n                                  (alloca           ) [ 010000000000000000000000000000000000000000000000000000000000000000]
specinterface_ln0                  (specinterface    ) [ 000000000000000000000000000000000000000000000000000000000000000000]
mul3_read                          (read             ) [ 011111111111111111111111111100000000000000000000000000000000000000]
f0_read                            (read             ) [ 011111111111111111111111111111110000000000000000000000000000000000]
fs_read                            (read             ) [ 011111111111111111111111000000000000000000000000000000000000000000]
store_ln17                         (store            ) [ 000000000000000000000000000000000000000000000000000000000000000000]
br_ln0                             (br               ) [ 000000000000000000000000000000000000000000000000000000000000000000]
n_1                                (load             ) [ 011111111111111111111111111111111111111111111111111111111111111111]
n_3                                (add              ) [ 000000000000000000000000000000000000000000000000000000000000000000]
icmp_ln17                          (icmp             ) [ 011111111111111111111111111111111111111111111111111111111111111111]
store_ln17                         (store            ) [ 000000000000000000000000000000000000000000000000000000000000000000]
br_ln17                            (br               ) [ 000000000000000000000000000000000000000000000000000000000000000000]
zext_ln21                          (zext             ) [ 010111110000000000000000000000000000000000000000000000000000000000]
conv                               (sitofp           ) [ 010000001111111111111111000000000000000000000000000000000000000000]
t                                  (fdiv             ) [ 010000000000000000000000111111110000000000000000000000000000000000]
mul4                               (fmul             ) [ 010000000000000000000000000011110000000000000000000000000000000000]
mul                                (fmul             ) [ 010000000000000000000000000000001111100000000000000000000000000000]
mul5                               (fmul             ) [ 010000000000000000000000000000001111100000000000000000000000000000]
add                                (fadd             ) [ 010000000000000000000000000000000000011000000000000000000000000000]
conv6                              (fpext            ) [ 010000000000000000000000000000000000000111111100000000000000000000]
mul7                               (dmul             ) [ 010000000000000000000000000000000000000000000011000000000000000000]
phase                              (fptrunc          ) [ 010000000000000000000000000000000000000000000000100000000000000000]
data                               (bitcast          ) [ 000000000000000000000000000000000000000000000000000000000000000000]
din_sign                           (bitselect        ) [ 010000000000000000000000000000000000000000000000011111110000000000]
din_exp                            (partselect       ) [ 010000000000000000000000000000000000000000000000011111111000000000]
din_sig                            (trunc            ) [ 010000000000000000000000000000000000000000000000011000000000000000]
closepath                          (icmp             ) [ 010000000000000000000000000000000000000000000000011111111000000000]
add_ln376                          (add              ) [ 000000000000000000000000000000000000000000000000000000000000000000]
addr                               (select           ) [ 000000000000000000000000000000000000000000000000000000000000000000]
lshr_ln                            (partselect       ) [ 000000000000000000000000000000000000000000000000000000000000000000]
zext_ln378                         (zext             ) [ 000000000000000000000000000000000000000000000000000000000000000000]
ref_4oPi_table_100_addr            (getelementptr    ) [ 010000000000000000000000000000000000000000000000010000000000000000]
trunc_ln379                        (trunc            ) [ 010000000000000000000000000000000000000000000000010000000000000000]
table_100                          (load             ) [ 000000000000000000000000000000000000000000000000000000000000000000]
zext_ln379                         (zext             ) [ 000000000000000000000000000000000000000000000000000000000000000000]
shl_ln379                          (shl              ) [ 000000000000000000000000000000000000000000000000000000000000000000]
Med                                (partselect       ) [ 010000000000000000000000000000000000000000000000001111100000000000]
X                                  (bitconcatenate   ) [ 000000000000000000000000000000000000000000000000000000000000000000]
zext_ln468                         (zext             ) [ 010000000000000000000000000000000000000000000000000111100000000000]
icmp_ln271                         (icmp             ) [ 000000000000000000000000000000000000000000000000000000000000000000]
icmp_ln271_1                       (icmp             ) [ 000000000000000000000000000000000000000000000000000000000000000000]
and_ln271                          (and              ) [ 010000000000000000000000000000000000000000000000000111111111111111]
h                                  (mul              ) [ 000000000000000000000000000000000000000000000000000000000000000000]
Mx_bits                            (partselect       ) [ 010000000000000000000000000000000000000000000000000000010000000000]
trunc_ln_i                         (partselect       ) [ 010000000000000000000000000000000000000000000000000000010000000000]
k                                  (select           ) [ 000000000000000000000000000000000000000000000000000000000000000000]
trunc_ln491                        (trunc            ) [ 000000000000000000000000000000000000000000000000000000000000000000]
Mx_bits_1                          (sub              ) [ 000000000000000000000000000000000000000000000000000000000000000000]
Mx_bits_3                          (select           ) [ 010000000000000000000000000000000000000000000000000000001000000000]
tmp_7_i                            (partselect       ) [ 010000000000000000000000000000000000000000000000000000001000000000]
sin_basis                          (sparsemux        ) [ 010000000000000000000000000000000000000000000000000000001110000000]
index                              (bitconcatenate   ) [ 000000000000000000000000000000000000000000000000000000000000000000]
tmp_4_i                            (sparsemux        ) [ 000000000000000000000000000000000000000000000000000000000000000000]
tmp_8_i                            (sparsemux        ) [ 000000000000000000000000000000000000000000000000000000000000000000]
results_sign                       (select           ) [ 000000000000000000000000000000000000000000000000000000000000000000]
icmp_ln282                         (icmp             ) [ 010000000000000000000000000000000000000000000000000000001111111111]
xor_ln282                          (xor              ) [ 000000000000000000000000000000000000000000000000000000000000000000]
results_sign_1                     (and              ) [ 000000000000000000000000000000000000000000000000000000000000000000]
not_and_ln271_i                    (xor              ) [ 000000000000000000000000000000000000000000000000000000000000000000]
results_sign_2                     (and              ) [ 010000000000000000000000000000000000000000000000000000001111111111]
Ex                                 (add              ) [ 000000000000000000000000000000000000000000000000000000000000000000]
select_ln453                       (select           ) [ 000000000000000000000000000000000000000000000000000000000000000000]
t_1                                (bitconcatenate   ) [ 000000000000000000000000000000000000000000000000000000000000000000]
Mx_zeros                           (ctlz             ) [ 000000000000000000000000000000000000000000000000000000000000000000]
zext_ln504                         (zext             ) [ 000000000000000000000000000000000000000000000000000000000000000000]
shl_ln504                          (shl              ) [ 000000000000000000000000000000000000000000000000000000000000000000]
Mx                                 (partselect       ) [ 010000000000000000000000000000000000000000000000000000000100000000]
trunc_ln505                        (trunc            ) [ 000000000000000000000000000000000000000000000000000000000000000000]
Ex_1                               (sub              ) [ 010000000000000000000000000000000000000000000000000000000110000000]
tmp                                (bitselect        ) [ 010000000000000000000000000000000000000000000000000000000100000000]
sub_ln506                          (sub              ) [ 010000000000000000000000000000000000000000000000000000000100000000]
select_ln506                       (select           ) [ 000000000000000000000000000000000000000000000000000000000000000000]
zext_ln506                         (zext             ) [ 000000000000000000000000000000000000000000000000000000000000000000]
zext_ln506_1                       (zext             ) [ 000000000000000000000000000000000000000000000000000000000000000000]
lshr_ln506                         (lshr             ) [ 000000000000000000000000000000000000000000000000000000000000000000]
shl_ln506                          (shl              ) [ 000000000000000000000000000000000000000000000000000000000000000000]
select_ln506_1                     (select           ) [ 000000000000000000000000000000000000000000000000000000000000000000]
B                                  (trunc            ) [ 010000000000000000000000000000000000000000000000000000000011100000]
Mx_1                               (select           ) [ 010000000000000000000000000000000000000000000000000000000011111000]
tmp_i                              (partselect       ) [ 010000000000000000000000000000000000000000000000000000000010000000]
B_trunc                            (partselect       ) [ 010000000000000000000000000000000000000000000000000000000011000000]
Ex_2                               (select           ) [ 010000000000000000000000000000000000000000000000000000000001111111]
A                                  (bitconcatenate   ) [ 000000000000000000000000000000000000000000000000000000000000000000]
zext_ln28                          (zext             ) [ 000000000000000000000000000000000000000000000000000000000000000000]
second_order_float_sin_cos_K0_addr (getelementptr    ) [ 010000000000000000000000000000000000000000000000000000000001000000]
second_order_float_sin_cos_K1_addr (getelementptr    ) [ 010000000000000000000000000000000000000000000000000000000001000000]
second_order_float_sin_cos_K2_addr (getelementptr    ) [ 010000000000000000000000000000000000000000000000000000000001000000]
zext_ln23                          (zext             ) [ 000000000000000000000000000000000000000000000000000000000000000000]
mul_ln23                           (mul              ) [ 000000000000000000000000000000000000000000000000000000000000000000]
B_squared                          (partselect       ) [ 010000000000000000000000000000000000000000000000000000000000100000]
second_order_float_sin_cos_K0_load (load             ) [ 000000000000000000000000000000000000000000000000000000000000000000]
t1                                 (partselect       ) [ 010000000000000000000000000000000000000000000000000000000000110000]
second_order_float_sin_cos_K1_load (load             ) [ 010000000000000000000000000000000000000000000000000000000000100000]
second_order_float_sin_cos_K2_load (load             ) [ 010000000000000000000000000000000000000000000000000000000000100000]
zext_ln23_1                        (zext             ) [ 000000000000000000000000000000000000000000000000000000000000000000]
zext_ln29                          (zext             ) [ 000000000000000000000000000000000000000000000000000000000000000000]
sext_ln29                          (sext             ) [ 000000000000000000000000000000000000000000000000000000000000000000]
mul_ln29                           (mul              ) [ 000000000000000000000000000000000000000000000000000000000000000000]
trunc_ln2                          (partselect       ) [ 010000000000000000000000000000000000000000000000000000000000010000]
sext_ln30                          (sext             ) [ 000000000000000000000000000000000000000000000000000000000000000000]
mul_ln30                           (mul              ) [ 000000000000000000000000000000000000000000000000000000000000000000]
trunc_ln3                          (partselect       ) [ 010000000000000000000000000000000000000000000000000000000000010000]
sext_ln32                          (sext             ) [ 000000000000000000000000000000000000000000000000000000000000000000]
sext_ln32_1                        (sext             ) [ 000000000000000000000000000000000000000000000000000000000000000000]
add_ln32                           (add              ) [ 000000000000000000000000000000000000000000000000000000000000000000]
sext_ln32_2                        (sext             ) [ 000000000000000000000000000000000000000000000000000000000000000000]
add_ln32_1                         (add              ) [ 010000000000000000000000000000000000000000000000000000000000001000]
sext_ln32_3                        (sext             ) [ 010000000000000000000000000000000000000000000000000000000000000100]
zext_ln32                          (zext             ) [ 010000000000000000000000000000000000000000000000000000000000000100]
mul_ln32                           (mul              ) [ 000000000000000000000000000000000000000000000000000000000000000000]
result                             (partselect       ) [ 010000000000000000000000000000000000000000000000000000000000000010]
tmp_1_i                            (partselect       ) [ 010000000000000000000000000000000000000000000000000000000000000010]
tmp_3_i                            (partselect       ) [ 010000000000000000000000000000000000000000000000000000000000000010]
trunc_ln5                          (partselect       ) [ 010000000000000000000000000000000000000000000000000000000000000010]
out_bits                           (bitconcatenate   ) [ 000000000000000000000000000000000000000000000000000000000000000000]
out_bits_2                         (bitconcatenate   ) [ 000000000000000000000000000000000000000000000000000000000000000000]
c                                  (ctlz             ) [ 000000000000000000000000000000000000000000000000000000000000000000]
trunc_ln281                        (trunc            ) [ 010000000000000000000000000000000000000000000000000000000000000001]
zext_ln281                         (zext             ) [ 000000000000000000000000000000000000000000000000000000000000000000]
c_1                                (ctlz             ) [ 000000000000000000000000000000000000000000000000000000000000000000]
trunc_ln281_1                      (trunc            ) [ 010000000000000000000000000000000000000000000000000000000000000001]
in_shift_1                         (shl              ) [ 010000000000000000000000000000000000000000000000000000000000000001]
icmp_ln292                         (icmp             ) [ 010000000000000000000000000000000000000000000000000000000000000001]
icmp_ln306                         (icmp             ) [ 010000000000000000000000000000000000000000000000000000000000000001]
zext_ln17                          (zext             ) [ 000000000000000000000000000000000000000000000000000000000000000000]
specpipeline_ln19                  (specpipeline     ) [ 000000000000000000000000000000000000000000000000000000000000000000]
speclooptripcount_ln17             (speclooptripcount) [ 000000000000000000000000000000000000000000000000000000000000000000]
specloopname_ln17                  (specloopname     ) [ 000000000000000000000000000000000000000000000000000000000000000000]
specmemcore_ln375                  (specmemcore      ) [ 000000000000000000000000000000000000000000000000000000000000000000]
specmemcore_ln16                   (specmemcore      ) [ 000000000000000000000000000000000000000000000000000000000000000000]
specmemcore_ln17                   (specmemcore      ) [ 000000000000000000000000000000000000000000000000000000000000000000]
specmemcore_ln18                   (specmemcore      ) [ 000000000000000000000000000000000000000000000000000000000000000000]
sext_ln252                         (sext             ) [ 000000000000000000000000000000000000000000000000000000000000000000]
zext_ln281_1                       (zext             ) [ 000000000000000000000000000000000000000000000000000000000000000000]
shift_1                            (bitconcatenate   ) [ 000000000000000000000000000000000000000000000000000000000000000000]
in_shift_2                         (shl              ) [ 000000000000000000000000000000000000000000000000000000000000000000]
shift_2                            (select           ) [ 000000000000000000000000000000000000000000000000000000000000000000]
zext_ln286                         (zext             ) [ 000000000000000000000000000000000000000000000000000000000000000000]
add_ln300                          (add              ) [ 000000000000000000000000000000000000000000000000000000000000000000]
newexp                             (sub              ) [ 000000000000000000000000000000000000000000000000000000000000000000]
tmp_3                              (bitselect        ) [ 000000000000000000000000000000000000000000000000000000000000000000]
or_ln306                           (or               ) [ 000000000000000000000000000000000000000000000000000000000000000000]
empty                              (trunc            ) [ 000000000000000000000000000000000000000000000000000000000000000000]
tmp_1                              (partselect       ) [ 000000000000000000000000000000000000000000000000000000000000000000]
tmp_2                              (partselect       ) [ 000000000000000000000000000000000000000000000000000000000000000000]
empty_27                           (select           ) [ 000000000000000000000000000000000000000000000000000000000000000000]
select_ln282                       (select           ) [ 000000000000000000000000000000000000000000000000000000000000000000]
or_ln282                           (or               ) [ 000000000000000000000000000000000000000000000000000000000000000000]
results_exp                        (select           ) [ 000000000000000000000000000000000000000000000000000000000000000000]
select_ln282_2                     (select           ) [ 000000000000000000000000000000000000000000000000000000000000000000]
results_sig                        (select           ) [ 000000000000000000000000000000000000000000000000000000000000000000]
results_exp_1                      (select           ) [ 000000000000000000000000000000000000000000000000000000000000000000]
results_sig_1                      (select           ) [ 000000000000000000000000000000000000000000000000000000000000000000]
t_3                                (bitconcatenate   ) [ 000000000000000000000000000000000000000000000000000000000000000000]
out_r_addr                         (getelementptr    ) [ 000000000000000000000000000000000000000000000000000000000000000000]
store_ln27                         (store            ) [ 000000000000000000000000000000000000000000000000000000000000000000]
ret_ln0                            (ret              ) [ 000000000000000000000000000000000000000000000000000000000000000000]
</LifeTime>

<model>

<comp_list>
<comp id="0" class="1000" name="fs">
<pin_list>
<pin id="1" dir="1" index="0" bw="1" slack="0"/>
</pin_list>
<bind>
<StgValue><ssdm name="fs"/></StgValue>
</bind>
</comp>

<comp id="2" class="1000" name="f0">
<pin_list>
<pin id="3" dir="1" index="0" bw="1" slack="0"/>
</pin_list>
<bind>
<StgValue><ssdm name="f0"/></StgValue>
</bind>
</comp>

<comp id="4" class="1000" name="mul3">
<pin_list>
<pin id="5" dir="1" index="0" bw="1" slack="0"/>
</pin_list>
<bind>
<StgValue><ssdm name="mul3"/></StgValue>
</bind>
</comp>

<comp id="6" class="1000" name="out_r">
<pin_list>
<pin id="7" dir="1" index="0" bw="1" slack="0"/>
</pin_list>
<bind>
<StgValue><ssdm name="out_r"/><MemPortTyVec>0 3 </MemPortTyVec>
</StgValue>
</bind>
</comp>

<comp id="8" class="1000" name="ref_4oPi_table_100">
<pin_list>
<pin id="9" dir="1" index="0" bw="1" slack="0"/>
</pin_list>
<bind>
<StgValue><ssdm name="ref_4oPi_table_100"/><MemPortTyVec>1 </MemPortTyVec>
</StgValue>
</bind>
</comp>

<comp id="10" class="1000" name="second_order_float_sin_cos_K0">
<pin_list>
<pin id="11" dir="1" index="0" bw="1" slack="0"/>
</pin_list>
<bind>
<StgValue><ssdm name="second_order_float_sin_cos_K0"/><MemPortTyVec>1 </MemPortTyVec>
</StgValue>
</bind>
</comp>

<comp id="12" class="1000" name="second_order_float_sin_cos_K1">
<pin_list>
<pin id="13" dir="1" index="0" bw="1" slack="0"/>
</pin_list>
<bind>
<StgValue><ssdm name="second_order_float_sin_cos_K1"/><MemPortTyVec>1 </MemPortTyVec>
</StgValue>
</bind>
</comp>

<comp id="14" class="1000" name="second_order_float_sin_cos_K2">
<pin_list>
<pin id="15" dir="1" index="0" bw="1" slack="0"/>
</pin_list>
<bind>
<StgValue><ssdm name="second_order_float_sin_cos_K2"/><MemPortTyVec>1 </MemPortTyVec>
</StgValue>
</bind>
</comp>

<comp id="16" class="1001" name="const_16">
<pin_list>
<pin id="17" dir="1" index="0" bw="1" slack="0"/>
</pin_list>
<bind>
<StgValue><ssdm name=""/></StgValue>
</bind>
</comp>

<comp id="18" class="1001" name="const_18">
<pin_list>
<pin id="19" dir="1" index="0" bw="1" slack="2147483647"/>
</pin_list>
<bind>
<StgValue><ssdm name="_ssdm_op_SpecInterface"/></StgValue>
</bind>
</comp>

<comp id="20" class="1001" name="const_20">
<pin_list>
<pin id="21" dir="1" index="0" bw="1" slack="2147483647"/>
</pin_list>
<bind>
<StgValue><ssdm name="empty"/></StgValue>
</bind>
</comp>

<comp id="22" class="1001" name="const_22">
<pin_list>
<pin id="23" dir="1" index="0" bw="1" slack="2147483647"/>
</pin_list>
<bind>
<StgValue><ssdm name=""/></StgValue>
</bind>
</comp>

<comp id="24" class="1001" name="const_24">
<pin_list>
<pin id="25" dir="1" index="0" bw="1" slack="2147483647"/>
</pin_list>
<bind>
<StgValue><ssdm name="empty_0"/></StgValue>
</bind>
</comp>

<comp id="26" class="1001" name="const_26">
<pin_list>
<pin id="27" dir="1" index="0" bw="1" slack="2147483647"/>
</pin_list>
<bind>
<StgValue><ssdm name=""/></StgValue>
</bind>
</comp>

<comp id="28" class="1001" name="const_28">
<pin_list>
<pin id="29" dir="1" index="0" bw="1" slack="0"/>
</pin_list>
<bind>
<StgValue><ssdm name="_ssdm_op_Read.ap_auto.float"/></StgValue>
</bind>
</comp>

<comp id="30" class="1001" name="const_30">
<pin_list>
<pin id="31" dir="1" index="0" bw="1" slack="0"/>
</pin_list>
<bind>
<StgValue><ssdm name=""/></StgValue>
</bind>
</comp>

<comp id="32" class="1001" name="const_32">
<pin_list>
<pin id="33" dir="1" index="0" bw="1" slack="0"/>
</pin_list>
<bind>
<StgValue><ssdm name=""/></StgValue>
</bind>
</comp>

<comp id="34" class="1001" name="const_34">
<pin_list>
<pin id="35" dir="1" index="0" bw="1" slack="0"/>
</pin_list>
<bind>
<StgValue><ssdm name=""/></StgValue>
</bind>
</comp>

<comp id="36" class="1001" name="const_36">
<pin_list>
<pin id="37" dir="1" index="0" bw="1" slack="0"/>
</pin_list>
<bind>
<StgValue><ssdm name=""/></StgValue>
</bind>
</comp>

<comp id="38" class="1001" name="const_38">
<pin_list>
<pin id="39" dir="1" index="0" bw="1" slack="0"/>
</pin_list>
<bind>
<StgValue><ssdm name="_ssdm_op_BitSelect.i1.i32.i32"/></StgValue>
</bind>
</comp>

<comp id="40" class="1001" name="const_40">
<pin_list>
<pin id="41" dir="1" index="0" bw="1" slack="0"/>
</pin_list>
<bind>
<StgValue><ssdm name=""/></StgValue>
</bind>
</comp>

<comp id="42" class="1001" name="const_42">
<pin_list>
<pin id="43" dir="1" index="0" bw="1" slack="0"/>
</pin_list>
<bind>
<StgValue><ssdm name="_ssdm_op_PartSelect.i8.i32.i32"/></StgValue>
</bind>
</comp>

<comp id="44" class="1001" name="const_44">
<pin_list>
<pin id="45" dir="1" index="0" bw="1" slack="0"/>
</pin_list>
<bind>
<StgValue><ssdm name=""/></StgValue>
</bind>
</comp>

<comp id="46" class="1001" name="const_46">
<pin_list>
<pin id="47" dir="1" index="0" bw="1" slack="0"/>
</pin_list>
<bind>
<StgValue><ssdm name=""/></StgValue>
</bind>
</comp>

<comp id="48" class="1001" name="const_48">
<pin_list>
<pin id="49" dir="1" index="0" bw="1" slack="0"/>
</pin_list>
<bind>
<StgValue><ssdm name=""/></StgValue>
</bind>
</comp>

<comp id="50" class="1001" name="const_50">
<pin_list>
<pin id="51" dir="1" index="0" bw="1" slack="0"/>
</pin_list>
<bind>
<StgValue><ssdm name=""/></StgValue>
</bind>
</comp>

<comp id="52" class="1001" name="const_52">
<pin_list>
<pin id="53" dir="1" index="0" bw="1" slack="0"/>
</pin_list>
<bind>
<StgValue><ssdm name="_ssdm_op_PartSelect.i4.i8.i32.i32"/></StgValue>
</bind>
</comp>

<comp id="54" class="1001" name="const_54">
<pin_list>
<pin id="55" dir="1" index="0" bw="1" slack="0"/>
</pin_list>
<bind>
<StgValue><ssdm name=""/></StgValue>
</bind>
</comp>

<comp id="56" class="1001" name="const_56">
<pin_list>
<pin id="57" dir="1" index="0" bw="1" slack="0"/>
</pin_list>
<bind>
<StgValue><ssdm name=""/></StgValue>
</bind>
</comp>

<comp id="58" class="1001" name="const_58">
<pin_list>
<pin id="59" dir="1" index="0" bw="1" slack="0"/>
</pin_list>
<bind>
<StgValue><ssdm name=""/></StgValue>
</bind>
</comp>

<comp id="60" class="1001" name="const_60">
<pin_list>
<pin id="61" dir="1" index="0" bw="1" slack="0"/>
</pin_list>
<bind>
<StgValue><ssdm name="_ssdm_op_PartSelect.i80.i100.i32"/></StgValue>
</bind>
</comp>

<comp id="62" class="1001" name="const_62">
<pin_list>
<pin id="63" dir="1" index="0" bw="1" slack="0"/>
</pin_list>
<bind>
<StgValue><ssdm name=""/></StgValue>
</bind>
</comp>

<comp id="64" class="1001" name="const_64">
<pin_list>
<pin id="65" dir="1" index="0" bw="1" slack="0"/>
</pin_list>
<bind>
<StgValue><ssdm name="_ssdm_op_BitConcatenate.i24.i1.i23"/></StgValue>
</bind>
</comp>

<comp id="66" class="1001" name="const_66">
<pin_list>
<pin id="67" dir="1" index="0" bw="1" slack="0"/>
</pin_list>
<bind>
<StgValue><ssdm name=""/></StgValue>
</bind>
</comp>

<comp id="68" class="1001" name="const_68">
<pin_list>
<pin id="69" dir="1" index="0" bw="1" slack="0"/>
</pin_list>
<bind>
<StgValue><ssdm name=""/></StgValue>
</bind>
</comp>

<comp id="70" class="1001" name="const_70">
<pin_list>
<pin id="71" dir="1" index="0" bw="1" slack="0"/>
</pin_list>
<bind>
<StgValue><ssdm name=""/></StgValue>
</bind>
</comp>

<comp id="72" class="1001" name="const_72">
<pin_list>
<pin id="73" dir="1" index="0" bw="1" slack="0"/>
</pin_list>
<bind>
<StgValue><ssdm name="_ssdm_op_PartSelect.i58.i80.i32.i32"/></StgValue>
</bind>
</comp>

<comp id="74" class="1001" name="const_74">
<pin_list>
<pin id="75" dir="1" index="0" bw="1" slack="0"/>
</pin_list>
<bind>
<StgValue><ssdm name=""/></StgValue>
</bind>
</comp>

<comp id="76" class="1001" name="const_76">
<pin_list>
<pin id="77" dir="1" index="0" bw="1" slack="0"/>
</pin_list>
<bind>
<StgValue><ssdm name=""/></StgValue>
</bind>
</comp>

<comp id="78" class="1001" name="const_78">
<pin_list>
<pin id="79" dir="1" index="0" bw="1" slack="0"/>
</pin_list>
<bind>
<StgValue><ssdm name="_ssdm_op_PartSelect.i3.i80.i32.i32"/></StgValue>
</bind>
</comp>

<comp id="80" class="1001" name="const_80">
<pin_list>
<pin id="81" dir="1" index="0" bw="1" slack="0"/>
</pin_list>
<bind>
<StgValue><ssdm name=""/></StgValue>
</bind>
</comp>

<comp id="82" class="1001" name="const_82">
<pin_list>
<pin id="83" dir="1" index="0" bw="1" slack="0"/>
</pin_list>
<bind>
<StgValue><ssdm name=""/></StgValue>
</bind>
</comp>

<comp id="84" class="1001" name="const_84">
<pin_list>
<pin id="85" dir="1" index="0" bw="1" slack="0"/>
</pin_list>
<bind>
<StgValue><ssdm name=""/></StgValue>
</bind>
</comp>

<comp id="86" class="1001" name="const_86">
<pin_list>
<pin id="87" dir="1" index="0" bw="1" slack="0"/>
</pin_list>
<bind>
<StgValue><ssdm name=""/></StgValue>
</bind>
</comp>

<comp id="88" class="1001" name="const_88">
<pin_list>
<pin id="89" dir="1" index="0" bw="1" slack="0"/>
</pin_list>
<bind>
<StgValue><ssdm name="_ssdm_op_PartSelect.i29.i58.i32"/></StgValue>
</bind>
</comp>

<comp id="90" class="1001" name="const_90">
<pin_list>
<pin id="91" dir="1" index="0" bw="1" slack="0"/>
</pin_list>
<bind>
<StgValue><ssdm name=""/></StgValue>
</bind>
</comp>

<comp id="92" class="1001" name="const_92">
<pin_list>
<pin id="93" dir="1" index="0" bw="1" slack="0"/>
</pin_list>
<bind>
<StgValue><ssdm name="_ssdm_op_SparseMux.ap_auto.8i1.i1.i3"/></StgValue>
</bind>
</comp>

<comp id="94" class="1001" name="const_94">
<pin_list>
<pin id="95" dir="1" index="0" bw="1" slack="0"/>
</pin_list>
<bind>
<StgValue><ssdm name=""/></StgValue>
</bind>
</comp>

<comp id="96" class="1001" name="const_96">
<pin_list>
<pin id="97" dir="1" index="0" bw="1" slack="0"/>
</pin_list>
<bind>
<StgValue><ssdm name=""/></StgValue>
</bind>
</comp>

<comp id="98" class="1001" name="const_98">
<pin_list>
<pin id="99" dir="1" index="0" bw="1" slack="0"/>
</pin_list>
<bind>
<StgValue><ssdm name=""/></StgValue>
</bind>
</comp>

<comp id="100" class="1001" name="const_100">
<pin_list>
<pin id="101" dir="1" index="0" bw="1" slack="0"/>
</pin_list>
<bind>
<StgValue><ssdm name=""/></StgValue>
</bind>
</comp>

<comp id="102" class="1001" name="const_102">
<pin_list>
<pin id="103" dir="1" index="0" bw="1" slack="0"/>
</pin_list>
<bind>
<StgValue><ssdm name=""/></StgValue>
</bind>
</comp>

<comp id="104" class="1001" name="const_104">
<pin_list>
<pin id="105" dir="1" index="0" bw="1" slack="0"/>
</pin_list>
<bind>
<StgValue><ssdm name=""/></StgValue>
</bind>
</comp>

<comp id="106" class="1001" name="const_106">
<pin_list>
<pin id="107" dir="1" index="0" bw="1" slack="0"/>
</pin_list>
<bind>
<StgValue><ssdm name=""/></StgValue>
</bind>
</comp>

<comp id="108" class="1001" name="const_108">
<pin_list>
<pin id="109" dir="1" index="0" bw="1" slack="0"/>
</pin_list>
<bind>
<StgValue><ssdm name=""/></StgValue>
</bind>
</comp>

<comp id="110" class="1001" name="const_110">
<pin_list>
<pin id="111" dir="1" index="0" bw="1" slack="0"/>
</pin_list>
<bind>
<StgValue><ssdm name=""/></StgValue>
</bind>
</comp>

<comp id="112" class="1001" name="const_112">
<pin_list>
<pin id="113" dir="1" index="0" bw="1" slack="0"/>
</pin_list>
<bind>
<StgValue><ssdm name="_ssdm_op_BitConcatenate.i4.i1.i3"/></StgValue>
</bind>
</comp>

<comp id="114" class="1001" name="const_114">
<pin_list>
<pin id="115" dir="1" index="0" bw="1" slack="0"/>
</pin_list>
<bind>
<StgValue><ssdm name="_ssdm_op_SparseMux.ap_auto.16i1.i1.i4"/></StgValue>
</bind>
</comp>

<comp id="116" class="1001" name="const_116">
<pin_list>
<pin id="117" dir="1" index="0" bw="1" slack="0"/>
</pin_list>
<bind>
<StgValue><ssdm name=""/></StgValue>
</bind>
</comp>

<comp id="118" class="1001" name="const_118">
<pin_list>
<pin id="119" dir="1" index="0" bw="1" slack="0"/>
</pin_list>
<bind>
<StgValue><ssdm name=""/></StgValue>
</bind>
</comp>

<comp id="120" class="1001" name="const_120">
<pin_list>
<pin id="121" dir="1" index="0" bw="1" slack="0"/>
</pin_list>
<bind>
<StgValue><ssdm name=""/></StgValue>
</bind>
</comp>

<comp id="122" class="1001" name="const_122">
<pin_list>
<pin id="123" dir="1" index="0" bw="1" slack="0"/>
</pin_list>
<bind>
<StgValue><ssdm name=""/></StgValue>
</bind>
</comp>

<comp id="124" class="1001" name="const_124">
<pin_list>
<pin id="125" dir="1" index="0" bw="1" slack="0"/>
</pin_list>
<bind>
<StgValue><ssdm name=""/></StgValue>
</bind>
</comp>

<comp id="126" class="1001" name="const_126">
<pin_list>
<pin id="127" dir="1" index="0" bw="1" slack="0"/>
</pin_list>
<bind>
<StgValue><ssdm name=""/></StgValue>
</bind>
</comp>

<comp id="128" class="1001" name="const_128">
<pin_list>
<pin id="129" dir="1" index="0" bw="1" slack="0"/>
</pin_list>
<bind>
<StgValue><ssdm name=""/></StgValue>
</bind>
</comp>

<comp id="130" class="1001" name="const_130">
<pin_list>
<pin id="131" dir="1" index="0" bw="1" slack="0"/>
</pin_list>
<bind>
<StgValue><ssdm name=""/></StgValue>
</bind>
</comp>

<comp id="132" class="1001" name="const_132">
<pin_list>
<pin id="133" dir="1" index="0" bw="1" slack="0"/>
</pin_list>
<bind>
<StgValue><ssdm name=""/></StgValue>
</bind>
</comp>

<comp id="134" class="1001" name="const_134">
<pin_list>
<pin id="135" dir="1" index="0" bw="1" slack="0"/>
</pin_list>
<bind>
<StgValue><ssdm name=""/></StgValue>
</bind>
</comp>

<comp id="136" class="1001" name="const_136">
<pin_list>
<pin id="137" dir="1" index="0" bw="1" slack="0"/>
</pin_list>
<bind>
<StgValue><ssdm name=""/></StgValue>
</bind>
</comp>

<comp id="138" class="1001" name="const_138">
<pin_list>
<pin id="139" dir="1" index="0" bw="1" slack="0"/>
</pin_list>
<bind>
<StgValue><ssdm name=""/></StgValue>
</bind>
</comp>

<comp id="140" class="1001" name="const_140">
<pin_list>
<pin id="141" dir="1" index="0" bw="1" slack="0"/>
</pin_list>
<bind>
<StgValue><ssdm name=""/></StgValue>
</bind>
</comp>

<comp id="142" class="1001" name="const_142">
<pin_list>
<pin id="143" dir="1" index="0" bw="1" slack="0"/>
</pin_list>
<bind>
<StgValue><ssdm name=""/></StgValue>
</bind>
</comp>

<comp id="144" class="1001" name="const_144">
<pin_list>
<pin id="145" dir="1" index="0" bw="1" slack="0"/>
</pin_list>
<bind>
<StgValue><ssdm name=""/></StgValue>
</bind>
</comp>

<comp id="146" class="1001" name="const_146">
<pin_list>
<pin id="147" dir="1" index="0" bw="1" slack="0"/>
</pin_list>
<bind>
<StgValue><ssdm name=""/></StgValue>
</bind>
</comp>

<comp id="148" class="1001" name="const_148">
<pin_list>
<pin id="149" dir="1" index="0" bw="1" slack="0"/>
</pin_list>
<bind>
<StgValue><ssdm name=""/></StgValue>
</bind>
</comp>

<comp id="150" class="1001" name="const_150">
<pin_list>
<pin id="151" dir="1" index="0" bw="1" slack="0"/>
</pin_list>
<bind>
<StgValue><ssdm name=""/></StgValue>
</bind>
</comp>

<comp id="152" class="1001" name="const_152">
<pin_list>
<pin id="153" dir="1" index="0" bw="1" slack="0"/>
</pin_list>
<bind>
<StgValue><ssdm name="_ssdm_op_BitConcatenate.i30.i29.i1"/></StgValue>
</bind>
</comp>

<comp id="154" class="1001" name="const_154">
<pin_list>
<pin id="155" dir="1" index="0" bw="1" slack="0"/>
</pin_list>
<bind>
<StgValue><ssdm name="llvm.ctlz.i30"/></StgValue>
</bind>
</comp>

<comp id="156" class="1001" name="const_156">
<pin_list>
<pin id="157" dir="1" index="0" bw="1" slack="0"/>
</pin_list>
<bind>
<StgValue><ssdm name="_ssdm_op_PartSelect.i29.i58.i32.i32"/></StgValue>
</bind>
</comp>

<comp id="158" class="1001" name="const_158">
<pin_list>
<pin id="159" dir="1" index="0" bw="1" slack="0"/>
</pin_list>
<bind>
<StgValue><ssdm name=""/></StgValue>
</bind>
</comp>

<comp id="160" class="1001" name="const_160">
<pin_list>
<pin id="161" dir="1" index="0" bw="1" slack="0"/>
</pin_list>
<bind>
<StgValue><ssdm name="_ssdm_op_BitSelect.i1.i8.i32"/></StgValue>
</bind>
</comp>

<comp id="162" class="1001" name="const_162">
<pin_list>
<pin id="163" dir="1" index="0" bw="1" slack="0"/>
</pin_list>
<bind>
<StgValue><ssdm name=""/></StgValue>
</bind>
</comp>

<comp id="164" class="1001" name="const_164">
<pin_list>
<pin id="165" dir="1" index="0" bw="1" slack="0"/>
</pin_list>
<bind>
<StgValue><ssdm name="_ssdm_op_PartSelect.i7.i32.i32.i32"/></StgValue>
</bind>
</comp>

<comp id="166" class="1001" name="const_166">
<pin_list>
<pin id="167" dir="1" index="0" bw="1" slack="0"/>
</pin_list>
<bind>
<StgValue><ssdm name=""/></StgValue>
</bind>
</comp>

<comp id="168" class="1001" name="const_168">
<pin_list>
<pin id="169" dir="1" index="0" bw="1" slack="0"/>
</pin_list>
<bind>
<StgValue><ssdm name=""/></StgValue>
</bind>
</comp>

<comp id="170" class="1001" name="const_170">
<pin_list>
<pin id="171" dir="1" index="0" bw="1" slack="0"/>
</pin_list>
<bind>
<StgValue><ssdm name="_ssdm_op_PartSelect.i15.i32.i32.i32"/></StgValue>
</bind>
</comp>

<comp id="172" class="1001" name="const_172">
<pin_list>
<pin id="173" dir="1" index="0" bw="1" slack="0"/>
</pin_list>
<bind>
<StgValue><ssdm name=""/></StgValue>
</bind>
</comp>

<comp id="174" class="1001" name="const_174">
<pin_list>
<pin id="175" dir="1" index="0" bw="1" slack="0"/>
</pin_list>
<bind>
<StgValue><ssdm name="_ssdm_op_BitConcatenate.i8.i1.i7"/></StgValue>
</bind>
</comp>

<comp id="176" class="1001" name="const_176">
<pin_list>
<pin id="177" dir="1" index="0" bw="1" slack="0"/>
</pin_list>
<bind>
<StgValue><ssdm name="_ssdm_op_PartSelect.i15.i30.i32.i32"/></StgValue>
</bind>
</comp>

<comp id="178" class="1001" name="const_178">
<pin_list>
<pin id="179" dir="1" index="0" bw="1" slack="0"/>
</pin_list>
<bind>
<StgValue><ssdm name=""/></StgValue>
</bind>
</comp>

<comp id="180" class="1001" name="const_180">
<pin_list>
<pin id="181" dir="1" index="0" bw="1" slack="0"/>
</pin_list>
<bind>
<StgValue><ssdm name="_ssdm_op_PartSelect.i29.i30.i32.i32"/></StgValue>
</bind>
</comp>

<comp id="182" class="1001" name="const_182">
<pin_list>
<pin id="183" dir="1" index="0" bw="1" slack="0"/>
</pin_list>
<bind>
<StgValue><ssdm name="_ssdm_op_PartSelect.i22.i45.i32.i32"/></StgValue>
</bind>
</comp>

<comp id="184" class="1001" name="const_184">
<pin_list>
<pin id="185" dir="1" index="0" bw="1" slack="0"/>
</pin_list>
<bind>
<StgValue><ssdm name=""/></StgValue>
</bind>
</comp>

<comp id="186" class="1001" name="const_186">
<pin_list>
<pin id="187" dir="1" index="0" bw="1" slack="0"/>
</pin_list>
<bind>
<StgValue><ssdm name="_ssdm_op_PartSelect.i14.i30.i32.i32"/></StgValue>
</bind>
</comp>

<comp id="188" class="1001" name="const_188">
<pin_list>
<pin id="189" dir="1" index="0" bw="1" slack="0"/>
</pin_list>
<bind>
<StgValue><ssdm name=""/></StgValue>
</bind>
</comp>

<comp id="190" class="1001" name="const_190">
<pin_list>
<pin id="191" dir="1" index="0" bw="1" slack="0"/>
</pin_list>
<bind>
<StgValue><ssdm name="_ssdm_op_PartSelect.i16.i58.i32.i32"/></StgValue>
</bind>
</comp>

<comp id="192" class="1001" name="const_192">
<pin_list>
<pin id="193" dir="1" index="0" bw="1" slack="0"/>
</pin_list>
<bind>
<StgValue><ssdm name=""/></StgValue>
</bind>
</comp>

<comp id="194" class="1001" name="const_194">
<pin_list>
<pin id="195" dir="1" index="0" bw="1" slack="0"/>
</pin_list>
<bind>
<StgValue><ssdm name="_ssdm_op_PartSelect.i13.i58.i32.i32"/></StgValue>
</bind>
</comp>

<comp id="196" class="1001" name="const_196">
<pin_list>
<pin id="197" dir="1" index="0" bw="1" slack="0"/>
</pin_list>
<bind>
<StgValue><ssdm name=""/></StgValue>
</bind>
</comp>

<comp id="198" class="1001" name="const_198">
<pin_list>
<pin id="199" dir="1" index="0" bw="1" slack="0"/>
</pin_list>
<bind>
<StgValue><ssdm name="_ssdm_op_PartSelect.i28.i58.i32.i32"/></StgValue>
</bind>
</comp>

<comp id="200" class="1001" name="const_200">
<pin_list>
<pin id="201" dir="1" index="0" bw="1" slack="0"/>
</pin_list>
<bind>
<StgValue><ssdm name=""/></StgValue>
</bind>
</comp>

<comp id="202" class="1001" name="const_202">
<pin_list>
<pin id="203" dir="1" index="0" bw="1" slack="0"/>
</pin_list>
<bind>
<StgValue><ssdm name="_ssdm_op_BitConcatenate.i32.i16.i16"/></StgValue>
</bind>
</comp>

<comp id="204" class="1001" name="const_204">
<pin_list>
<pin id="205" dir="1" index="0" bw="1" slack="0"/>
</pin_list>
<bind>
<StgValue><ssdm name=""/></StgValue>
</bind>
</comp>

<comp id="206" class="1001" name="const_206">
<pin_list>
<pin id="207" dir="1" index="0" bw="1" slack="0"/>
</pin_list>
<bind>
<StgValue><ssdm name="_ssdm_op_BitConcatenate.i32.i13.i19"/></StgValue>
</bind>
</comp>

<comp id="208" class="1001" name="const_208">
<pin_list>
<pin id="209" dir="1" index="0" bw="1" slack="0"/>
</pin_list>
<bind>
<StgValue><ssdm name=""/></StgValue>
</bind>
</comp>

<comp id="210" class="1001" name="const_210">
<pin_list>
<pin id="211" dir="1" index="0" bw="1" slack="0"/>
</pin_list>
<bind>
<StgValue><ssdm name="llvm.ctlz.i32"/></StgValue>
</bind>
</comp>

<comp id="212" class="1001" name="const_212">
<pin_list>
<pin id="213" dir="1" index="0" bw="1" slack="0"/>
</pin_list>
<bind>
<StgValue><ssdm name=""/></StgValue>
</bind>
</comp>

<comp id="214" class="1001" name="const_214">
<pin_list>
<pin id="215" dir="1" index="0" bw="1" slack="0"/>
</pin_list>
<bind>
<StgValue><ssdm name=""/></StgValue>
</bind>
</comp>

<comp id="216" class="1001" name="const_216">
<pin_list>
<pin id="217" dir="1" index="0" bw="1" slack="2147483647"/>
</pin_list>
<bind>
<StgValue><ssdm name="_ssdm_op_SpecPipeline"/></StgValue>
</bind>
</comp>

<comp id="218" class="1001" name="const_218">
<pin_list>
<pin id="219" dir="1" index="0" bw="1" slack="2147483647"/>
</pin_list>
<bind>
<StgValue><ssdm name="_ssdm_op_SpecLoopTripCount"/></StgValue>
</bind>
</comp>

<comp id="220" class="1001" name="const_220">
<pin_list>
<pin id="221" dir="1" index="0" bw="1" slack="2147483647"/>
</pin_list>
<bind>
<StgValue><ssdm name=""/></StgValue>
</bind>
</comp>

<comp id="222" class="1001" name="const_222">
<pin_list>
<pin id="223" dir="1" index="0" bw="1" slack="2147483647"/>
</pin_list>
<bind>
<StgValue><ssdm name="_ssdm_op_SpecLoopName"/></StgValue>
</bind>
</comp>

<comp id="224" class="1001" name="const_224">
<pin_list>
<pin id="225" dir="1" index="0" bw="1" slack="2147483647"/>
</pin_list>
<bind>
<StgValue><ssdm name="empty_3"/></StgValue>
</bind>
</comp>

<comp id="226" class="1001" name="const_226">
<pin_list>
<pin id="227" dir="1" index="0" bw="1" slack="2147483647"/>
</pin_list>
<bind>
<StgValue><ssdm name="_ssdm_op_SpecMemCore"/></StgValue>
</bind>
</comp>

<comp id="228" class="1001" name="const_228">
<pin_list>
<pin id="229" dir="1" index="0" bw="1" slack="2147483647"/>
</pin_list>
<bind>
<StgValue><ssdm name=""/></StgValue>
</bind>
</comp>

<comp id="230" class="1001" name="const_230">
<pin_list>
<pin id="231" dir="1" index="0" bw="1" slack="2147483647"/>
</pin_list>
<bind>
<StgValue><ssdm name=""/></StgValue>
</bind>
</comp>

<comp id="232" class="1001" name="const_232">
<pin_list>
<pin id="233" dir="1" index="0" bw="1" slack="2147483647"/>
</pin_list>
<bind>
<StgValue><ssdm name=""/></StgValue>
</bind>
</comp>

<comp id="234" class="1001" name="const_234">
<pin_list>
<pin id="235" dir="1" index="0" bw="1" slack="0"/>
</pin_list>
<bind>
<StgValue><ssdm name="_ssdm_op_BitConcatenate.i5.i1.i4"/></StgValue>
</bind>
</comp>

<comp id="236" class="1001" name="const_236">
<pin_list>
<pin id="237" dir="1" index="0" bw="1" slack="0"/>
</pin_list>
<bind>
<StgValue><ssdm name=""/></StgValue>
</bind>
</comp>

<comp id="238" class="1001" name="const_238">
<pin_list>
<pin id="239" dir="1" index="0" bw="1" slack="0"/>
</pin_list>
<bind>
<StgValue><ssdm name="_ssdm_op_BitSelect.i1.i9.i32"/></StgValue>
</bind>
</comp>

<comp id="240" class="1001" name="const_240">
<pin_list>
<pin id="241" dir="1" index="0" bw="1" slack="0"/>
</pin_list>
<bind>
<StgValue><ssdm name=""/></StgValue>
</bind>
</comp>

<comp id="242" class="1001" name="const_242">
<pin_list>
<pin id="243" dir="1" index="0" bw="1" slack="0"/>
</pin_list>
<bind>
<StgValue><ssdm name="_ssdm_op_PartSelect.i23.i28.i32.i32"/></StgValue>
</bind>
</comp>

<comp id="244" class="1001" name="const_244">
<pin_list>
<pin id="245" dir="1" index="0" bw="1" slack="0"/>
</pin_list>
<bind>
<StgValue><ssdm name=""/></StgValue>
</bind>
</comp>

<comp id="246" class="1001" name="const_246">
<pin_list>
<pin id="247" dir="1" index="0" bw="1" slack="0"/>
</pin_list>
<bind>
<StgValue><ssdm name=""/></StgValue>
</bind>
</comp>

<comp id="248" class="1001" name="const_248">
<pin_list>
<pin id="249" dir="1" index="0" bw="1" slack="0"/>
</pin_list>
<bind>
<StgValue><ssdm name=""/></StgValue>
</bind>
</comp>

<comp id="250" class="1001" name="const_250">
<pin_list>
<pin id="251" dir="1" index="0" bw="1" slack="0"/>
</pin_list>
<bind>
<StgValue><ssdm name=""/></StgValue>
</bind>
</comp>

<comp id="252" class="1001" name="const_252">
<pin_list>
<pin id="253" dir="1" index="0" bw="1" slack="0"/>
</pin_list>
<bind>
<StgValue><ssdm name="_ssdm_op_BitConcatenate.i32.i1.i8.i23"/></StgValue>
</bind>
</comp>

<comp id="254" class="1004" name="n_fu_254">
<pin_list>
<pin id="255" dir="0" index="0" bw="1" slack="0"/>
<pin id="256" dir="1" index="1" bw="10" slack="0"/>
</pin_list>
<bind>
<opcode="alloca(26) " fcode="alloca"/>
<opset="n/1 "/>
</bind>
</comp>

<comp id="258" class="1004" name="mul3_read_read_fu_258">
<pin_list>
<pin id="259" dir="0" index="0" bw="32" slack="0"/>
<pin id="260" dir="0" index="1" bw="32" slack="0"/>
<pin id="261" dir="1" index="2" bw="32" slack="23"/>
</pin_list>
<bind>
<opcode="read(1150) " fcode="read"/>
<opset="mul3_read/1 "/>
</bind>
</comp>

<comp id="264" class="1004" name="f0_read_read_fu_264">
<pin_list>
<pin id="265" dir="0" index="0" bw="32" slack="0"/>
<pin id="266" dir="0" index="1" bw="32" slack="0"/>
<pin id="267" dir="1" index="2" bw="32" slack="27"/>
</pin_list>
<bind>
<opcode="read(1150) " fcode="read"/>
<opset="f0_read/1 "/>
</bind>
</comp>

<comp id="270" class="1004" name="fs_read_read_fu_270">
<pin_list>
<pin id="271" dir="0" index="0" bw="32" slack="0"/>
<pin id="272" dir="0" index="1" bw="32" slack="0"/>
<pin id="273" dir="1" index="2" bw="32" slack="7"/>
</pin_list>
<bind>
<opcode="read(1150) " fcode="read"/>
<opset="fs_read/1 "/>
</bind>
</comp>

<comp id="276" class="1004" name="ref_4oPi_table_100_addr_gep_fu_276">
<pin_list>
<pin id="277" dir="0" index="0" bw="100" slack="0"/>
<pin id="278" dir="0" index="1" bw="1" slack="0"/>
<pin id="279" dir="0" index="2" bw="4" slack="0"/>
<pin id="280" dir="1" index="3" bw="4" slack="0"/>
</pin_list>
<bind>
<opcode="getelementptr(29) " fcode="getelementptr"/>
<opset="ref_4oPi_table_100_addr/48 "/>
</bind>
</comp>

<comp id="283" class="1004" name="grp_access_fu_283">
<pin_list>
<pin id="284" dir="0" index="0" bw="4" slack="0"/>
<pin id="285" dir="0" index="1" bw="100" slack="2147483647"/>
<pin id="286" dir="0" index="2" bw="0" slack="2147483647"/>
<pin id="287" dir="1" index="3" bw="100" slack="0"/>
</pin_list>
<bind>
<opcode="load(27) " fcode="load"/>
<opset="table_100/48 "/>
</bind>
</comp>

<comp id="289" class="1004" name="second_order_float_sin_cos_K0_addr_gep_fu_289">
<pin_list>
<pin id="290" dir="0" index="0" bw="30" slack="0"/>
<pin id="291" dir="0" index="1" bw="1" slack="0"/>
<pin id="292" dir="0" index="2" bw="8" slack="0"/>
<pin id="293" dir="1" index="3" bw="8" slack="0"/>
</pin_list>
<bind>
<opcode="getelementptr(29) " fcode="getelementptr"/>
<opset="second_order_float_sin_cos_K0_addr/58 "/>
</bind>
</comp>

<comp id="296" class="1004" name="grp_access_fu_296">
<pin_list>
<pin id="297" dir="0" index="0" bw="8" slack="0"/>
<pin id="298" dir="0" index="1" bw="30" slack="2147483647"/>
<pin id="299" dir="0" index="2" bw="0" slack="2147483647"/>
<pin id="300" dir="1" index="3" bw="30" slack="0"/>
</pin_list>
<bind>
<opcode="load(27) " fcode="load"/>
<opset="second_order_float_sin_cos_K0_load/58 "/>
</bind>
</comp>

<comp id="302" class="1004" name="second_order_float_sin_cos_K1_addr_gep_fu_302">
<pin_list>
<pin id="303" dir="0" index="0" bw="23" slack="0"/>
<pin id="304" dir="0" index="1" bw="1" slack="0"/>
<pin id="305" dir="0" index="2" bw="8" slack="0"/>
<pin id="306" dir="1" index="3" bw="8" slack="0"/>
</pin_list>
<bind>
<opcode="getelementptr(29) " fcode="getelementptr"/>
<opset="second_order_float_sin_cos_K1_addr/58 "/>
</bind>
</comp>

<comp id="309" class="1004" name="grp_access_fu_309">
<pin_list>
<pin id="310" dir="0" index="0" bw="8" slack="0"/>
<pin id="311" dir="0" index="1" bw="23" slack="2147483647"/>
<pin id="312" dir="0" index="2" bw="0" slack="2147483647"/>
<pin id="313" dir="1" index="3" bw="23" slack="1"/>
</pin_list>
<bind>
<opcode="load(27) " fcode="load"/>
<opset="second_order_float_sin_cos_K1_load/58 "/>
</bind>
</comp>

<comp id="315" class="1004" name="second_order_float_sin_cos_K2_addr_gep_fu_315">
<pin_list>
<pin id="316" dir="0" index="0" bw="15" slack="0"/>
<pin id="317" dir="0" index="1" bw="1" slack="0"/>
<pin id="318" dir="0" index="2" bw="8" slack="0"/>
<pin id="319" dir="1" index="3" bw="8" slack="0"/>
</pin_list>
<bind>
<opcode="getelementptr(29) " fcode="getelementptr"/>
<opset="second_order_float_sin_cos_K2_addr/58 "/>
</bind>
</comp>

<comp id="322" class="1004" name="grp_access_fu_322">
<pin_list>
<pin id="323" dir="0" index="0" bw="8" slack="0"/>
<pin id="324" dir="0" index="1" bw="15" slack="2147483647"/>
<pin id="325" dir="0" index="2" bw="0" slack="2147483647"/>
<pin id="326" dir="1" index="3" bw="15" slack="1"/>
</pin_list>
<bind>
<opcode="load(27) " fcode="load"/>
<opset="second_order_float_sin_cos_K2_load/58 "/>
</bind>
</comp>

<comp id="328" class="1004" name="out_r_addr_gep_fu_328">
<pin_list>
<pin id="329" dir="0" index="0" bw="32" slack="0"/>
<pin id="330" dir="0" index="1" bw="1" slack="0"/>
<pin id="331" dir="0" index="2" bw="10" slack="0"/>
<pin id="332" dir="1" index="3" bw="10" slack="0"/>
</pin_list>
<bind>
<opcode="getelementptr(29) " fcode="getelementptr"/>
<opset="out_r_addr/65 "/>
</bind>
</comp>

<comp id="335" class="1004" name="store_ln27_access_fu_335">
<pin_list>
<pin id="336" dir="0" index="0" bw="10" slack="0"/>
<pin id="337" dir="0" index="1" bw="32" slack="0"/>
<pin id="338" dir="0" index="2" bw="0" slack="2147483647"/>
<pin id="339" dir="1" index="3" bw="32" slack="2147483647"/>
</pin_list>
<bind>
<opcode="store(28) " fcode="store"/>
<opset="store_ln27/65 "/>
</bind>
</comp>

<comp id="341" class="1004" name="grp_fu_341">
<pin_list>
<pin id="342" dir="0" index="0" bw="32" slack="1"/>
<pin id="343" dir="0" index="1" bw="32" slack="1"/>
<pin id="344" dir="1" index="2" bw="32" slack="1"/>
</pin_list>
<bind>
<opcode="fadd(9) " fcode="fadd"/>
<opset="add/32 "/>
</bind>
</comp>

<comp id="345" class="1004" name="grp_fu_345">
<pin_list>
<pin id="346" dir="0" index="0" bw="32" slack="23"/>
<pin id="347" dir="0" index="1" bw="32" slack="1"/>
<pin id="348" dir="1" index="2" bw="32" slack="1"/>
</pin_list>
<bind>
<opcode="fmul(13) " fcode="fmul"/>
<opset="mul4/24 "/>
</bind>
</comp>

<comp id="349" class="1004" name="grp_fu_349">
<pin_list>
<pin id="350" dir="0" index="0" bw="32" slack="5"/>
<pin id="351" dir="0" index="1" bw="32" slack="27"/>
<pin id="352" dir="1" index="2" bw="32" slack="1"/>
</pin_list>
<bind>
<opcode="fmul(13) " fcode="fmul"/>
<opset="mul/28 "/>
</bind>
</comp>

<comp id="353" class="1004" name="grp_fu_353">
<pin_list>
<pin id="354" dir="0" index="0" bw="32" slack="1"/>
<pin id="355" dir="0" index="1" bw="32" slack="5"/>
<pin id="356" dir="1" index="2" bw="32" slack="1"/>
</pin_list>
<bind>
<opcode="fmul(13) " fcode="fmul"/>
<opset="mul5/28 "/>
</bind>
</comp>

<comp id="357" class="1004" name="grp_fu_357">
<pin_list>
<pin id="358" dir="0" index="0" bw="32" slack="1"/>
<pin id="359" dir="0" index="1" bw="32" slack="7"/>
<pin id="360" dir="1" index="2" bw="32" slack="1"/>
</pin_list>
<bind>
<opcode="fdiv(16) " fcode="fdiv"/>
<opset="t/8 "/>
</bind>
</comp>

<comp id="361" class="1004" name="grp_fu_361">
<pin_list>
<pin id="362" dir="0" index="0" bw="10" slack="0"/>
<pin id="363" dir="1" index="1" bw="32" slack="1"/>
</pin_list>
<bind>
<opcode="sitofp(39) " fcode="sitofp"/>
<opset="conv/2 "/>
</bind>
</comp>

<comp id="364" class="1004" name="grp_fu_364">
<pin_list>
<pin id="365" dir="0" index="0" bw="64" slack="1"/>
<pin id="366" dir="1" index="1" bw="32" slack="1"/>
</pin_list>
<bind>
<opcode="fptrunc(40) " fcode="fptrunc"/>
<opset="phase/46 "/>
</bind>
</comp>

<comp id="367" class="1004" name="grp_fu_367">
<pin_list>
<pin id="368" dir="0" index="0" bw="32" slack="1"/>
<pin id="369" dir="1" index="1" bw="64" slack="1"/>
</pin_list>
<bind>
<opcode="fpext(41) " fcode="fpext"/>
<opset="conv6/37 "/>
</bind>
</comp>

<comp id="370" class="1004" name="grp_fu_370">
<pin_list>
<pin id="371" dir="0" index="0" bw="64" slack="1"/>
<pin id="372" dir="0" index="1" bw="64" slack="0"/>
<pin id="373" dir="1" index="2" bw="64" slack="1"/>
</pin_list>
<bind>
<opcode="dmul(510) " fcode="dmul"/>
<opset="mul7/39 "/>
</bind>
</comp>

<comp id="375" class="1004" name="mul_ln29_fu_375">
<pin_list>
<pin id="376" dir="0" index="0" bw="23" slack="0"/>
<pin id="377" dir="0" index="1" bw="22" slack="0"/>
<pin id="378" dir="1" index="2" bw="45" slack="0"/>
</pin_list>
<bind>
<opcode="mul(12) " fcode="mul"/>
<opset="mul_ln29/60 "/>
</bind>
</comp>

<comp id="379" class="1004" name="grp_fu_379">
<pin_list>
<pin id="380" dir="0" index="0" bw="30" slack="0"/>
<pin id="381" dir="0" index="1" bw="29" slack="0"/>
<pin id="382" dir="1" index="2" bw="58" slack="0"/>
</pin_list>
<bind>
<opcode="mul(12) " fcode="mul"/>
<opset="mul_ln32/62 "/>
</bind>
</comp>

<comp id="383" class="1004" name="grp_fu_383">
<pin_list>
<pin id="384" dir="0" index="0" bw="80" slack="1"/>
<pin id="385" dir="0" index="1" bw="24" slack="0"/>
<pin id="386" dir="1" index="2" bw="80" slack="0"/>
</pin_list>
<bind>
<opcode="mul(12) " fcode="mul"/>
<opset="h/50 "/>
</bind>
</comp>

<comp id="387" class="1004" name="store_ln17_store_fu_387">
<pin_list>
<pin id="388" dir="0" index="0" bw="1" slack="0"/>
<pin id="389" dir="0" index="1" bw="10" slack="0"/>
<pin id="390" dir="1" index="2" bw="0" slack="2147483647"/>
</pin_list>
<bind>
<opcode="store(28) " fcode="store"/>
<opset="store_ln17/1 "/>
</bind>
</comp>

<comp id="392" class="1004" name="n_1_load_fu_392">
<pin_list>
<pin id="393" dir="0" index="0" bw="10" slack="0"/>
<pin id="394" dir="1" index="1" bw="10" slack="0"/>
</pin_list>
<bind>
<opcode="load(27) " fcode="load"/>
<opset="n_1/1 "/>
</bind>
</comp>

<comp id="395" class="1004" name="n_3_fu_395">
<pin_list>
<pin id="396" dir="0" index="0" bw="10" slack="0"/>
<pin id="397" dir="0" index="1" bw="1" slack="0"/>
<pin id="398" dir="1" index="2" bw="10" slack="0"/>
</pin_list>
<bind>
<opcode="add(8) " fcode="add"/>
<opset="n_3/1 "/>
</bind>
</comp>

<comp id="401" class="1004" name="icmp_ln17_fu_401">
<pin_list>
<pin id="402" dir="0" index="0" bw="10" slack="0"/>
<pin id="403" dir="0" index="1" bw="1" slack="0"/>
<pin id="404" dir="1" index="2" bw="1" slack="64"/>
</pin_list>
<bind>
<opcode="icmp(45) " fcode="icmp"/>
<opset="icmp_ln17/1 "/>
</bind>
</comp>

<comp id="407" class="1004" name="store_ln17_store_fu_407">
<pin_list>
<pin id="408" dir="0" index="0" bw="10" slack="0"/>
<pin id="409" dir="0" index="1" bw="10" slack="0"/>
<pin id="410" dir="1" index="2" bw="0" slack="2147483647"/>
</pin_list>
<bind>
<opcode="store(28) " fcode="store"/>
<opset="store_ln17/1 "/>
</bind>
</comp>

<comp id="412" class="1004" name="zext_ln21_fu_412">
<pin_list>
<pin id="413" dir="0" index="0" bw="10" slack="1"/>
<pin id="414" dir="1" index="1" bw="32" slack="0"/>
</pin_list>
<bind>
<opcode="zext(34) " fcode="zext"/>
<opset="zext_ln21/2 "/>
</bind>
</comp>

<comp id="416" class="1004" name="data_fu_416">
<pin_list>
<pin id="417" dir="0" index="0" bw="32" slack="1"/>
<pin id="418" dir="1" index="1" bw="32" slack="0"/>
</pin_list>
<bind>
<opcode="bitcast(44) " fcode="bitcast"/>
<opset="data/48 "/>
</bind>
</comp>

<comp id="419" class="1004" name="din_sign_fu_419">
<pin_list>
<pin id="420" dir="0" index="0" bw="1" slack="0"/>
<pin id="421" dir="0" index="1" bw="32" slack="0"/>
<pin id="422" dir="0" index="2" bw="6" slack="0"/>
<pin id="423" dir="1" index="3" bw="1" slack="7"/>
</pin_list>
<bind>
<opcode="bitselect(1000) " fcode="bitselect"/>
<opset="din_sign/48 "/>
</bind>
</comp>

<comp id="427" class="1004" name="din_exp_fu_427">
<pin_list>
<pin id="428" dir="0" index="0" bw="8" slack="0"/>
<pin id="429" dir="0" index="1" bw="32" slack="0"/>
<pin id="430" dir="0" index="2" bw="6" slack="0"/>
<pin id="431" dir="1" index="3" bw="8" slack="0"/>
</pin_list>
<bind>
<opcode="partselect(1002) " fcode="partselect"/>
<opset="din_exp/48 "/>
</bind>
</comp>

<comp id="435" class="1004" name="din_sig_fu_435">
<pin_list>
<pin id="436" dir="0" index="0" bw="32" slack="0"/>
<pin id="437" dir="1" index="1" bw="23" slack="2"/>
</pin_list>
<bind>
<opcode="trunc(33) " fcode="trunc"/>
<opset="din_sig/48 "/>
</bind>
</comp>

<comp id="439" class="1004" name="closepath_fu_439">
<pin_list>
<pin id="440" dir="0" index="0" bw="8" slack="0"/>
<pin id="441" dir="0" index="1" bw="8" slack="0"/>
<pin id="442" dir="1" index="2" bw="1" slack="0"/>
</pin_list>
<bind>
<opcode="icmp(45) " fcode="icmp"/>
<opset="closepath/48 "/>
</bind>
</comp>

<comp id="445" class="1004" name="add_ln376_fu_445">
<pin_list>
<pin id="446" dir="0" index="0" bw="8" slack="0"/>
<pin id="447" dir="0" index="1" bw="7" slack="0"/>
<pin id="448" dir="1" index="2" bw="8" slack="0"/>
</pin_list>
<bind>
<opcode="add(8) " fcode="add"/>
<opset="add_ln376/48 "/>
</bind>
</comp>

<comp id="451" class="1004" name="addr_fu_451">
<pin_list>
<pin id="452" dir="0" index="0" bw="1" slack="0"/>
<pin id="453" dir="0" index="1" bw="7" slack="0"/>
<pin id="454" dir="0" index="2" bw="8" slack="0"/>
<pin id="455" dir="1" index="3" bw="8" slack="0"/>
</pin_list>
<bind>
<opcode="select(49) " fcode="select"/>
<opset="addr/48 "/>
</bind>
</comp>

<comp id="459" class="1004" name="lshr_ln_fu_459">
<pin_list>
<pin id="460" dir="0" index="0" bw="4" slack="0"/>
<pin id="461" dir="0" index="1" bw="8" slack="0"/>
<pin id="462" dir="0" index="2" bw="4" slack="0"/>
<pin id="463" dir="0" index="3" bw="4" slack="0"/>
<pin id="464" dir="1" index="4" bw="4" slack="0"/>
</pin_list>
<bind>
<opcode="partselect(1002) " fcode="partselect"/>
<opset="lshr_ln/48 "/>
</bind>
</comp>

<comp id="469" class="1004" name="zext_ln378_fu_469">
<pin_list>
<pin id="470" dir="0" index="0" bw="4" slack="0"/>
<pin id="471" dir="1" index="1" bw="64" slack="0"/>
</pin_list>
<bind>
<opcode="zext(34) " fcode="zext"/>
<opset="zext_ln378/48 "/>
</bind>
</comp>

<comp id="474" class="1004" name="trunc_ln379_fu_474">
<pin_list>
<pin id="475" dir="0" index="0" bw="8" slack="0"/>
<pin id="476" dir="1" index="1" bw="4" slack="1"/>
</pin_list>
<bind>
<opcode="trunc(33) " fcode="trunc"/>
<opset="trunc_ln379/48 "/>
</bind>
</comp>

<comp id="478" class="1004" name="zext_ln379_fu_478">
<pin_list>
<pin id="479" dir="0" index="0" bw="4" slack="1"/>
<pin id="480" dir="1" index="1" bw="100" slack="0"/>
</pin_list>
<bind>
<opcode="zext(34) " fcode="zext"/>
<opset="zext_ln379/49 "/>
</bind>
</comp>

<comp id="481" class="1004" name="shl_ln379_fu_481">
<pin_list>
<pin id="482" dir="0" index="0" bw="100" slack="0"/>
<pin id="483" dir="0" index="1" bw="4" slack="0"/>
<pin id="484" dir="1" index="2" bw="100" slack="0"/>
</pin_list>
<bind>
<opcode="shl(20) " fcode="shl"/>
<opset="shl_ln379/49 "/>
</bind>
</comp>

<comp id="487" class="1004" name="Med_fu_487">
<pin_list>
<pin id="488" dir="0" index="0" bw="80" slack="0"/>
<pin id="489" dir="0" index="1" bw="100" slack="0"/>
<pin id="490" dir="0" index="2" bw="6" slack="0"/>
<pin id="491" dir="1" index="3" bw="80" slack="1"/>
</pin_list>
<bind>
<opcode="partselect(1002) " fcode="partselect"/>
<opset="Med/49 "/>
</bind>
</comp>

<comp id="495" class="1004" name="X_fu_495">
<pin_list>
<pin id="496" dir="0" index="0" bw="24" slack="0"/>
<pin id="497" dir="0" index="1" bw="1" slack="0"/>
<pin id="498" dir="0" index="2" bw="23" slack="2"/>
<pin id="499" dir="1" index="3" bw="24" slack="0"/>
</pin_list>
<bind>
<opcode="bitconcatenate(1004) " fcode="bitconcatenate"/>
<opset="X/50 "/>
</bind>
</comp>

<comp id="502" class="1004" name="zext_ln468_fu_502">
<pin_list>
<pin id="503" dir="0" index="0" bw="24" slack="0"/>
<pin id="504" dir="1" index="1" bw="80" slack="0"/>
</pin_list>
<bind>
<opcode="zext(34) " fcode="zext"/>
<opset="zext_ln468/50 "/>
</bind>
</comp>

<comp id="507" class="1004" name="icmp_ln271_fu_507">
<pin_list>
<pin id="508" dir="0" index="0" bw="8" slack="2"/>
<pin id="509" dir="0" index="1" bw="1" slack="0"/>
<pin id="510" dir="1" index="2" bw="1" slack="0"/>
</pin_list>
<bind>
<opcode="icmp(45) " fcode="icmp"/>
<opset="icmp_ln271/50 "/>
</bind>
</comp>

<comp id="512" class="1004" name="icmp_ln271_1_fu_512">
<pin_list>
<pin id="513" dir="0" index="0" bw="23" slack="2"/>
<pin id="514" dir="0" index="1" bw="1" slack="0"/>
<pin id="515" dir="1" index="2" bw="1" slack="0"/>
</pin_list>
<bind>
<opcode="icmp(45) " fcode="icmp"/>
<opset="icmp_ln271_1/50 "/>
</bind>
</comp>

<comp id="517" class="1004" name="and_ln271_fu_517">
<pin_list>
<pin id="518" dir="0" index="0" bw="1" slack="0"/>
<pin id="519" dir="0" index="1" bw="1" slack="0"/>
<pin id="520" dir="1" index="2" bw="1" slack="5"/>
</pin_list>
<bind>
<opcode="and(23) " fcode="and"/>
<opset="and_ln271/50 "/>
</bind>
</comp>

<comp id="523" class="1004" name="Mx_bits_fu_523">
<pin_list>
<pin id="524" dir="0" index="0" bw="58" slack="0"/>
<pin id="525" dir="0" index="1" bw="80" slack="0"/>
<pin id="526" dir="0" index="2" bw="6" slack="0"/>
<pin id="527" dir="0" index="3" bw="8" slack="0"/>
<pin id="528" dir="1" index="4" bw="58" slack="1"/>
</pin_list>
<bind>
<opcode="partselect(1002) " fcode="partselect"/>
<opset="Mx_bits/54 "/>
</bind>
</comp>

<comp id="533" class="1004" name="trunc_ln_i_fu_533">
<pin_list>
<pin id="534" dir="0" index="0" bw="3" slack="0"/>
<pin id="535" dir="0" index="1" bw="80" slack="0"/>
<pin id="536" dir="0" index="2" bw="8" slack="0"/>
<pin id="537" dir="0" index="3" bw="8" slack="0"/>
<pin id="538" dir="1" index="4" bw="3" slack="1"/>
</pin_list>
<bind>
<opcode="partselect(1002) " fcode="partselect"/>
<opset="trunc_ln_i/54 "/>
</bind>
</comp>

<comp id="543" class="1004" name="k_fu_543">
<pin_list>
<pin id="544" dir="0" index="0" bw="1" slack="7"/>
<pin id="545" dir="0" index="1" bw="1" slack="0"/>
<pin id="546" dir="0" index="2" bw="3" slack="1"/>
<pin id="547" dir="1" index="3" bw="3" slack="0"/>
</pin_list>
<bind>
<opcode="select(49) " fcode="select"/>
<opset="k/55 "/>
</bind>
</comp>

<comp id="549" class="1004" name="trunc_ln491_fu_549">
<pin_list>
<pin id="550" dir="0" index="0" bw="3" slack="0"/>
<pin id="551" dir="1" index="1" bw="1" slack="0"/>
</pin_list>
<bind>
<opcode="trunc(33) " fcode="trunc"/>
<opset="trunc_ln491/55 "/>
</bind>
</comp>

<comp id="553" class="1004" name="Mx_bits_1_fu_553">
<pin_list>
<pin id="554" dir="0" index="0" bw="1" slack="0"/>
<pin id="555" dir="0" index="1" bw="58" slack="1"/>
<pin id="556" dir="1" index="2" bw="58" slack="0"/>
</pin_list>
<bind>
<opcode="sub(10) " fcode="sub"/>
<opset="Mx_bits_1/55 "/>
</bind>
</comp>

<comp id="558" class="1004" name="Mx_bits_3_fu_558">
<pin_list>
<pin id="559" dir="0" index="0" bw="1" slack="0"/>
<pin id="560" dir="0" index="1" bw="58" slack="0"/>
<pin id="561" dir="0" index="2" bw="58" slack="1"/>
<pin id="562" dir="1" index="3" bw="58" slack="0"/>
</pin_list>
<bind>
<opcode="select(49) " fcode="select"/>
<opset="Mx_bits_3/55 "/>
</bind>
</comp>

<comp id="565" class="1004" name="tmp_7_i_fu_565">
<pin_list>
<pin id="566" dir="0" index="0" bw="29" slack="0"/>
<pin id="567" dir="0" index="1" bw="58" slack="0"/>
<pin id="568" dir="0" index="2" bw="6" slack="0"/>
<pin id="569" dir="1" index="3" bw="29" slack="1"/>
</pin_list>
<bind>
<opcode="partselect(1002) " fcode="partselect"/>
<opset="tmp_7_i/55 "/>
</bind>
</comp>

<comp id="573" class="1004" name="sin_basis_fu_573">
<pin_list>
<pin id="574" dir="0" index="0" bw="1" slack="0"/>
<pin id="575" dir="0" index="1" bw="3" slack="0"/>
<pin id="576" dir="0" index="2" bw="1" slack="0"/>
<pin id="577" dir="0" index="3" bw="3" slack="0"/>
<pin id="578" dir="0" index="4" bw="1" slack="0"/>
<pin id="579" dir="0" index="5" bw="3" slack="0"/>
<pin id="580" dir="0" index="6" bw="1" slack="0"/>
<pin id="581" dir="0" index="7" bw="3" slack="0"/>
<pin id="582" dir="0" index="8" bw="1" slack="0"/>
<pin id="583" dir="0" index="9" bw="3" slack="0"/>
<pin id="584" dir="0" index="10" bw="1" slack="0"/>
<pin id="585" dir="0" index="11" bw="3" slack="0"/>
<pin id="586" dir="0" index="12" bw="1" slack="0"/>
<pin id="587" dir="0" index="13" bw="3" slack="0"/>
<pin id="588" dir="0" index="14" bw="1" slack="0"/>
<pin id="589" dir="0" index="15" bw="3" slack="0"/>
<pin id="590" dir="0" index="16" bw="1" slack="0"/>
<pin id="591" dir="0" index="17" bw="1" slack="0"/>
<pin id="592" dir="0" index="18" bw="3" slack="0"/>
<pin id="593" dir="1" index="19" bw="1" slack="0"/>
</pin_list>
<bind>
<opcode="sparsemux(1197) " fcode="sparsemux"/>
<opset="sin_basis/55 "/>
</bind>
</comp>

<comp id="613" class="1004" name="index_fu_613">
<pin_list>
<pin id="614" dir="0" index="0" bw="4" slack="0"/>
<pin id="615" dir="0" index="1" bw="1" slack="7"/>
<pin id="616" dir="0" index="2" bw="3" slack="0"/>
<pin id="617" dir="1" index="3" bw="4" slack="0"/>
</pin_list>
<bind>
<opcode="bitconcatenate(1004) " fcode="bitconcatenate"/>
<opset="index/55 "/>
</bind>
</comp>

<comp id="620" class="1004" name="tmp_4_i_fu_620">
<pin_list>
<pin id="621" dir="0" index="0" bw="1" slack="0"/>
<pin id="622" dir="0" index="1" bw="4" slack="0"/>
<pin id="623" dir="0" index="2" bw="1" slack="0"/>
<pin id="624" dir="0" index="3" bw="4" slack="0"/>
<pin id="625" dir="0" index="4" bw="1" slack="0"/>
<pin id="626" dir="0" index="5" bw="4" slack="0"/>
<pin id="627" dir="0" index="6" bw="1" slack="0"/>
<pin id="628" dir="0" index="7" bw="4" slack="0"/>
<pin id="629" dir="0" index="8" bw="1" slack="0"/>
<pin id="630" dir="0" index="9" bw="4" slack="0"/>
<pin id="631" dir="0" index="10" bw="1" slack="0"/>
<pin id="632" dir="0" index="11" bw="4" slack="0"/>
<pin id="633" dir="0" index="12" bw="1" slack="0"/>
<pin id="634" dir="0" index="13" bw="4" slack="0"/>
<pin id="635" dir="0" index="14" bw="1" slack="0"/>
<pin id="636" dir="0" index="15" bw="4" slack="0"/>
<pin id="637" dir="0" index="16" bw="1" slack="0"/>
<pin id="638" dir="0" index="17" bw="4" slack="0"/>
<pin id="639" dir="0" index="18" bw="1" slack="0"/>
<pin id="640" dir="0" index="19" bw="4" slack="0"/>
<pin id="641" dir="0" index="20" bw="1" slack="0"/>
<pin id="642" dir="0" index="21" bw="4" slack="0"/>
<pin id="643" dir="0" index="22" bw="1" slack="0"/>
<pin id="644" dir="0" index="23" bw="4" slack="0"/>
<pin id="645" dir="0" index="24" bw="1" slack="0"/>
<pin id="646" dir="0" index="25" bw="4" slack="0"/>
<pin id="647" dir="0" index="26" bw="1" slack="0"/>
<pin id="648" dir="0" index="27" bw="4" slack="0"/>
<pin id="649" dir="0" index="28" bw="1" slack="0"/>
<pin id="650" dir="0" index="29" bw="4" slack="0"/>
<pin id="651" dir="0" index="30" bw="1" slack="0"/>
<pin id="652" dir="0" index="31" bw="4" slack="0"/>
<pin id="653" dir="0" index="32" bw="1" slack="0"/>
<pin id="654" dir="0" index="33" bw="1" slack="0"/>
<pin id="655" dir="0" index="34" bw="4" slack="0"/>
<pin id="656" dir="1" index="35" bw="1" slack="0"/>
</pin_list>
<bind>
<opcode="sparsemux(1197) " fcode="sparsemux"/>
<opset="tmp_4_i/55 "/>
</bind>
</comp>

<comp id="692" class="1004" name="tmp_8_i_fu_692">
<pin_list>
<pin id="693" dir="0" index="0" bw="1" slack="0"/>
<pin id="694" dir="0" index="1" bw="4" slack="0"/>
<pin id="695" dir="0" index="2" bw="1" slack="0"/>
<pin id="696" dir="0" index="3" bw="4" slack="0"/>
<pin id="697" dir="0" index="4" bw="1" slack="0"/>
<pin id="698" dir="0" index="5" bw="4" slack="0"/>
<pin id="699" dir="0" index="6" bw="1" slack="0"/>
<pin id="700" dir="0" index="7" bw="4" slack="0"/>
<pin id="701" dir="0" index="8" bw="1" slack="0"/>
<pin id="702" dir="0" index="9" bw="4" slack="0"/>
<pin id="703" dir="0" index="10" bw="1" slack="0"/>
<pin id="704" dir="0" index="11" bw="4" slack="0"/>
<pin id="705" dir="0" index="12" bw="1" slack="0"/>
<pin id="706" dir="0" index="13" bw="4" slack="0"/>
<pin id="707" dir="0" index="14" bw="1" slack="0"/>
<pin id="708" dir="0" index="15" bw="4" slack="0"/>
<pin id="709" dir="0" index="16" bw="1" slack="0"/>
<pin id="710" dir="0" index="17" bw="4" slack="0"/>
<pin id="711" dir="0" index="18" bw="1" slack="0"/>
<pin id="712" dir="0" index="19" bw="4" slack="0"/>
<pin id="713" dir="0" index="20" bw="1" slack="0"/>
<pin id="714" dir="0" index="21" bw="4" slack="0"/>
<pin id="715" dir="0" index="22" bw="1" slack="0"/>
<pin id="716" dir="0" index="23" bw="4" slack="0"/>
<pin id="717" dir="0" index="24" bw="1" slack="0"/>
<pin id="718" dir="0" index="25" bw="4" slack="0"/>
<pin id="719" dir="0" index="26" bw="1" slack="0"/>
<pin id="720" dir="0" index="27" bw="4" slack="0"/>
<pin id="721" dir="0" index="28" bw="1" slack="0"/>
<pin id="722" dir="0" index="29" bw="4" slack="0"/>
<pin id="723" dir="0" index="30" bw="1" slack="0"/>
<pin id="724" dir="0" index="31" bw="4" slack="0"/>
<pin id="725" dir="0" index="32" bw="1" slack="0"/>
<pin id="726" dir="0" index="33" bw="1" slack="0"/>
<pin id="727" dir="0" index="34" bw="4" slack="0"/>
<pin id="728" dir="1" index="35" bw="1" slack="0"/>
</pin_list>
<bind>
<opcode="sparsemux(1197) " fcode="sparsemux"/>
<opset="tmp_8_i/55 "/>
</bind>
</comp>

<comp id="764" class="1004" name="results_sign_fu_764">
<pin_list>
<pin id="765" dir="0" index="0" bw="1" slack="0"/>
<pin id="766" dir="0" index="1" bw="1" slack="0"/>
<pin id="767" dir="0" index="2" bw="1" slack="0"/>
<pin id="768" dir="1" index="3" bw="1" slack="0"/>
</pin_list>
<bind>
<opcode="select(49) " fcode="select"/>
<opset="results_sign/55 "/>
</bind>
</comp>

<comp id="772" class="1004" name="icmp_ln282_fu_772">
<pin_list>
<pin id="773" dir="0" index="0" bw="8" slack="7"/>
<pin id="774" dir="0" index="1" bw="1" slack="0"/>
<pin id="775" dir="1" index="2" bw="1" slack="0"/>
</pin_list>
<bind>
<opcode="icmp(45) " fcode="icmp"/>
<opset="icmp_ln282/55 "/>
</bind>
</comp>

<comp id="777" class="1004" name="xor_ln282_fu_777">
<pin_list>
<pin id="778" dir="0" index="0" bw="1" slack="0"/>
<pin id="779" dir="0" index="1" bw="1" slack="0"/>
<pin id="780" dir="1" index="2" bw="1" slack="0"/>
</pin_list>
<bind>
<opcode="xor(25) " fcode="xor"/>
<opset="xor_ln282/55 "/>
</bind>
</comp>

<comp id="783" class="1004" name="results_sign_1_fu_783">
<pin_list>
<pin id="784" dir="0" index="0" bw="1" slack="0"/>
<pin id="785" dir="0" index="1" bw="1" slack="0"/>
<pin id="786" dir="1" index="2" bw="1" slack="0"/>
</pin_list>
<bind>
<opcode="and(23) " fcode="and"/>
<opset="results_sign_1/55 "/>
</bind>
</comp>

<comp id="789" class="1004" name="not_and_ln271_i_fu_789">
<pin_list>
<pin id="790" dir="0" index="0" bw="1" slack="5"/>
<pin id="791" dir="0" index="1" bw="1" slack="0"/>
<pin id="792" dir="1" index="2" bw="1" slack="0"/>
</pin_list>
<bind>
<opcode="xor(25) " fcode="xor"/>
<opset="not_and_ln271_i/55 "/>
</bind>
</comp>

<comp id="794" class="1004" name="results_sign_2_fu_794">
<pin_list>
<pin id="795" dir="0" index="0" bw="1" slack="0"/>
<pin id="796" dir="0" index="1" bw="1" slack="0"/>
<pin id="797" dir="1" index="2" bw="1" slack="10"/>
</pin_list>
<bind>
<opcode="and(23) " fcode="and"/>
<opset="results_sign_2/55 "/>
</bind>
</comp>

<comp id="800" class="1004" name="Ex_fu_800">
<pin_list>
<pin id="801" dir="0" index="0" bw="8" slack="8"/>
<pin id="802" dir="0" index="1" bw="8" slack="0"/>
<pin id="803" dir="1" index="2" bw="8" slack="0"/>
</pin_list>
<bind>
<opcode="add(8) " fcode="add"/>
<opset="Ex/56 "/>
</bind>
</comp>

<comp id="805" class="1004" name="select_ln453_fu_805">
<pin_list>
<pin id="806" dir="0" index="0" bw="1" slack="8"/>
<pin id="807" dir="0" index="1" bw="8" slack="0"/>
<pin id="808" dir="0" index="2" bw="1" slack="0"/>
<pin id="809" dir="1" index="3" bw="8" slack="0"/>
</pin_list>
<bind>
<opcode="select(49) " fcode="select"/>
<opset="select_ln453/56 "/>
</bind>
</comp>

<comp id="812" class="1004" name="t_1_fu_812">
<pin_list>
<pin id="813" dir="0" index="0" bw="30" slack="0"/>
<pin id="814" dir="0" index="1" bw="29" slack="1"/>
<pin id="815" dir="0" index="2" bw="1" slack="0"/>
<pin id="816" dir="1" index="3" bw="30" slack="0"/>
</pin_list>
<bind>
<opcode="bitconcatenate(1004) " fcode="bitconcatenate"/>
<opset="t_1/56 "/>
</bind>
</comp>

<comp id="819" class="1004" name="Mx_zeros_fu_819">
<pin_list>
<pin id="820" dir="0" index="0" bw="30" slack="0"/>
<pin id="821" dir="0" index="1" bw="30" slack="0"/>
<pin id="822" dir="0" index="2" bw="1" slack="0"/>
<pin id="823" dir="1" index="3" bw="30" slack="0"/>
</pin_list>
<bind>
<opcode="ctlz(523) " fcode="ctlz"/>
<opset="Mx_zeros/56 "/>
</bind>
</comp>

<comp id="827" class="1004" name="zext_ln504_fu_827">
<pin_list>
<pin id="828" dir="0" index="0" bw="30" slack="0"/>
<pin id="829" dir="1" index="1" bw="58" slack="0"/>
</pin_list>
<bind>
<opcode="zext(34) " fcode="zext"/>
<opset="zext_ln504/56 "/>
</bind>
</comp>

<comp id="831" class="1004" name="shl_ln504_fu_831">
<pin_list>
<pin id="832" dir="0" index="0" bw="58" slack="1"/>
<pin id="833" dir="0" index="1" bw="30" slack="0"/>
<pin id="834" dir="1" index="2" bw="58" slack="0"/>
</pin_list>
<bind>
<opcode="shl(20) " fcode="shl"/>
<opset="shl_ln504/56 "/>
</bind>
</comp>

<comp id="836" class="1004" name="Mx_fu_836">
<pin_list>
<pin id="837" dir="0" index="0" bw="29" slack="0"/>
<pin id="838" dir="0" index="1" bw="58" slack="0"/>
<pin id="839" dir="0" index="2" bw="6" slack="0"/>
<pin id="840" dir="0" index="3" bw="7" slack="0"/>
<pin id="841" dir="1" index="4" bw="29" slack="1"/>
</pin_list>
<bind>
<opcode="partselect(1002) " fcode="partselect"/>
<opset="Mx/56 "/>
</bind>
</comp>

<comp id="846" class="1004" name="trunc_ln505_fu_846">
<pin_list>
<pin id="847" dir="0" index="0" bw="30" slack="0"/>
<pin id="848" dir="1" index="1" bw="8" slack="0"/>
</pin_list>
<bind>
<opcode="trunc(33) " fcode="trunc"/>
<opset="trunc_ln505/56 "/>
</bind>
</comp>

<comp id="850" class="1004" name="Ex_1_fu_850">
<pin_list>
<pin id="851" dir="0" index="0" bw="8" slack="0"/>
<pin id="852" dir="0" index="1" bw="8" slack="0"/>
<pin id="853" dir="1" index="2" bw="8" slack="0"/>
</pin_list>
<bind>
<opcode="sub(10) " fcode="sub"/>
<opset="Ex_1/56 "/>
</bind>
</comp>

<comp id="856" class="1004" name="tmp_fu_856">
<pin_list>
<pin id="857" dir="0" index="0" bw="1" slack="0"/>
<pin id="858" dir="0" index="1" bw="8" slack="0"/>
<pin id="859" dir="0" index="2" bw="4" slack="0"/>
<pin id="860" dir="1" index="3" bw="1" slack="1"/>
</pin_list>
<bind>
<opcode="bitselect(1000) " fcode="bitselect"/>
<opset="tmp/56 "/>
</bind>
</comp>

<comp id="864" class="1004" name="sub_ln506_fu_864">
<pin_list>
<pin id="865" dir="0" index="0" bw="1" slack="0"/>
<pin id="866" dir="0" index="1" bw="8" slack="0"/>
<pin id="867" dir="1" index="2" bw="8" slack="1"/>
</pin_list>
<bind>
<opcode="sub(10) " fcode="sub"/>
<opset="sub_ln506/56 "/>
</bind>
</comp>

<comp id="870" class="1004" name="select_ln506_fu_870">
<pin_list>
<pin id="871" dir="0" index="0" bw="1" slack="1"/>
<pin id="872" dir="0" index="1" bw="8" slack="1"/>
<pin id="873" dir="0" index="2" bw="8" slack="1"/>
<pin id="874" dir="1" index="3" bw="8" slack="0"/>
</pin_list>
<bind>
<opcode="select(49) " fcode="select"/>
<opset="select_ln506/57 "/>
</bind>
</comp>

<comp id="875" class="1004" name="zext_ln506_fu_875">
<pin_list>
<pin id="876" dir="0" index="0" bw="8" slack="0"/>
<pin id="877" dir="1" index="1" bw="32" slack="0"/>
</pin_list>
<bind>
<opcode="zext(34) " fcode="zext"/>
<opset="zext_ln506/57 "/>
</bind>
</comp>

<comp id="879" class="1004" name="zext_ln506_1_fu_879">
<pin_list>
<pin id="880" dir="0" index="0" bw="29" slack="1"/>
<pin id="881" dir="1" index="1" bw="32" slack="0"/>
</pin_list>
<bind>
<opcode="zext(34) " fcode="zext"/>
<opset="zext_ln506_1/57 "/>
</bind>
</comp>

<comp id="882" class="1004" name="lshr_ln506_fu_882">
<pin_list>
<pin id="883" dir="0" index="0" bw="29" slack="0"/>
<pin id="884" dir="0" index="1" bw="8" slack="0"/>
<pin id="885" dir="1" index="2" bw="32" slack="0"/>
</pin_list>
<bind>
<opcode="lshr(21) " fcode="lshr"/>
<opset="lshr_ln506/57 "/>
</bind>
</comp>

<comp id="888" class="1004" name="shl_ln506_fu_888">
<pin_list>
<pin id="889" dir="0" index="0" bw="29" slack="0"/>
<pin id="890" dir="0" index="1" bw="8" slack="0"/>
<pin id="891" dir="1" index="2" bw="32" slack="0"/>
</pin_list>
<bind>
<opcode="shl(20) " fcode="shl"/>
<opset="shl_ln506/57 "/>
</bind>
</comp>

<comp id="894" class="1004" name="select_ln506_1_fu_894">
<pin_list>
<pin id="895" dir="0" index="0" bw="1" slack="1"/>
<pin id="896" dir="0" index="1" bw="32" slack="0"/>
<pin id="897" dir="0" index="2" bw="32" slack="0"/>
<pin id="898" dir="1" index="3" bw="32" slack="0"/>
</pin_list>
<bind>
<opcode="select(49) " fcode="select"/>
<opset="select_ln506_1/57 "/>
</bind>
</comp>

<comp id="901" class="1004" name="B_fu_901">
<pin_list>
<pin id="902" dir="0" index="0" bw="32" slack="0"/>
<pin id="903" dir="1" index="1" bw="22" slack="3"/>
</pin_list>
<bind>
<opcode="trunc(33) " fcode="trunc"/>
<opset="B/57 "/>
</bind>
</comp>

<comp id="905" class="1004" name="Mx_1_fu_905">
<pin_list>
<pin id="906" dir="0" index="0" bw="1" slack="2"/>
<pin id="907" dir="0" index="1" bw="29" slack="1"/>
<pin id="908" dir="0" index="2" bw="1" slack="0"/>
<pin id="909" dir="1" index="3" bw="29" slack="5"/>
</pin_list>
<bind>
<opcode="select(49) " fcode="select"/>
<opset="Mx_1/57 "/>
</bind>
</comp>

<comp id="911" class="1004" name="tmp_i_fu_911">
<pin_list>
<pin id="912" dir="0" index="0" bw="7" slack="0"/>
<pin id="913" dir="0" index="1" bw="32" slack="0"/>
<pin id="914" dir="0" index="2" bw="6" slack="0"/>
<pin id="915" dir="0" index="3" bw="6" slack="0"/>
<pin id="916" dir="1" index="4" bw="7" slack="1"/>
</pin_list>
<bind>
<opcode="partselect(1002) " fcode="partselect"/>
<opset="tmp_i/57 "/>
</bind>
</comp>

<comp id="921" class="1004" name="B_trunc_fu_921">
<pin_list>
<pin id="922" dir="0" index="0" bw="15" slack="0"/>
<pin id="923" dir="0" index="1" bw="32" slack="0"/>
<pin id="924" dir="0" index="2" bw="4" slack="0"/>
<pin id="925" dir="0" index="3" bw="6" slack="0"/>
<pin id="926" dir="1" index="4" bw="15" slack="2"/>
</pin_list>
<bind>
<opcode="partselect(1002) " fcode="partselect"/>
<opset="B_trunc/57 "/>
</bind>
</comp>

<comp id="931" class="1004" name="Ex_2_fu_931">
<pin_list>
<pin id="932" dir="0" index="0" bw="1" slack="3"/>
<pin id="933" dir="0" index="1" bw="8" slack="2"/>
<pin id="934" dir="0" index="2" bw="1" slack="0"/>
<pin id="935" dir="1" index="3" bw="8" slack="7"/>
</pin_list>
<bind>
<opcode="select(49) " fcode="select"/>
<opset="Ex_2/58 "/>
</bind>
</comp>

<comp id="937" class="1004" name="A_fu_937">
<pin_list>
<pin id="938" dir="0" index="0" bw="8" slack="0"/>
<pin id="939" dir="0" index="1" bw="1" slack="3"/>
<pin id="940" dir="0" index="2" bw="7" slack="1"/>
<pin id="941" dir="1" index="3" bw="8" slack="0"/>
</pin_list>
<bind>
<opcode="bitconcatenate(1004) " fcode="bitconcatenate"/>
<opset="A/58 "/>
</bind>
</comp>

<comp id="943" class="1004" name="zext_ln28_fu_943">
<pin_list>
<pin id="944" dir="0" index="0" bw="8" slack="0"/>
<pin id="945" dir="1" index="1" bw="64" slack="0"/>
</pin_list>
<bind>
<opcode="zext(34) " fcode="zext"/>
<opset="zext_ln28/58 "/>
</bind>
</comp>

<comp id="950" class="1004" name="zext_ln23_fu_950">
<pin_list>
<pin id="951" dir="0" index="0" bw="15" slack="2"/>
<pin id="952" dir="1" index="1" bw="30" slack="0"/>
</pin_list>
<bind>
<opcode="zext(34) " fcode="zext"/>
<opset="zext_ln23/59 "/>
</bind>
</comp>

<comp id="953" class="1004" name="mul_ln23_fu_953">
<pin_list>
<pin id="954" dir="0" index="0" bw="15" slack="0"/>
<pin id="955" dir="0" index="1" bw="15" slack="0"/>
<pin id="956" dir="1" index="2" bw="30" slack="0"/>
</pin_list>
<bind>
<opcode="mul(12) " fcode="mul"/>
<opset="mul_ln23/59 "/>
</bind>
</comp>

<comp id="959" class="1004" name="B_squared_fu_959">
<pin_list>
<pin id="960" dir="0" index="0" bw="15" slack="0"/>
<pin id="961" dir="0" index="1" bw="30" slack="0"/>
<pin id="962" dir="0" index="2" bw="5" slack="0"/>
<pin id="963" dir="0" index="3" bw="6" slack="0"/>
<pin id="964" dir="1" index="4" bw="15" slack="1"/>
</pin_list>
<bind>
<opcode="partselect(1002) " fcode="partselect"/>
<opset="B_squared/59 "/>
</bind>
</comp>

<comp id="969" class="1004" name="t1_fu_969">
<pin_list>
<pin id="970" dir="0" index="0" bw="29" slack="0"/>
<pin id="971" dir="0" index="1" bw="30" slack="0"/>
<pin id="972" dir="0" index="2" bw="1" slack="0"/>
<pin id="973" dir="0" index="3" bw="6" slack="0"/>
<pin id="974" dir="1" index="4" bw="29" slack="2"/>
</pin_list>
<bind>
<opcode="partselect(1002) " fcode="partselect"/>
<opset="t1/59 "/>
</bind>
</comp>

<comp id="979" class="1004" name="zext_ln23_1_fu_979">
<pin_list>
<pin id="980" dir="0" index="0" bw="15" slack="1"/>
<pin id="981" dir="1" index="1" bw="30" slack="0"/>
</pin_list>
<bind>
<opcode="zext(34) " fcode="zext"/>
<opset="zext_ln23_1/60 "/>
</bind>
</comp>

<comp id="982" class="1004" name="zext_ln29_fu_982">
<pin_list>
<pin id="983" dir="0" index="0" bw="22" slack="3"/>
<pin id="984" dir="1" index="1" bw="45" slack="0"/>
</pin_list>
<bind>
<opcode="zext(34) " fcode="zext"/>
<opset="zext_ln29/60 "/>
</bind>
</comp>

<comp id="986" class="1004" name="sext_ln29_fu_986">
<pin_list>
<pin id="987" dir="0" index="0" bw="23" slack="1"/>
<pin id="988" dir="1" index="1" bw="45" slack="0"/>
</pin_list>
<bind>
<opcode="sext(35) " fcode="sext"/>
<opset="sext_ln29/60 "/>
</bind>
</comp>

<comp id="990" class="1004" name="trunc_ln2_fu_990">
<pin_list>
<pin id="991" dir="0" index="0" bw="22" slack="0"/>
<pin id="992" dir="0" index="1" bw="45" slack="0"/>
<pin id="993" dir="0" index="2" bw="6" slack="0"/>
<pin id="994" dir="0" index="3" bw="7" slack="0"/>
<pin id="995" dir="1" index="4" bw="22" slack="1"/>
</pin_list>
<bind>
<opcode="partselect(1002) " fcode="partselect"/>
<opset="trunc_ln2/60 "/>
</bind>
</comp>

<comp id="1000" class="1004" name="sext_ln30_fu_1000">
<pin_list>
<pin id="1001" dir="0" index="0" bw="15" slack="1"/>
<pin id="1002" dir="1" index="1" bw="30" slack="0"/>
</pin_list>
<bind>
<opcode="sext(35) " fcode="sext"/>
<opset="sext_ln30/60 "/>
</bind>
</comp>

<comp id="1003" class="1004" name="mul_ln30_fu_1003">
<pin_list>
<pin id="1004" dir="0" index="0" bw="15" slack="0"/>
<pin id="1005" dir="0" index="1" bw="15" slack="0"/>
<pin id="1006" dir="1" index="2" bw="30" slack="0"/>
</pin_list>
<bind>
<opcode="mul(12) " fcode="mul"/>
<opset="mul_ln30/60 "/>
</bind>
</comp>

<comp id="1009" class="1004" name="trunc_ln3_fu_1009">
<pin_list>
<pin id="1010" dir="0" index="0" bw="14" slack="0"/>
<pin id="1011" dir="0" index="1" bw="30" slack="0"/>
<pin id="1012" dir="0" index="2" bw="6" slack="0"/>
<pin id="1013" dir="0" index="3" bw="6" slack="0"/>
<pin id="1014" dir="1" index="4" bw="14" slack="1"/>
</pin_list>
<bind>
<opcode="partselect(1002) " fcode="partselect"/>
<opset="trunc_ln3/60 "/>
</bind>
</comp>

<comp id="1019" class="1004" name="sext_ln32_fu_1019">
<pin_list>
<pin id="1020" dir="0" index="0" bw="29" slack="2"/>
<pin id="1021" dir="1" index="1" bw="30" slack="0"/>
</pin_list>
<bind>
<opcode="sext(35) " fcode="sext"/>
<opset="sext_ln32/61 "/>
</bind>
</comp>

<comp id="1022" class="1004" name="sext_ln32_1_fu_1022">
<pin_list>
<pin id="1023" dir="0" index="0" bw="22" slack="1"/>
<pin id="1024" dir="1" index="1" bw="30" slack="0"/>
</pin_list>
<bind>
<opcode="sext(35) " fcode="sext"/>
<opset="sext_ln32_1/61 "/>
</bind>
</comp>

<comp id="1025" class="1004" name="add_ln32_fu_1025">
<pin_list>
<pin id="1026" dir="0" index="0" bw="29" slack="0"/>
<pin id="1027" dir="0" index="1" bw="22" slack="0"/>
<pin id="1028" dir="1" index="2" bw="30" slack="0"/>
</pin_list>
<bind>
<opcode="add(8) " fcode="add"/>
<opset="add_ln32/61 "/>
</bind>
</comp>

<comp id="1031" class="1004" name="sext_ln32_2_fu_1031">
<pin_list>
<pin id="1032" dir="0" index="0" bw="14" slack="1"/>
<pin id="1033" dir="1" index="1" bw="30" slack="0"/>
</pin_list>
<bind>
<opcode="sext(35) " fcode="sext"/>
<opset="sext_ln32_2/61 "/>
</bind>
</comp>

<comp id="1034" class="1004" name="add_ln32_1_fu_1034">
<pin_list>
<pin id="1035" dir="0" index="0" bw="30" slack="0"/>
<pin id="1036" dir="0" index="1" bw="14" slack="0"/>
<pin id="1037" dir="1" index="2" bw="30" slack="1"/>
</pin_list>
<bind>
<opcode="add(8) " fcode="add"/>
<opset="add_ln32_1/61 "/>
</bind>
</comp>

<comp id="1040" class="1004" name="sext_ln32_3_fu_1040">
<pin_list>
<pin id="1041" dir="0" index="0" bw="30" slack="1"/>
<pin id="1042" dir="1" index="1" bw="58" slack="0"/>
</pin_list>
<bind>
<opcode="sext(35) " fcode="sext"/>
<opset="sext_ln32_3/62 "/>
</bind>
</comp>

<comp id="1044" class="1004" name="zext_ln32_fu_1044">
<pin_list>
<pin id="1045" dir="0" index="0" bw="29" slack="5"/>
<pin id="1046" dir="1" index="1" bw="58" slack="0"/>
</pin_list>
<bind>
<opcode="zext(34) " fcode="zext"/>
<opset="zext_ln32/62 "/>
</bind>
</comp>

<comp id="1048" class="1004" name="result_fu_1048">
<pin_list>
<pin id="1049" dir="0" index="0" bw="29" slack="0"/>
<pin id="1050" dir="0" index="1" bw="58" slack="0"/>
<pin id="1051" dir="0" index="2" bw="6" slack="0"/>
<pin id="1052" dir="0" index="3" bw="7" slack="0"/>
<pin id="1053" dir="1" index="4" bw="29" slack="1"/>
</pin_list>
<bind>
<opcode="partselect(1002) " fcode="partselect"/>
<opset="result/63 "/>
</bind>
</comp>

<comp id="1058" class="1004" name="tmp_1_i_fu_1058">
<pin_list>
<pin id="1059" dir="0" index="0" bw="16" slack="0"/>
<pin id="1060" dir="0" index="1" bw="58" slack="0"/>
<pin id="1061" dir="0" index="2" bw="7" slack="0"/>
<pin id="1062" dir="0" index="3" bw="7" slack="0"/>
<pin id="1063" dir="1" index="4" bw="16" slack="1"/>
</pin_list>
<bind>
<opcode="partselect(1002) " fcode="partselect"/>
<opset="tmp_1_i/63 "/>
</bind>
</comp>

<comp id="1068" class="1004" name="tmp_3_i_fu_1068">
<pin_list>
<pin id="1069" dir="0" index="0" bw="13" slack="0"/>
<pin id="1070" dir="0" index="1" bw="58" slack="0"/>
<pin id="1071" dir="0" index="2" bw="6" slack="0"/>
<pin id="1072" dir="0" index="3" bw="7" slack="0"/>
<pin id="1073" dir="1" index="4" bw="13" slack="1"/>
</pin_list>
<bind>
<opcode="partselect(1002) " fcode="partselect"/>
<opset="tmp_3_i/63 "/>
</bind>
</comp>

<comp id="1078" class="1004" name="trunc_ln5_fu_1078">
<pin_list>
<pin id="1079" dir="0" index="0" bw="28" slack="0"/>
<pin id="1080" dir="0" index="1" bw="58" slack="0"/>
<pin id="1081" dir="0" index="2" bw="6" slack="0"/>
<pin id="1082" dir="0" index="3" bw="7" slack="0"/>
<pin id="1083" dir="1" index="4" bw="28" slack="1"/>
</pin_list>
<bind>
<opcode="partselect(1002) " fcode="partselect"/>
<opset="trunc_ln5/63 "/>
</bind>
</comp>

<comp id="1088" class="1004" name="out_bits_fu_1088">
<pin_list>
<pin id="1089" dir="0" index="0" bw="32" slack="0"/>
<pin id="1090" dir="0" index="1" bw="16" slack="1"/>
<pin id="1091" dir="0" index="2" bw="16" slack="0"/>
<pin id="1092" dir="1" index="3" bw="32" slack="0"/>
</pin_list>
<bind>
<opcode="bitconcatenate(1004) " fcode="bitconcatenate"/>
<opset="out_bits/64 "/>
</bind>
</comp>

<comp id="1095" class="1004" name="out_bits_2_fu_1095">
<pin_list>
<pin id="1096" dir="0" index="0" bw="32" slack="0"/>
<pin id="1097" dir="0" index="1" bw="13" slack="1"/>
<pin id="1098" dir="0" index="2" bw="19" slack="0"/>
<pin id="1099" dir="1" index="3" bw="32" slack="0"/>
</pin_list>
<bind>
<opcode="bitconcatenate(1004) " fcode="bitconcatenate"/>
<opset="out_bits_2/64 "/>
</bind>
</comp>

<comp id="1102" class="1004" name="c_fu_1102">
<pin_list>
<pin id="1103" dir="0" index="0" bw="32" slack="0"/>
<pin id="1104" dir="0" index="1" bw="32" slack="0"/>
<pin id="1105" dir="0" index="2" bw="1" slack="0"/>
<pin id="1106" dir="1" index="3" bw="32" slack="0"/>
</pin_list>
<bind>
<opcode="ctlz(523) " fcode="ctlz"/>
<opset="c/64 "/>
</bind>
</comp>

<comp id="1110" class="1004" name="trunc_ln281_fu_1110">
<pin_list>
<pin id="1111" dir="0" index="0" bw="32" slack="0"/>
<pin id="1112" dir="1" index="1" bw="5" slack="0"/>
</pin_list>
<bind>
<opcode="trunc(33) " fcode="trunc"/>
<opset="trunc_ln281/64 "/>
</bind>
</comp>

<comp id="1114" class="1004" name="zext_ln281_fu_1114">
<pin_list>
<pin id="1115" dir="0" index="0" bw="5" slack="0"/>
<pin id="1116" dir="1" index="1" bw="28" slack="0"/>
</pin_list>
<bind>
<opcode="zext(34) " fcode="zext"/>
<opset="zext_ln281/64 "/>
</bind>
</comp>

<comp id="1118" class="1004" name="c_1_fu_1118">
<pin_list>
<pin id="1119" dir="0" index="0" bw="32" slack="0"/>
<pin id="1120" dir="0" index="1" bw="32" slack="0"/>
<pin id="1121" dir="0" index="2" bw="1" slack="0"/>
<pin id="1122" dir="1" index="3" bw="32" slack="0"/>
</pin_list>
<bind>
<opcode="ctlz(523) " fcode="ctlz"/>
<opset="c_1/64 "/>
</bind>
</comp>

<comp id="1126" class="1004" name="trunc_ln281_1_fu_1126">
<pin_list>
<pin id="1127" dir="0" index="0" bw="32" slack="0"/>
<pin id="1128" dir="1" index="1" bw="4" slack="1"/>
</pin_list>
<bind>
<opcode="trunc(33) " fcode="trunc"/>
<opset="trunc_ln281_1/64 "/>
</bind>
</comp>

<comp id="1130" class="1004" name="in_shift_1_fu_1130">
<pin_list>
<pin id="1131" dir="0" index="0" bw="28" slack="1"/>
<pin id="1132" dir="0" index="1" bw="5" slack="0"/>
<pin id="1133" dir="1" index="2" bw="28" slack="1"/>
</pin_list>
<bind>
<opcode="shl(20) " fcode="shl"/>
<opset="in_shift_1/64 "/>
</bind>
</comp>

<comp id="1135" class="1004" name="icmp_ln292_fu_1135">
<pin_list>
<pin id="1136" dir="0" index="0" bw="5" slack="0"/>
<pin id="1137" dir="0" index="1" bw="5" slack="0"/>
<pin id="1138" dir="1" index="2" bw="1" slack="1"/>
</pin_list>
<bind>
<opcode="icmp(45) " fcode="icmp"/>
<opset="icmp_ln292/64 "/>
</bind>
</comp>

<comp id="1141" class="1004" name="icmp_ln306_fu_1141">
<pin_list>
<pin id="1142" dir="0" index="0" bw="29" slack="1"/>
<pin id="1143" dir="0" index="1" bw="1" slack="0"/>
<pin id="1144" dir="1" index="2" bw="1" slack="1"/>
</pin_list>
<bind>
<opcode="icmp(45) " fcode="icmp"/>
<opset="icmp_ln306/64 "/>
</bind>
</comp>

<comp id="1146" class="1004" name="zext_ln17_fu_1146">
<pin_list>
<pin id="1147" dir="0" index="0" bw="10" slack="64"/>
<pin id="1148" dir="1" index="1" bw="64" slack="0"/>
</pin_list>
<bind>
<opcode="zext(34) " fcode="zext"/>
<opset="zext_ln17/65 "/>
</bind>
</comp>

<comp id="1150" class="1004" name="sext_ln252_fu_1150">
<pin_list>
<pin id="1151" dir="0" index="0" bw="8" slack="7"/>
<pin id="1152" dir="1" index="1" bw="9" slack="0"/>
</pin_list>
<bind>
<opcode="sext(35) " fcode="sext"/>
<opset="sext_ln252/65 "/>
</bind>
</comp>

<comp id="1153" class="1004" name="zext_ln281_1_fu_1153">
<pin_list>
<pin id="1154" dir="0" index="0" bw="4" slack="1"/>
<pin id="1155" dir="1" index="1" bw="28" slack="0"/>
</pin_list>
<bind>
<opcode="zext(34) " fcode="zext"/>
<opset="zext_ln281_1/65 "/>
</bind>
</comp>

<comp id="1156" class="1004" name="shift_1_fu_1156">
<pin_list>
<pin id="1157" dir="0" index="0" bw="5" slack="0"/>
<pin id="1158" dir="0" index="1" bw="1" slack="0"/>
<pin id="1159" dir="0" index="2" bw="4" slack="1"/>
<pin id="1160" dir="1" index="3" bw="5" slack="0"/>
</pin_list>
<bind>
<opcode="bitconcatenate(1004) " fcode="bitconcatenate"/>
<opset="shift_1/65 "/>
</bind>
</comp>

<comp id="1163" class="1004" name="in_shift_2_fu_1163">
<pin_list>
<pin id="1164" dir="0" index="0" bw="28" slack="1"/>
<pin id="1165" dir="0" index="1" bw="4" slack="0"/>
<pin id="1166" dir="1" index="2" bw="28" slack="0"/>
</pin_list>
<bind>
<opcode="shl(20) " fcode="shl"/>
<opset="in_shift_2/65 "/>
</bind>
</comp>

<comp id="1168" class="1004" name="shift_2_fu_1168">
<pin_list>
<pin id="1169" dir="0" index="0" bw="1" slack="1"/>
<pin id="1170" dir="0" index="1" bw="5" slack="0"/>
<pin id="1171" dir="0" index="2" bw="5" slack="1"/>
<pin id="1172" dir="1" index="3" bw="5" slack="0"/>
</pin_list>
<bind>
<opcode="select(49) " fcode="select"/>
<opset="shift_2/65 "/>
</bind>
</comp>

<comp id="1174" class="1004" name="zext_ln286_fu_1174">
<pin_list>
<pin id="1175" dir="0" index="0" bw="5" slack="0"/>
<pin id="1176" dir="1" index="1" bw="9" slack="0"/>
</pin_list>
<bind>
<opcode="zext(34) " fcode="zext"/>
<opset="zext_ln286/65 "/>
</bind>
</comp>

<comp id="1178" class="1004" name="add_ln300_fu_1178">
<pin_list>
<pin id="1179" dir="0" index="0" bw="8" slack="0"/>
<pin id="1180" dir="0" index="1" bw="8" slack="0"/>
<pin id="1181" dir="1" index="2" bw="9" slack="0"/>
</pin_list>
<bind>
<opcode="add(8) " fcode="add"/>
<opset="add_ln300/65 "/>
</bind>
</comp>

<comp id="1184" class="1004" name="newexp_fu_1184">
<pin_list>
<pin id="1185" dir="0" index="0" bw="9" slack="0"/>
<pin id="1186" dir="0" index="1" bw="5" slack="0"/>
<pin id="1187" dir="1" index="2" bw="9" slack="0"/>
</pin_list>
<bind>
<opcode="sub(10) " fcode="sub"/>
<opset="newexp/65 "/>
</bind>
</comp>

<comp id="1190" class="1004" name="tmp_3_fu_1190">
<pin_list>
<pin id="1191" dir="0" index="0" bw="1" slack="0"/>
<pin id="1192" dir="0" index="1" bw="9" slack="0"/>
<pin id="1193" dir="0" index="2" bw="5" slack="0"/>
<pin id="1194" dir="1" index="3" bw="1" slack="0"/>
</pin_list>
<bind>
<opcode="bitselect(1000) " fcode="bitselect"/>
<opset="tmp_3/65 "/>
</bind>
</comp>

<comp id="1198" class="1004" name="or_ln306_fu_1198">
<pin_list>
<pin id="1199" dir="0" index="0" bw="1" slack="0"/>
<pin id="1200" dir="0" index="1" bw="1" slack="1"/>
<pin id="1201" dir="1" index="2" bw="1" slack="0"/>
</pin_list>
<bind>
<opcode="or(24) " fcode="or"/>
<opset="or_ln306/65 "/>
</bind>
</comp>

<comp id="1203" class="1004" name="empty_fu_1203">
<pin_list>
<pin id="1204" dir="0" index="0" bw="9" slack="0"/>
<pin id="1205" dir="1" index="1" bw="8" slack="0"/>
</pin_list>
<bind>
<opcode="trunc(33) " fcode="trunc"/>
<opset="empty/65 "/>
</bind>
</comp>

<comp id="1207" class="1004" name="tmp_1_fu_1207">
<pin_list>
<pin id="1208" dir="0" index="0" bw="23" slack="0"/>
<pin id="1209" dir="0" index="1" bw="28" slack="0"/>
<pin id="1210" dir="0" index="2" bw="4" slack="0"/>
<pin id="1211" dir="0" index="3" bw="6" slack="0"/>
<pin id="1212" dir="1" index="4" bw="23" slack="0"/>
</pin_list>
<bind>
<opcode="partselect(1002) " fcode="partselect"/>
<opset="tmp_1/65 "/>
</bind>
</comp>

<comp id="1217" class="1004" name="tmp_2_fu_1217">
<pin_list>
<pin id="1218" dir="0" index="0" bw="23" slack="0"/>
<pin id="1219" dir="0" index="1" bw="28" slack="1"/>
<pin id="1220" dir="0" index="2" bw="4" slack="0"/>
<pin id="1221" dir="0" index="3" bw="6" slack="0"/>
<pin id="1222" dir="1" index="4" bw="23" slack="0"/>
</pin_list>
<bind>
<opcode="partselect(1002) " fcode="partselect"/>
<opset="tmp_2/65 "/>
</bind>
</comp>

<comp id="1226" class="1004" name="empty_27_fu_1226">
<pin_list>
<pin id="1227" dir="0" index="0" bw="1" slack="1"/>
<pin id="1228" dir="0" index="1" bw="23" slack="0"/>
<pin id="1229" dir="0" index="2" bw="23" slack="0"/>
<pin id="1230" dir="1" index="3" bw="23" slack="0"/>
</pin_list>
<bind>
<opcode="select(49) " fcode="select"/>
<opset="empty_27/65 "/>
</bind>
</comp>

<comp id="1233" class="1004" name="select_ln282_fu_1233">
<pin_list>
<pin id="1234" dir="0" index="0" bw="1" slack="10"/>
<pin id="1235" dir="0" index="1" bw="1" slack="0"/>
<pin id="1236" dir="0" index="2" bw="1" slack="0"/>
<pin id="1237" dir="1" index="3" bw="8" slack="0"/>
</pin_list>
<bind>
<opcode="select(49) " fcode="select"/>
<opset="select_ln282/65 "/>
</bind>
</comp>

<comp id="1240" class="1004" name="or_ln282_fu_1240">
<pin_list>
<pin id="1241" dir="0" index="0" bw="1" slack="10"/>
<pin id="1242" dir="0" index="1" bw="1" slack="0"/>
<pin id="1243" dir="1" index="2" bw="1" slack="0"/>
</pin_list>
<bind>
<opcode="or(24) " fcode="or"/>
<opset="or_ln282/65 "/>
</bind>
</comp>

<comp id="1245" class="1004" name="results_exp_fu_1245">
<pin_list>
<pin id="1246" dir="0" index="0" bw="1" slack="0"/>
<pin id="1247" dir="0" index="1" bw="8" slack="0"/>
<pin id="1248" dir="0" index="2" bw="8" slack="0"/>
<pin id="1249" dir="1" index="3" bw="8" slack="0"/>
</pin_list>
<bind>
<opcode="select(49) " fcode="select"/>
<opset="results_exp/65 "/>
</bind>
</comp>

<comp id="1253" class="1004" name="select_ln282_2_fu_1253">
<pin_list>
<pin id="1254" dir="0" index="0" bw="1" slack="10"/>
<pin id="1255" dir="0" index="1" bw="1" slack="0"/>
<pin id="1256" dir="0" index="2" bw="1" slack="0"/>
<pin id="1257" dir="1" index="3" bw="23" slack="0"/>
</pin_list>
<bind>
<opcode="select(49) " fcode="select"/>
<opset="select_ln282_2/65 "/>
</bind>
</comp>

<comp id="1260" class="1004" name="results_sig_fu_1260">
<pin_list>
<pin id="1261" dir="0" index="0" bw="1" slack="0"/>
<pin id="1262" dir="0" index="1" bw="23" slack="0"/>
<pin id="1263" dir="0" index="2" bw="23" slack="0"/>
<pin id="1264" dir="1" index="3" bw="23" slack="0"/>
</pin_list>
<bind>
<opcode="select(49) " fcode="select"/>
<opset="results_sig/65 "/>
</bind>
</comp>

<comp id="1268" class="1004" name="results_exp_1_fu_1268">
<pin_list>
<pin id="1269" dir="0" index="0" bw="1" slack="15"/>
<pin id="1270" dir="0" index="1" bw="8" slack="0"/>
<pin id="1271" dir="0" index="2" bw="8" slack="0"/>
<pin id="1272" dir="1" index="3" bw="8" slack="0"/>
</pin_list>
<bind>
<opcode="select(49) " fcode="select"/>
<opset="results_exp_1/65 "/>
</bind>
</comp>

<comp id="1275" class="1004" name="results_sig_1_fu_1275">
<pin_list>
<pin id="1276" dir="0" index="0" bw="1" slack="15"/>
<pin id="1277" dir="0" index="1" bw="1" slack="0"/>
<pin id="1278" dir="0" index="2" bw="23" slack="0"/>
<pin id="1279" dir="1" index="3" bw="23" slack="0"/>
</pin_list>
<bind>
<opcode="select(49) " fcode="select"/>
<opset="results_sig_1/65 "/>
</bind>
</comp>

<comp id="1282" class="1004" name="t_3_fu_1282">
<pin_list>
<pin id="1283" dir="0" index="0" bw="32" slack="0"/>
<pin id="1284" dir="0" index="1" bw="1" slack="10"/>
<pin id="1285" dir="0" index="2" bw="8" slack="0"/>
<pin id="1286" dir="0" index="3" bw="23" slack="0"/>
<pin id="1287" dir="1" index="4" bw="32" slack="0"/>
</pin_list>
<bind>
<opcode="bitconcatenate(1004) " fcode="bitconcatenate"/>
<opset="t_3/65 "/>
</bind>
</comp>

<comp id="1292" class="1005" name="n_reg_1292">
<pin_list>
<pin id="1293" dir="0" index="0" bw="10" slack="0"/>
<pin id="1294" dir="1" index="1" bw="10" slack="0"/>
</pin_list>
<bind>
<opset="n "/>
</bind>
</comp>

<comp id="1299" class="1005" name="mul3_read_reg_1299">
<pin_list>
<pin id="1300" dir="0" index="0" bw="32" slack="23"/>
<pin id="1301" dir="1" index="1" bw="32" slack="23"/>
</pin_list>
<bind>
<opset="mul3_read "/>
</bind>
</comp>

<comp id="1304" class="1005" name="f0_read_reg_1304">
<pin_list>
<pin id="1305" dir="0" index="0" bw="32" slack="27"/>
<pin id="1306" dir="1" index="1" bw="32" slack="27"/>
</pin_list>
<bind>
<opset="f0_read "/>
</bind>
</comp>

<comp id="1309" class="1005" name="fs_read_reg_1309">
<pin_list>
<pin id="1310" dir="0" index="0" bw="32" slack="7"/>
<pin id="1311" dir="1" index="1" bw="32" slack="7"/>
</pin_list>
<bind>
<opset="fs_read "/>
</bind>
</comp>

<comp id="1314" class="1005" name="n_1_reg_1314">
<pin_list>
<pin id="1315" dir="0" index="0" bw="10" slack="1"/>
<pin id="1316" dir="1" index="1" bw="10" slack="1"/>
</pin_list>
<bind>
<opset="n_1 "/>
</bind>
</comp>

<comp id="1320" class="1005" name="icmp_ln17_reg_1320">
<pin_list>
<pin id="1321" dir="0" index="0" bw="1" slack="64"/>
<pin id="1322" dir="1" index="1" bw="1" slack="2147483647"/>
</pin_list>
<bind>
<opset="icmp_ln17 "/>
</bind>
</comp>

<comp id="1324" class="1005" name="zext_ln21_reg_1324">
<pin_list>
<pin id="1325" dir="0" index="0" bw="32" slack="1"/>
<pin id="1326" dir="1" index="1" bw="32" slack="1"/>
</pin_list>
<bind>
<opset="zext_ln21 "/>
</bind>
</comp>

<comp id="1329" class="1005" name="conv_reg_1329">
<pin_list>
<pin id="1330" dir="0" index="0" bw="32" slack="1"/>
<pin id="1331" dir="1" index="1" bw="32" slack="1"/>
</pin_list>
<bind>
<opset="conv "/>
</bind>
</comp>

<comp id="1334" class="1005" name="t_reg_1334">
<pin_list>
<pin id="1335" dir="0" index="0" bw="32" slack="1"/>
<pin id="1336" dir="1" index="1" bw="32" slack="1"/>
</pin_list>
<bind>
<opset="t "/>
</bind>
</comp>

<comp id="1341" class="1005" name="mul4_reg_1341">
<pin_list>
<pin id="1342" dir="0" index="0" bw="32" slack="1"/>
<pin id="1343" dir="1" index="1" bw="32" slack="1"/>
</pin_list>
<bind>
<opset="mul4 "/>
</bind>
</comp>

<comp id="1346" class="1005" name="mul_reg_1346">
<pin_list>
<pin id="1347" dir="0" index="0" bw="32" slack="1"/>
<pin id="1348" dir="1" index="1" bw="32" slack="1"/>
</pin_list>
<bind>
<opset="mul "/>
</bind>
</comp>

<comp id="1351" class="1005" name="mul5_reg_1351">
<pin_list>
<pin id="1352" dir="0" index="0" bw="32" slack="1"/>
<pin id="1353" dir="1" index="1" bw="32" slack="1"/>
</pin_list>
<bind>
<opset="mul5 "/>
</bind>
</comp>

<comp id="1356" class="1005" name="add_reg_1356">
<pin_list>
<pin id="1357" dir="0" index="0" bw="32" slack="1"/>
<pin id="1358" dir="1" index="1" bw="32" slack="1"/>
</pin_list>
<bind>
<opset="add "/>
</bind>
</comp>

<comp id="1361" class="1005" name="conv6_reg_1361">
<pin_list>
<pin id="1362" dir="0" index="0" bw="64" slack="1"/>
<pin id="1363" dir="1" index="1" bw="64" slack="1"/>
</pin_list>
<bind>
<opset="conv6 "/>
</bind>
</comp>

<comp id="1366" class="1005" name="mul7_reg_1366">
<pin_list>
<pin id="1367" dir="0" index="0" bw="64" slack="1"/>
<pin id="1368" dir="1" index="1" bw="64" slack="1"/>
</pin_list>
<bind>
<opset="mul7 "/>
</bind>
</comp>

<comp id="1371" class="1005" name="phase_reg_1371">
<pin_list>
<pin id="1372" dir="0" index="0" bw="32" slack="1"/>
<pin id="1373" dir="1" index="1" bw="32" slack="1"/>
</pin_list>
<bind>
<opset="phase "/>
</bind>
</comp>

<comp id="1376" class="1005" name="din_sign_reg_1376">
<pin_list>
<pin id="1377" dir="0" index="0" bw="1" slack="7"/>
<pin id="1378" dir="1" index="1" bw="1" slack="7"/>
</pin_list>
<bind>
<opset="din_sign "/>
</bind>
</comp>

<comp id="1381" class="1005" name="din_exp_reg_1381">
<pin_list>
<pin id="1382" dir="0" index="0" bw="8" slack="2"/>
<pin id="1383" dir="1" index="1" bw="8" slack="2"/>
</pin_list>
<bind>
<opset="din_exp "/>
</bind>
</comp>

<comp id="1388" class="1005" name="din_sig_reg_1388">
<pin_list>
<pin id="1389" dir="0" index="0" bw="23" slack="2"/>
<pin id="1390" dir="1" index="1" bw="23" slack="2"/>
</pin_list>
<bind>
<opset="din_sig "/>
</bind>
</comp>

<comp id="1394" class="1005" name="closepath_reg_1394">
<pin_list>
<pin id="1395" dir="0" index="0" bw="1" slack="6"/>
<pin id="1396" dir="1" index="1" bw="1" slack="7"/>
</pin_list>
<bind>
<opset="closepath "/>
</bind>
</comp>

<comp id="1400" class="1005" name="ref_4oPi_table_100_addr_reg_1400">
<pin_list>
<pin id="1401" dir="0" index="0" bw="4" slack="1"/>
<pin id="1402" dir="1" index="1" bw="4" slack="1"/>
</pin_list>
<bind>
<opset="ref_4oPi_table_100_addr "/>
</bind>
</comp>

<comp id="1405" class="1005" name="trunc_ln379_reg_1405">
<pin_list>
<pin id="1406" dir="0" index="0" bw="4" slack="1"/>
<pin id="1407" dir="1" index="1" bw="4" slack="1"/>
</pin_list>
<bind>
<opset="trunc_ln379 "/>
</bind>
</comp>

<comp id="1410" class="1005" name="Med_reg_1410">
<pin_list>
<pin id="1411" dir="0" index="0" bw="80" slack="1"/>
<pin id="1412" dir="1" index="1" bw="80" slack="1"/>
</pin_list>
<bind>
<opset="Med "/>
</bind>
</comp>

<comp id="1415" class="1005" name="zext_ln468_reg_1415">
<pin_list>
<pin id="1416" dir="0" index="0" bw="80" slack="1"/>
<pin id="1417" dir="1" index="1" bw="80" slack="1"/>
</pin_list>
<bind>
<opset="zext_ln468 "/>
</bind>
</comp>

<comp id="1420" class="1005" name="and_ln271_reg_1420">
<pin_list>
<pin id="1421" dir="0" index="0" bw="1" slack="5"/>
<pin id="1422" dir="1" index="1" bw="1" slack="5"/>
</pin_list>
<bind>
<opset="and_ln271 "/>
</bind>
</comp>

<comp id="1427" class="1005" name="Mx_bits_reg_1427">
<pin_list>
<pin id="1428" dir="0" index="0" bw="58" slack="1"/>
<pin id="1429" dir="1" index="1" bw="58" slack="1"/>
</pin_list>
<bind>
<opset="Mx_bits "/>
</bind>
</comp>

<comp id="1433" class="1005" name="trunc_ln_i_reg_1433">
<pin_list>
<pin id="1434" dir="0" index="0" bw="3" slack="1"/>
<pin id="1435" dir="1" index="1" bw="3" slack="1"/>
</pin_list>
<bind>
<opset="trunc_ln_i "/>
</bind>
</comp>

<comp id="1438" class="1005" name="Mx_bits_3_reg_1438">
<pin_list>
<pin id="1439" dir="0" index="0" bw="58" slack="1"/>
<pin id="1440" dir="1" index="1" bw="58" slack="1"/>
</pin_list>
<bind>
<opset="Mx_bits_3 "/>
</bind>
</comp>

<comp id="1443" class="1005" name="tmp_7_i_reg_1443">
<pin_list>
<pin id="1444" dir="0" index="0" bw="29" slack="1"/>
<pin id="1445" dir="1" index="1" bw="29" slack="1"/>
</pin_list>
<bind>
<opset="tmp_7_i "/>
</bind>
</comp>

<comp id="1448" class="1005" name="sin_basis_reg_1448">
<pin_list>
<pin id="1449" dir="0" index="0" bw="1" slack="2"/>
<pin id="1450" dir="1" index="1" bw="1" slack="2"/>
</pin_list>
<bind>
<opset="sin_basis "/>
</bind>
</comp>

<comp id="1455" class="1005" name="icmp_ln282_reg_1455">
<pin_list>
<pin id="1456" dir="0" index="0" bw="1" slack="10"/>
<pin id="1457" dir="1" index="1" bw="1" slack="10"/>
</pin_list>
<bind>
<opset="icmp_ln282 "/>
</bind>
</comp>

<comp id="1462" class="1005" name="results_sign_2_reg_1462">
<pin_list>
<pin id="1463" dir="0" index="0" bw="1" slack="10"/>
<pin id="1464" dir="1" index="1" bw="1" slack="10"/>
</pin_list>
<bind>
<opset="results_sign_2 "/>
</bind>
</comp>

<comp id="1467" class="1005" name="Mx_reg_1467">
<pin_list>
<pin id="1468" dir="0" index="0" bw="29" slack="1"/>
<pin id="1469" dir="1" index="1" bw="29" slack="1"/>
</pin_list>
<bind>
<opset="Mx "/>
</bind>
</comp>

<comp id="1473" class="1005" name="Ex_1_reg_1473">
<pin_list>
<pin id="1474" dir="0" index="0" bw="8" slack="1"/>
<pin id="1475" dir="1" index="1" bw="8" slack="1"/>
</pin_list>
<bind>
<opset="Ex_1 "/>
</bind>
</comp>

<comp id="1479" class="1005" name="tmp_reg_1479">
<pin_list>
<pin id="1480" dir="0" index="0" bw="1" slack="1"/>
<pin id="1481" dir="1" index="1" bw="1" slack="1"/>
</pin_list>
<bind>
<opset="tmp "/>
</bind>
</comp>

<comp id="1485" class="1005" name="sub_ln506_reg_1485">
<pin_list>
<pin id="1486" dir="0" index="0" bw="8" slack="1"/>
<pin id="1487" dir="1" index="1" bw="8" slack="1"/>
</pin_list>
<bind>
<opset="sub_ln506 "/>
</bind>
</comp>

<comp id="1490" class="1005" name="B_reg_1490">
<pin_list>
<pin id="1491" dir="0" index="0" bw="22" slack="3"/>
<pin id="1492" dir="1" index="1" bw="22" slack="3"/>
</pin_list>
<bind>
<opset="B "/>
</bind>
</comp>

<comp id="1495" class="1005" name="Mx_1_reg_1495">
<pin_list>
<pin id="1496" dir="0" index="0" bw="29" slack="5"/>
<pin id="1497" dir="1" index="1" bw="29" slack="5"/>
</pin_list>
<bind>
<opset="Mx_1 "/>
</bind>
</comp>

<comp id="1500" class="1005" name="tmp_i_reg_1500">
<pin_list>
<pin id="1501" dir="0" index="0" bw="7" slack="1"/>
<pin id="1502" dir="1" index="1" bw="7" slack="1"/>
</pin_list>
<bind>
<opset="tmp_i "/>
</bind>
</comp>

<comp id="1505" class="1005" name="B_trunc_reg_1505">
<pin_list>
<pin id="1506" dir="0" index="0" bw="15" slack="2"/>
<pin id="1507" dir="1" index="1" bw="15" slack="2"/>
</pin_list>
<bind>
<opset="B_trunc "/>
</bind>
</comp>

<comp id="1510" class="1005" name="Ex_2_reg_1510">
<pin_list>
<pin id="1511" dir="0" index="0" bw="8" slack="7"/>
<pin id="1512" dir="1" index="1" bw="8" slack="7"/>
</pin_list>
<bind>
<opset="Ex_2 "/>
</bind>
</comp>

<comp id="1515" class="1005" name="second_order_float_sin_cos_K0_addr_reg_1515">
<pin_list>
<pin id="1516" dir="0" index="0" bw="8" slack="1"/>
<pin id="1517" dir="1" index="1" bw="8" slack="1"/>
</pin_list>
<bind>
<opset="second_order_float_sin_cos_K0_addr "/>
</bind>
</comp>

<comp id="1520" class="1005" name="second_order_float_sin_cos_K1_addr_reg_1520">
<pin_list>
<pin id="1521" dir="0" index="0" bw="8" slack="1"/>
<pin id="1522" dir="1" index="1" bw="8" slack="1"/>
</pin_list>
<bind>
<opset="second_order_float_sin_cos_K1_addr "/>
</bind>
</comp>

<comp id="1525" class="1005" name="second_order_float_sin_cos_K2_addr_reg_1525">
<pin_list>
<pin id="1526" dir="0" index="0" bw="8" slack="1"/>
<pin id="1527" dir="1" index="1" bw="8" slack="1"/>
</pin_list>
<bind>
<opset="second_order_float_sin_cos_K2_addr "/>
</bind>
</comp>

<comp id="1530" class="1005" name="B_squared_reg_1530">
<pin_list>
<pin id="1531" dir="0" index="0" bw="15" slack="1"/>
<pin id="1532" dir="1" index="1" bw="15" slack="1"/>
</pin_list>
<bind>
<opset="B_squared "/>
</bind>
</comp>

<comp id="1535" class="1005" name="t1_reg_1535">
<pin_list>
<pin id="1536" dir="0" index="0" bw="29" slack="2"/>
<pin id="1537" dir="1" index="1" bw="29" slack="2"/>
</pin_list>
<bind>
<opset="t1 "/>
</bind>
</comp>

<comp id="1540" class="1005" name="second_order_float_sin_cos_K1_load_reg_1540">
<pin_list>
<pin id="1541" dir="0" index="0" bw="23" slack="1"/>
<pin id="1542" dir="1" index="1" bw="23" slack="1"/>
</pin_list>
<bind>
<opset="second_order_float_sin_cos_K1_load "/>
</bind>
</comp>

<comp id="1545" class="1005" name="second_order_float_sin_cos_K2_load_reg_1545">
<pin_list>
<pin id="1546" dir="0" index="0" bw="15" slack="1"/>
<pin id="1547" dir="1" index="1" bw="15" slack="1"/>
</pin_list>
<bind>
<opset="second_order_float_sin_cos_K2_load "/>
</bind>
</comp>

<comp id="1550" class="1005" name="trunc_ln2_reg_1550">
<pin_list>
<pin id="1551" dir="0" index="0" bw="22" slack="1"/>
<pin id="1552" dir="1" index="1" bw="22" slack="1"/>
</pin_list>
<bind>
<opset="trunc_ln2 "/>
</bind>
</comp>

<comp id="1555" class="1005" name="trunc_ln3_reg_1555">
<pin_list>
<pin id="1556" dir="0" index="0" bw="14" slack="1"/>
<pin id="1557" dir="1" index="1" bw="14" slack="1"/>
</pin_list>
<bind>
<opset="trunc_ln3 "/>
</bind>
</comp>

<comp id="1560" class="1005" name="add_ln32_1_reg_1560">
<pin_list>
<pin id="1561" dir="0" index="0" bw="30" slack="1"/>
<pin id="1562" dir="1" index="1" bw="30" slack="1"/>
</pin_list>
<bind>
<opset="add_ln32_1 "/>
</bind>
</comp>

<comp id="1565" class="1005" name="sext_ln32_3_reg_1565">
<pin_list>
<pin id="1566" dir="0" index="0" bw="58" slack="1"/>
<pin id="1567" dir="1" index="1" bw="58" slack="1"/>
</pin_list>
<bind>
<opset="sext_ln32_3 "/>
</bind>
</comp>

<comp id="1570" class="1005" name="zext_ln32_reg_1570">
<pin_list>
<pin id="1571" dir="0" index="0" bw="58" slack="1"/>
<pin id="1572" dir="1" index="1" bw="58" slack="1"/>
</pin_list>
<bind>
<opset="zext_ln32 "/>
</bind>
</comp>

<comp id="1575" class="1005" name="result_reg_1575">
<pin_list>
<pin id="1576" dir="0" index="0" bw="29" slack="1"/>
<pin id="1577" dir="1" index="1" bw="29" slack="1"/>
</pin_list>
<bind>
<opset="result "/>
</bind>
</comp>

<comp id="1580" class="1005" name="tmp_1_i_reg_1580">
<pin_list>
<pin id="1581" dir="0" index="0" bw="16" slack="1"/>
<pin id="1582" dir="1" index="1" bw="16" slack="1"/>
</pin_list>
<bind>
<opset="tmp_1_i "/>
</bind>
</comp>

<comp id="1585" class="1005" name="tmp_3_i_reg_1585">
<pin_list>
<pin id="1586" dir="0" index="0" bw="13" slack="1"/>
<pin id="1587" dir="1" index="1" bw="13" slack="1"/>
</pin_list>
<bind>
<opset="tmp_3_i "/>
</bind>
</comp>

<comp id="1590" class="1005" name="trunc_ln5_reg_1590">
<pin_list>
<pin id="1591" dir="0" index="0" bw="28" slack="1"/>
<pin id="1592" dir="1" index="1" bw="28" slack="1"/>
</pin_list>
<bind>
<opset="trunc_ln5 "/>
</bind>
</comp>

<comp id="1595" class="1005" name="trunc_ln281_reg_1595">
<pin_list>
<pin id="1596" dir="0" index="0" bw="5" slack="1"/>
<pin id="1597" dir="1" index="1" bw="5" slack="1"/>
</pin_list>
<bind>
<opset="trunc_ln281 "/>
</bind>
</comp>

<comp id="1600" class="1005" name="trunc_ln281_1_reg_1600">
<pin_list>
<pin id="1601" dir="0" index="0" bw="4" slack="1"/>
<pin id="1602" dir="1" index="1" bw="4" slack="1"/>
</pin_list>
<bind>
<opset="trunc_ln281_1 "/>
</bind>
</comp>

<comp id="1606" class="1005" name="in_shift_1_reg_1606">
<pin_list>
<pin id="1607" dir="0" index="0" bw="28" slack="1"/>
<pin id="1608" dir="1" index="1" bw="28" slack="1"/>
</pin_list>
<bind>
<opset="in_shift_1 "/>
</bind>
</comp>

<comp id="1612" class="1005" name="icmp_ln292_reg_1612">
<pin_list>
<pin id="1613" dir="0" index="0" bw="1" slack="1"/>
<pin id="1614" dir="1" index="1" bw="1" slack="1"/>
</pin_list>
<bind>
<opset="icmp_ln292 "/>
</bind>
</comp>

<comp id="1618" class="1005" name="icmp_ln306_reg_1618">
<pin_list>
<pin id="1619" dir="0" index="0" bw="1" slack="1"/>
<pin id="1620" dir="1" index="1" bw="1" slack="1"/>
</pin_list>
<bind>
<opset="icmp_ln306 "/>
</bind>
</comp>

</comp_list>

<net_list>
<net id="257"><net_src comp="16" pin="0"/><net_sink comp="254" pin=0"/></net>

<net id="262"><net_src comp="28" pin="0"/><net_sink comp="258" pin=0"/></net>

<net id="263"><net_src comp="4" pin="0"/><net_sink comp="258" pin=1"/></net>

<net id="268"><net_src comp="28" pin="0"/><net_sink comp="264" pin=0"/></net>

<net id="269"><net_src comp="2" pin="0"/><net_sink comp="264" pin=1"/></net>

<net id="274"><net_src comp="28" pin="0"/><net_sink comp="270" pin=0"/></net>

<net id="275"><net_src comp="0" pin="0"/><net_sink comp="270" pin=1"/></net>

<net id="281"><net_src comp="8" pin="0"/><net_sink comp="276" pin=0"/></net>

<net id="282"><net_src comp="58" pin="0"/><net_sink comp="276" pin=1"/></net>

<net id="288"><net_src comp="276" pin="3"/><net_sink comp="283" pin=0"/></net>

<net id="294"><net_src comp="10" pin="0"/><net_sink comp="289" pin=0"/></net>

<net id="295"><net_src comp="58" pin="0"/><net_sink comp="289" pin=1"/></net>

<net id="301"><net_src comp="289" pin="3"/><net_sink comp="296" pin=0"/></net>

<net id="307"><net_src comp="12" pin="0"/><net_sink comp="302" pin=0"/></net>

<net id="308"><net_src comp="58" pin="0"/><net_sink comp="302" pin=1"/></net>

<net id="314"><net_src comp="302" pin="3"/><net_sink comp="309" pin=0"/></net>

<net id="320"><net_src comp="14" pin="0"/><net_sink comp="315" pin=0"/></net>

<net id="321"><net_src comp="58" pin="0"/><net_sink comp="315" pin=1"/></net>

<net id="327"><net_src comp="315" pin="3"/><net_sink comp="322" pin=0"/></net>

<net id="333"><net_src comp="6" pin="0"/><net_sink comp="328" pin=0"/></net>

<net id="334"><net_src comp="58" pin="0"/><net_sink comp="328" pin=1"/></net>

<net id="340"><net_src comp="328" pin="3"/><net_sink comp="335" pin=0"/></net>

<net id="374"><net_src comp="36" pin="0"/><net_sink comp="370" pin=1"/></net>

<net id="391"><net_src comp="30" pin="0"/><net_sink comp="387" pin=0"/></net>

<net id="399"><net_src comp="392" pin="1"/><net_sink comp="395" pin=0"/></net>

<net id="400"><net_src comp="32" pin="0"/><net_sink comp="395" pin=1"/></net>

<net id="405"><net_src comp="392" pin="1"/><net_sink comp="401" pin=0"/></net>

<net id="406"><net_src comp="34" pin="0"/><net_sink comp="401" pin=1"/></net>

<net id="411"><net_src comp="395" pin="2"/><net_sink comp="407" pin=0"/></net>

<net id="415"><net_src comp="412" pin="1"/><net_sink comp="361" pin=0"/></net>

<net id="424"><net_src comp="38" pin="0"/><net_sink comp="419" pin=0"/></net>

<net id="425"><net_src comp="416" pin="1"/><net_sink comp="419" pin=1"/></net>

<net id="426"><net_src comp="40" pin="0"/><net_sink comp="419" pin=2"/></net>

<net id="432"><net_src comp="42" pin="0"/><net_sink comp="427" pin=0"/></net>

<net id="433"><net_src comp="416" pin="1"/><net_sink comp="427" pin=1"/></net>

<net id="434"><net_src comp="44" pin="0"/><net_sink comp="427" pin=2"/></net>

<net id="438"><net_src comp="416" pin="1"/><net_sink comp="435" pin=0"/></net>

<net id="443"><net_src comp="427" pin="3"/><net_sink comp="439" pin=0"/></net>

<net id="444"><net_src comp="46" pin="0"/><net_sink comp="439" pin=1"/></net>

<net id="449"><net_src comp="427" pin="3"/><net_sink comp="445" pin=0"/></net>

<net id="450"><net_src comp="48" pin="0"/><net_sink comp="445" pin=1"/></net>

<net id="456"><net_src comp="439" pin="2"/><net_sink comp="451" pin=0"/></net>

<net id="457"><net_src comp="50" pin="0"/><net_sink comp="451" pin=1"/></net>

<net id="458"><net_src comp="445" pin="2"/><net_sink comp="451" pin=2"/></net>

<net id="465"><net_src comp="52" pin="0"/><net_sink comp="459" pin=0"/></net>

<net id="466"><net_src comp="451" pin="3"/><net_sink comp="459" pin=1"/></net>

<net id="467"><net_src comp="54" pin="0"/><net_sink comp="459" pin=2"/></net>

<net id="468"><net_src comp="56" pin="0"/><net_sink comp="459" pin=3"/></net>

<net id="472"><net_src comp="459" pin="4"/><net_sink comp="469" pin=0"/></net>

<net id="473"><net_src comp="469" pin="1"/><net_sink comp="276" pin=2"/></net>

<net id="477"><net_src comp="451" pin="3"/><net_sink comp="474" pin=0"/></net>

<net id="485"><net_src comp="283" pin="3"/><net_sink comp="481" pin=0"/></net>

<net id="486"><net_src comp="478" pin="1"/><net_sink comp="481" pin=1"/></net>

<net id="492"><net_src comp="60" pin="0"/><net_sink comp="487" pin=0"/></net>

<net id="493"><net_src comp="481" pin="2"/><net_sink comp="487" pin=1"/></net>

<net id="494"><net_src comp="62" pin="0"/><net_sink comp="487" pin=2"/></net>

<net id="500"><net_src comp="64" pin="0"/><net_sink comp="495" pin=0"/></net>

<net id="501"><net_src comp="66" pin="0"/><net_sink comp="495" pin=1"/></net>

<net id="505"><net_src comp="495" pin="3"/><net_sink comp="502" pin=0"/></net>

<net id="506"><net_src comp="502" pin="1"/><net_sink comp="383" pin=1"/></net>

<net id="511"><net_src comp="68" pin="0"/><net_sink comp="507" pin=1"/></net>

<net id="516"><net_src comp="70" pin="0"/><net_sink comp="512" pin=1"/></net>

<net id="521"><net_src comp="507" pin="2"/><net_sink comp="517" pin=0"/></net>

<net id="522"><net_src comp="512" pin="2"/><net_sink comp="517" pin=1"/></net>

<net id="529"><net_src comp="72" pin="0"/><net_sink comp="523" pin=0"/></net>

<net id="530"><net_src comp="383" pin="2"/><net_sink comp="523" pin=1"/></net>

<net id="531"><net_src comp="74" pin="0"/><net_sink comp="523" pin=2"/></net>

<net id="532"><net_src comp="76" pin="0"/><net_sink comp="523" pin=3"/></net>

<net id="539"><net_src comp="78" pin="0"/><net_sink comp="533" pin=0"/></net>

<net id="540"><net_src comp="383" pin="2"/><net_sink comp="533" pin=1"/></net>

<net id="541"><net_src comp="80" pin="0"/><net_sink comp="533" pin=2"/></net>

<net id="542"><net_src comp="82" pin="0"/><net_sink comp="533" pin=3"/></net>

<net id="548"><net_src comp="84" pin="0"/><net_sink comp="543" pin=1"/></net>

<net id="552"><net_src comp="543" pin="3"/><net_sink comp="549" pin=0"/></net>

<net id="557"><net_src comp="86" pin="0"/><net_sink comp="553" pin=0"/></net>

<net id="563"><net_src comp="549" pin="1"/><net_sink comp="558" pin=0"/></net>

<net id="564"><net_src comp="553" pin="2"/><net_sink comp="558" pin=1"/></net>

<net id="570"><net_src comp="88" pin="0"/><net_sink comp="565" pin=0"/></net>

<net id="571"><net_src comp="558" pin="3"/><net_sink comp="565" pin=1"/></net>

<net id="572"><net_src comp="90" pin="0"/><net_sink comp="565" pin=2"/></net>

<net id="594"><net_src comp="92" pin="0"/><net_sink comp="573" pin=0"/></net>

<net id="595"><net_src comp="84" pin="0"/><net_sink comp="573" pin=1"/></net>

<net id="596"><net_src comp="94" pin="0"/><net_sink comp="573" pin=2"/></net>

<net id="597"><net_src comp="96" pin="0"/><net_sink comp="573" pin=3"/></net>

<net id="598"><net_src comp="66" pin="0"/><net_sink comp="573" pin=4"/></net>

<net id="599"><net_src comp="98" pin="0"/><net_sink comp="573" pin=5"/></net>

<net id="600"><net_src comp="66" pin="0"/><net_sink comp="573" pin=6"/></net>

<net id="601"><net_src comp="100" pin="0"/><net_sink comp="573" pin=7"/></net>

<net id="602"><net_src comp="94" pin="0"/><net_sink comp="573" pin=8"/></net>

<net id="603"><net_src comp="102" pin="0"/><net_sink comp="573" pin=9"/></net>

<net id="604"><net_src comp="94" pin="0"/><net_sink comp="573" pin=10"/></net>

<net id="605"><net_src comp="104" pin="0"/><net_sink comp="573" pin=11"/></net>

<net id="606"><net_src comp="66" pin="0"/><net_sink comp="573" pin=12"/></net>

<net id="607"><net_src comp="106" pin="0"/><net_sink comp="573" pin=13"/></net>

<net id="608"><net_src comp="66" pin="0"/><net_sink comp="573" pin=14"/></net>

<net id="609"><net_src comp="108" pin="0"/><net_sink comp="573" pin=15"/></net>

<net id="610"><net_src comp="94" pin="0"/><net_sink comp="573" pin=16"/></net>

<net id="611"><net_src comp="110" pin="0"/><net_sink comp="573" pin=17"/></net>

<net id="612"><net_src comp="543" pin="3"/><net_sink comp="573" pin=18"/></net>

<net id="618"><net_src comp="112" pin="0"/><net_sink comp="613" pin=0"/></net>

<net id="619"><net_src comp="543" pin="3"/><net_sink comp="613" pin=2"/></net>

<net id="657"><net_src comp="114" pin="0"/><net_sink comp="620" pin=0"/></net>

<net id="658"><net_src comp="116" pin="0"/><net_sink comp="620" pin=1"/></net>

<net id="659"><net_src comp="94" pin="0"/><net_sink comp="620" pin=2"/></net>

<net id="660"><net_src comp="118" pin="0"/><net_sink comp="620" pin=3"/></net>

<net id="661"><net_src comp="94" pin="0"/><net_sink comp="620" pin=4"/></net>

<net id="662"><net_src comp="120" pin="0"/><net_sink comp="620" pin=5"/></net>

<net id="663"><net_src comp="66" pin="0"/><net_sink comp="620" pin=6"/></net>

<net id="664"><net_src comp="122" pin="0"/><net_sink comp="620" pin=7"/></net>

<net id="665"><net_src comp="94" pin="0"/><net_sink comp="620" pin=8"/></net>

<net id="666"><net_src comp="124" pin="0"/><net_sink comp="620" pin=9"/></net>

<net id="667"><net_src comp="66" pin="0"/><net_sink comp="620" pin=10"/></net>

<net id="668"><net_src comp="126" pin="0"/><net_sink comp="620" pin=11"/></net>

<net id="669"><net_src comp="66" pin="0"/><net_sink comp="620" pin=12"/></net>

<net id="670"><net_src comp="128" pin="0"/><net_sink comp="620" pin=13"/></net>

<net id="671"><net_src comp="94" pin="0"/><net_sink comp="620" pin=14"/></net>

<net id="672"><net_src comp="130" pin="0"/><net_sink comp="620" pin=15"/></net>

<net id="673"><net_src comp="66" pin="0"/><net_sink comp="620" pin=16"/></net>

<net id="674"><net_src comp="132" pin="0"/><net_sink comp="620" pin=17"/></net>

<net id="675"><net_src comp="66" pin="0"/><net_sink comp="620" pin=18"/></net>

<net id="676"><net_src comp="134" pin="0"/><net_sink comp="620" pin=19"/></net>

<net id="677"><net_src comp="94" pin="0"/><net_sink comp="620" pin=20"/></net>

<net id="678"><net_src comp="136" pin="0"/><net_sink comp="620" pin=21"/></net>

<net id="679"><net_src comp="66" pin="0"/><net_sink comp="620" pin=22"/></net>

<net id="680"><net_src comp="138" pin="0"/><net_sink comp="620" pin=23"/></net>

<net id="681"><net_src comp="66" pin="0"/><net_sink comp="620" pin=24"/></net>

<net id="682"><net_src comp="140" pin="0"/><net_sink comp="620" pin=25"/></net>

<net id="683"><net_src comp="94" pin="0"/><net_sink comp="620" pin=26"/></net>

<net id="684"><net_src comp="142" pin="0"/><net_sink comp="620" pin=27"/></net>

<net id="685"><net_src comp="66" pin="0"/><net_sink comp="620" pin=28"/></net>

<net id="686"><net_src comp="144" pin="0"/><net_sink comp="620" pin=29"/></net>

<net id="687"><net_src comp="94" pin="0"/><net_sink comp="620" pin=30"/></net>

<net id="688"><net_src comp="146" pin="0"/><net_sink comp="620" pin=31"/></net>

<net id="689"><net_src comp="94" pin="0"/><net_sink comp="620" pin=32"/></net>

<net id="690"><net_src comp="110" pin="0"/><net_sink comp="620" pin=33"/></net>

<net id="691"><net_src comp="613" pin="3"/><net_sink comp="620" pin=34"/></net>

<net id="729"><net_src comp="114" pin="0"/><net_sink comp="692" pin=0"/></net>

<net id="730"><net_src comp="116" pin="0"/><net_sink comp="692" pin=1"/></net>

<net id="731"><net_src comp="94" pin="0"/><net_sink comp="692" pin=2"/></net>

<net id="732"><net_src comp="118" pin="0"/><net_sink comp="692" pin=3"/></net>

<net id="733"><net_src comp="94" pin="0"/><net_sink comp="692" pin=4"/></net>

<net id="734"><net_src comp="120" pin="0"/><net_sink comp="692" pin=5"/></net>

<net id="735"><net_src comp="94" pin="0"/><net_sink comp="692" pin=6"/></net>

<net id="736"><net_src comp="122" pin="0"/><net_sink comp="692" pin=7"/></net>

<net id="737"><net_src comp="66" pin="0"/><net_sink comp="692" pin=8"/></net>

<net id="738"><net_src comp="124" pin="0"/><net_sink comp="692" pin=9"/></net>

<net id="739"><net_src comp="66" pin="0"/><net_sink comp="692" pin=10"/></net>

<net id="740"><net_src comp="126" pin="0"/><net_sink comp="692" pin=11"/></net>

<net id="741"><net_src comp="66" pin="0"/><net_sink comp="692" pin=12"/></net>

<net id="742"><net_src comp="128" pin="0"/><net_sink comp="692" pin=13"/></net>

<net id="743"><net_src comp="66" pin="0"/><net_sink comp="692" pin=14"/></net>

<net id="744"><net_src comp="130" pin="0"/><net_sink comp="692" pin=15"/></net>

<net id="745"><net_src comp="94" pin="0"/><net_sink comp="692" pin=16"/></net>

<net id="746"><net_src comp="132" pin="0"/><net_sink comp="692" pin=17"/></net>

<net id="747"><net_src comp="94" pin="0"/><net_sink comp="692" pin=18"/></net>

<net id="748"><net_src comp="134" pin="0"/><net_sink comp="692" pin=19"/></net>

<net id="749"><net_src comp="66" pin="0"/><net_sink comp="692" pin=20"/></net>

<net id="750"><net_src comp="136" pin="0"/><net_sink comp="692" pin=21"/></net>

<net id="751"><net_src comp="66" pin="0"/><net_sink comp="692" pin=22"/></net>

<net id="752"><net_src comp="138" pin="0"/><net_sink comp="692" pin=23"/></net>

<net id="753"><net_src comp="66" pin="0"/><net_sink comp="692" pin=24"/></net>

<net id="754"><net_src comp="140" pin="0"/><net_sink comp="692" pin=25"/></net>

<net id="755"><net_src comp="66" pin="0"/><net_sink comp="692" pin=26"/></net>

<net id="756"><net_src comp="142" pin="0"/><net_sink comp="692" pin=27"/></net>

<net id="757"><net_src comp="94" pin="0"/><net_sink comp="692" pin=28"/></net>

<net id="758"><net_src comp="144" pin="0"/><net_sink comp="692" pin=29"/></net>

<net id="759"><net_src comp="94" pin="0"/><net_sink comp="692" pin=30"/></net>

<net id="760"><net_src comp="146" pin="0"/><net_sink comp="692" pin=31"/></net>

<net id="761"><net_src comp="94" pin="0"/><net_sink comp="692" pin=32"/></net>

<net id="762"><net_src comp="110" pin="0"/><net_sink comp="692" pin=33"/></net>

<net id="763"><net_src comp="613" pin="3"/><net_sink comp="692" pin=34"/></net>

<net id="769"><net_src comp="573" pin="19"/><net_sink comp="764" pin=0"/></net>

<net id="770"><net_src comp="620" pin="35"/><net_sink comp="764" pin=1"/></net>

<net id="771"><net_src comp="692" pin="35"/><net_sink comp="764" pin=2"/></net>

<net id="776"><net_src comp="148" pin="0"/><net_sink comp="772" pin=1"/></net>

<net id="781"><net_src comp="772" pin="2"/><net_sink comp="777" pin=0"/></net>

<net id="782"><net_src comp="66" pin="0"/><net_sink comp="777" pin=1"/></net>

<net id="787"><net_src comp="764" pin="3"/><net_sink comp="783" pin=0"/></net>

<net id="788"><net_src comp="777" pin="2"/><net_sink comp="783" pin=1"/></net>

<net id="793"><net_src comp="66" pin="0"/><net_sink comp="789" pin=1"/></net>

<net id="798"><net_src comp="783" pin="2"/><net_sink comp="794" pin=0"/></net>

<net id="799"><net_src comp="789" pin="2"/><net_sink comp="794" pin=1"/></net>

<net id="804"><net_src comp="150" pin="0"/><net_sink comp="800" pin=1"/></net>

<net id="810"><net_src comp="800" pin="2"/><net_sink comp="805" pin=1"/></net>

<net id="811"><net_src comp="68" pin="0"/><net_sink comp="805" pin=2"/></net>

<net id="817"><net_src comp="152" pin="0"/><net_sink comp="812" pin=0"/></net>

<net id="818"><net_src comp="66" pin="0"/><net_sink comp="812" pin=2"/></net>

<net id="824"><net_src comp="154" pin="0"/><net_sink comp="819" pin=0"/></net>

<net id="825"><net_src comp="812" pin="3"/><net_sink comp="819" pin=1"/></net>

<net id="826"><net_src comp="94" pin="0"/><net_sink comp="819" pin=2"/></net>

<net id="830"><net_src comp="819" pin="3"/><net_sink comp="827" pin=0"/></net>

<net id="835"><net_src comp="827" pin="1"/><net_sink comp="831" pin=1"/></net>

<net id="842"><net_src comp="156" pin="0"/><net_sink comp="836" pin=0"/></net>

<net id="843"><net_src comp="831" pin="2"/><net_sink comp="836" pin=1"/></net>

<net id="844"><net_src comp="90" pin="0"/><net_sink comp="836" pin=2"/></net>

<net id="845"><net_src comp="158" pin="0"/><net_sink comp="836" pin=3"/></net>

<net id="849"><net_src comp="819" pin="3"/><net_sink comp="846" pin=0"/></net>

<net id="854"><net_src comp="805" pin="3"/><net_sink comp="850" pin=0"/></net>

<net id="855"><net_src comp="846" pin="1"/><net_sink comp="850" pin=1"/></net>

<net id="861"><net_src comp="160" pin="0"/><net_sink comp="856" pin=0"/></net>

<net id="862"><net_src comp="850" pin="2"/><net_sink comp="856" pin=1"/></net>

<net id="863"><net_src comp="56" pin="0"/><net_sink comp="856" pin=2"/></net>

<net id="868"><net_src comp="68" pin="0"/><net_sink comp="864" pin=0"/></net>

<net id="869"><net_src comp="850" pin="2"/><net_sink comp="864" pin=1"/></net>

<net id="878"><net_src comp="870" pin="3"/><net_sink comp="875" pin=0"/></net>

<net id="886"><net_src comp="879" pin="1"/><net_sink comp="882" pin=0"/></net>

<net id="887"><net_src comp="875" pin="1"/><net_sink comp="882" pin=1"/></net>

<net id="892"><net_src comp="879" pin="1"/><net_sink comp="888" pin=0"/></net>

<net id="893"><net_src comp="875" pin="1"/><net_sink comp="888" pin=1"/></net>

<net id="899"><net_src comp="882" pin="2"/><net_sink comp="894" pin=1"/></net>

<net id="900"><net_src comp="888" pin="2"/><net_sink comp="894" pin=2"/></net>

<net id="904"><net_src comp="894" pin="3"/><net_sink comp="901" pin=0"/></net>

<net id="910"><net_src comp="162" pin="0"/><net_sink comp="905" pin=2"/></net>

<net id="917"><net_src comp="164" pin="0"/><net_sink comp="911" pin=0"/></net>

<net id="918"><net_src comp="894" pin="3"/><net_sink comp="911" pin=1"/></net>

<net id="919"><net_src comp="166" pin="0"/><net_sink comp="911" pin=2"/></net>

<net id="920"><net_src comp="168" pin="0"/><net_sink comp="911" pin=3"/></net>

<net id="927"><net_src comp="170" pin="0"/><net_sink comp="921" pin=0"/></net>

<net id="928"><net_src comp="894" pin="3"/><net_sink comp="921" pin=1"/></net>

<net id="929"><net_src comp="56" pin="0"/><net_sink comp="921" pin=2"/></net>

<net id="930"><net_src comp="172" pin="0"/><net_sink comp="921" pin=3"/></net>

<net id="936"><net_src comp="68" pin="0"/><net_sink comp="931" pin=2"/></net>

<net id="942"><net_src comp="174" pin="0"/><net_sink comp="937" pin=0"/></net>

<net id="946"><net_src comp="937" pin="3"/><net_sink comp="943" pin=0"/></net>

<net id="947"><net_src comp="943" pin="1"/><net_sink comp="289" pin=2"/></net>

<net id="948"><net_src comp="943" pin="1"/><net_sink comp="302" pin=2"/></net>

<net id="949"><net_src comp="943" pin="1"/><net_sink comp="315" pin=2"/></net>

<net id="957"><net_src comp="950" pin="1"/><net_sink comp="953" pin=0"/></net>

<net id="958"><net_src comp="950" pin="1"/><net_sink comp="953" pin=1"/></net>

<net id="965"><net_src comp="176" pin="0"/><net_sink comp="959" pin=0"/></net>

<net id="966"><net_src comp="953" pin="2"/><net_sink comp="959" pin=1"/></net>

<net id="967"><net_src comp="178" pin="0"/><net_sink comp="959" pin=2"/></net>

<net id="968"><net_src comp="90" pin="0"/><net_sink comp="959" pin=3"/></net>

<net id="975"><net_src comp="180" pin="0"/><net_sink comp="969" pin=0"/></net>

<net id="976"><net_src comp="296" pin="3"/><net_sink comp="969" pin=1"/></net>

<net id="977"><net_src comp="16" pin="0"/><net_sink comp="969" pin=2"/></net>

<net id="978"><net_src comp="90" pin="0"/><net_sink comp="969" pin=3"/></net>

<net id="985"><net_src comp="982" pin="1"/><net_sink comp="375" pin=1"/></net>

<net id="989"><net_src comp="986" pin="1"/><net_sink comp="375" pin=0"/></net>

<net id="996"><net_src comp="182" pin="0"/><net_sink comp="990" pin=0"/></net>

<net id="997"><net_src comp="375" pin="2"/><net_sink comp="990" pin=1"/></net>

<net id="998"><net_src comp="44" pin="0"/><net_sink comp="990" pin=2"/></net>

<net id="999"><net_src comp="184" pin="0"/><net_sink comp="990" pin=3"/></net>

<net id="1007"><net_src comp="979" pin="1"/><net_sink comp="1003" pin=0"/></net>

<net id="1008"><net_src comp="1000" pin="1"/><net_sink comp="1003" pin=1"/></net>

<net id="1015"><net_src comp="186" pin="0"/><net_sink comp="1009" pin=0"/></net>

<net id="1016"><net_src comp="1003" pin="2"/><net_sink comp="1009" pin=1"/></net>

<net id="1017"><net_src comp="188" pin="0"/><net_sink comp="1009" pin=2"/></net>

<net id="1018"><net_src comp="90" pin="0"/><net_sink comp="1009" pin=3"/></net>

<net id="1029"><net_src comp="1019" pin="1"/><net_sink comp="1025" pin=0"/></net>

<net id="1030"><net_src comp="1022" pin="1"/><net_sink comp="1025" pin=1"/></net>

<net id="1038"><net_src comp="1025" pin="2"/><net_sink comp="1034" pin=0"/></net>

<net id="1039"><net_src comp="1031" pin="1"/><net_sink comp="1034" pin=1"/></net>

<net id="1043"><net_src comp="1040" pin="1"/><net_sink comp="379" pin=0"/></net>

<net id="1047"><net_src comp="1044" pin="1"/><net_sink comp="379" pin=1"/></net>

<net id="1054"><net_src comp="156" pin="0"/><net_sink comp="1048" pin=0"/></net>

<net id="1055"><net_src comp="379" pin="2"/><net_sink comp="1048" pin=1"/></net>

<net id="1056"><net_src comp="90" pin="0"/><net_sink comp="1048" pin=2"/></net>

<net id="1057"><net_src comp="158" pin="0"/><net_sink comp="1048" pin=3"/></net>

<net id="1064"><net_src comp="190" pin="0"/><net_sink comp="1058" pin=0"/></net>

<net id="1065"><net_src comp="379" pin="2"/><net_sink comp="1058" pin=1"/></net>

<net id="1066"><net_src comp="192" pin="0"/><net_sink comp="1058" pin=2"/></net>

<net id="1067"><net_src comp="158" pin="0"/><net_sink comp="1058" pin=3"/></net>

<net id="1074"><net_src comp="194" pin="0"/><net_sink comp="1068" pin=0"/></net>

<net id="1075"><net_src comp="379" pin="2"/><net_sink comp="1068" pin=1"/></net>

<net id="1076"><net_src comp="90" pin="0"/><net_sink comp="1068" pin=2"/></net>

<net id="1077"><net_src comp="196" pin="0"/><net_sink comp="1068" pin=3"/></net>

<net id="1084"><net_src comp="198" pin="0"/><net_sink comp="1078" pin=0"/></net>

<net id="1085"><net_src comp="379" pin="2"/><net_sink comp="1078" pin=1"/></net>

<net id="1086"><net_src comp="90" pin="0"/><net_sink comp="1078" pin=2"/></net>

<net id="1087"><net_src comp="200" pin="0"/><net_sink comp="1078" pin=3"/></net>

<net id="1093"><net_src comp="202" pin="0"/><net_sink comp="1088" pin=0"/></net>

<net id="1094"><net_src comp="204" pin="0"/><net_sink comp="1088" pin=2"/></net>

<net id="1100"><net_src comp="206" pin="0"/><net_sink comp="1095" pin=0"/></net>

<net id="1101"><net_src comp="208" pin="0"/><net_sink comp="1095" pin=2"/></net>

<net id="1107"><net_src comp="210" pin="0"/><net_sink comp="1102" pin=0"/></net>

<net id="1108"><net_src comp="1088" pin="3"/><net_sink comp="1102" pin=1"/></net>

<net id="1109"><net_src comp="94" pin="0"/><net_sink comp="1102" pin=2"/></net>

<net id="1113"><net_src comp="1102" pin="3"/><net_sink comp="1110" pin=0"/></net>

<net id="1117"><net_src comp="1110" pin="1"/><net_sink comp="1114" pin=0"/></net>

<net id="1123"><net_src comp="210" pin="0"/><net_sink comp="1118" pin=0"/></net>

<net id="1124"><net_src comp="1095" pin="3"/><net_sink comp="1118" pin=1"/></net>

<net id="1125"><net_src comp="94" pin="0"/><net_sink comp="1118" pin=2"/></net>

<net id="1129"><net_src comp="1118" pin="3"/><net_sink comp="1126" pin=0"/></net>

<net id="1134"><net_src comp="1114" pin="1"/><net_sink comp="1130" pin=1"/></net>

<net id="1139"><net_src comp="1110" pin="1"/><net_sink comp="1135" pin=0"/></net>

<net id="1140"><net_src comp="212" pin="0"/><net_sink comp="1135" pin=1"/></net>

<net id="1145"><net_src comp="214" pin="0"/><net_sink comp="1141" pin=1"/></net>

<net id="1149"><net_src comp="1146" pin="1"/><net_sink comp="328" pin=2"/></net>

<net id="1161"><net_src comp="234" pin="0"/><net_sink comp="1156" pin=0"/></net>

<net id="1162"><net_src comp="66" pin="0"/><net_sink comp="1156" pin=1"/></net>

<net id="1167"><net_src comp="1153" pin="1"/><net_sink comp="1163" pin=1"/></net>

<net id="1173"><net_src comp="1156" pin="3"/><net_sink comp="1168" pin=1"/></net>

<net id="1177"><net_src comp="1168" pin="3"/><net_sink comp="1174" pin=0"/></net>

<net id="1182"><net_src comp="1150" pin="1"/><net_sink comp="1178" pin=0"/></net>

<net id="1183"><net_src comp="236" pin="0"/><net_sink comp="1178" pin=1"/></net>

<net id="1188"><net_src comp="1178" pin="2"/><net_sink comp="1184" pin=0"/></net>

<net id="1189"><net_src comp="1174" pin="1"/><net_sink comp="1184" pin=1"/></net>

<net id="1195"><net_src comp="238" pin="0"/><net_sink comp="1190" pin=0"/></net>

<net id="1196"><net_src comp="1184" pin="2"/><net_sink comp="1190" pin=1"/></net>

<net id="1197"><net_src comp="240" pin="0"/><net_sink comp="1190" pin=2"/></net>

<net id="1202"><net_src comp="1190" pin="3"/><net_sink comp="1198" pin=0"/></net>

<net id="1206"><net_src comp="1184" pin="2"/><net_sink comp="1203" pin=0"/></net>

<net id="1213"><net_src comp="242" pin="0"/><net_sink comp="1207" pin=0"/></net>

<net id="1214"><net_src comp="1163" pin="2"/><net_sink comp="1207" pin=1"/></net>

<net id="1215"><net_src comp="244" pin="0"/><net_sink comp="1207" pin=2"/></net>

<net id="1216"><net_src comp="246" pin="0"/><net_sink comp="1207" pin=3"/></net>

<net id="1223"><net_src comp="242" pin="0"/><net_sink comp="1217" pin=0"/></net>

<net id="1224"><net_src comp="244" pin="0"/><net_sink comp="1217" pin=2"/></net>

<net id="1225"><net_src comp="246" pin="0"/><net_sink comp="1217" pin=3"/></net>

<net id="1231"><net_src comp="1207" pin="4"/><net_sink comp="1226" pin=1"/></net>

<net id="1232"><net_src comp="1217" pin="4"/><net_sink comp="1226" pin=2"/></net>

<net id="1238"><net_src comp="148" pin="0"/><net_sink comp="1233" pin=1"/></net>

<net id="1239"><net_src comp="68" pin="0"/><net_sink comp="1233" pin=2"/></net>

<net id="1244"><net_src comp="1198" pin="2"/><net_sink comp="1240" pin=1"/></net>

<net id="1250"><net_src comp="1240" pin="2"/><net_sink comp="1245" pin=0"/></net>

<net id="1251"><net_src comp="1233" pin="3"/><net_sink comp="1245" pin=1"/></net>

<net id="1252"><net_src comp="1203" pin="1"/><net_sink comp="1245" pin=2"/></net>

<net id="1258"><net_src comp="248" pin="0"/><net_sink comp="1253" pin=1"/></net>

<net id="1259"><net_src comp="70" pin="0"/><net_sink comp="1253" pin=2"/></net>

<net id="1265"><net_src comp="1240" pin="2"/><net_sink comp="1260" pin=0"/></net>

<net id="1266"><net_src comp="1253" pin="3"/><net_sink comp="1260" pin=1"/></net>

<net id="1267"><net_src comp="1226" pin="3"/><net_sink comp="1260" pin=2"/></net>

<net id="1273"><net_src comp="250" pin="0"/><net_sink comp="1268" pin=1"/></net>

<net id="1274"><net_src comp="1245" pin="3"/><net_sink comp="1268" pin=2"/></net>

<net id="1280"><net_src comp="70" pin="0"/><net_sink comp="1275" pin=1"/></net>

<net id="1281"><net_src comp="1260" pin="3"/><net_sink comp="1275" pin=2"/></net>

<net id="1288"><net_src comp="252" pin="0"/><net_sink comp="1282" pin=0"/></net>

<net id="1289"><net_src comp="1268" pin="3"/><net_sink comp="1282" pin=2"/></net>

<net id="1290"><net_src comp="1275" pin="3"/><net_sink comp="1282" pin=3"/></net>

<net id="1291"><net_src comp="1282" pin="4"/><net_sink comp="335" pin=1"/></net>

<net id="1295"><net_src comp="254" pin="1"/><net_sink comp="1292" pin=0"/></net>

<net id="1296"><net_src comp="1292" pin="1"/><net_sink comp="387" pin=1"/></net>

<net id="1297"><net_src comp="1292" pin="1"/><net_sink comp="392" pin=0"/></net>

<net id="1298"><net_src comp="1292" pin="1"/><net_sink comp="407" pin=1"/></net>

<net id="1302"><net_src comp="258" pin="2"/><net_sink comp="1299" pin=0"/></net>

<net id="1303"><net_src comp="1299" pin="1"/><net_sink comp="345" pin=0"/></net>

<net id="1307"><net_src comp="264" pin="2"/><net_sink comp="1304" pin=0"/></net>

<net id="1308"><net_src comp="1304" pin="1"/><net_sink comp="349" pin=1"/></net>

<net id="1312"><net_src comp="270" pin="2"/><net_sink comp="1309" pin=0"/></net>

<net id="1313"><net_src comp="1309" pin="1"/><net_sink comp="357" pin=1"/></net>

<net id="1317"><net_src comp="392" pin="1"/><net_sink comp="1314" pin=0"/></net>

<net id="1318"><net_src comp="1314" pin="1"/><net_sink comp="412" pin=0"/></net>

<net id="1319"><net_src comp="1314" pin="1"/><net_sink comp="1146" pin=0"/></net>

<net id="1323"><net_src comp="401" pin="2"/><net_sink comp="1320" pin=0"/></net>

<net id="1327"><net_src comp="412" pin="1"/><net_sink comp="1324" pin=0"/></net>

<net id="1328"><net_src comp="1324" pin="1"/><net_sink comp="361" pin=0"/></net>

<net id="1332"><net_src comp="361" pin="1"/><net_sink comp="1329" pin=0"/></net>

<net id="1333"><net_src comp="1329" pin="1"/><net_sink comp="357" pin=0"/></net>

<net id="1337"><net_src comp="357" pin="2"/><net_sink comp="1334" pin=0"/></net>

<net id="1338"><net_src comp="1334" pin="1"/><net_sink comp="345" pin=1"/></net>

<net id="1339"><net_src comp="1334" pin="1"/><net_sink comp="349" pin=0"/></net>

<net id="1340"><net_src comp="1334" pin="1"/><net_sink comp="353" pin=1"/></net>

<net id="1344"><net_src comp="345" pin="2"/><net_sink comp="1341" pin=0"/></net>

<net id="1345"><net_src comp="1341" pin="1"/><net_sink comp="353" pin=0"/></net>

<net id="1349"><net_src comp="349" pin="2"/><net_sink comp="1346" pin=0"/></net>

<net id="1350"><net_src comp="1346" pin="1"/><net_sink comp="341" pin=0"/></net>

<net id="1354"><net_src comp="353" pin="2"/><net_sink comp="1351" pin=0"/></net>

<net id="1355"><net_src comp="1351" pin="1"/><net_sink comp="341" pin=1"/></net>

<net id="1359"><net_src comp="341" pin="2"/><net_sink comp="1356" pin=0"/></net>

<net id="1360"><net_src comp="1356" pin="1"/><net_sink comp="367" pin=0"/></net>

<net id="1364"><net_src comp="367" pin="1"/><net_sink comp="1361" pin=0"/></net>

<net id="1365"><net_src comp="1361" pin="1"/><net_sink comp="370" pin=0"/></net>

<net id="1369"><net_src comp="370" pin="2"/><net_sink comp="1366" pin=0"/></net>

<net id="1370"><net_src comp="1366" pin="1"/><net_sink comp="364" pin=0"/></net>

<net id="1374"><net_src comp="364" pin="1"/><net_sink comp="1371" pin=0"/></net>

<net id="1375"><net_src comp="1371" pin="1"/><net_sink comp="416" pin=0"/></net>

<net id="1379"><net_src comp="419" pin="3"/><net_sink comp="1376" pin=0"/></net>

<net id="1380"><net_src comp="1376" pin="1"/><net_sink comp="613" pin=1"/></net>

<net id="1384"><net_src comp="427" pin="3"/><net_sink comp="1381" pin=0"/></net>

<net id="1385"><net_src comp="1381" pin="1"/><net_sink comp="507" pin=0"/></net>

<net id="1386"><net_src comp="1381" pin="1"/><net_sink comp="772" pin=0"/></net>

<net id="1387"><net_src comp="1381" pin="1"/><net_sink comp="800" pin=0"/></net>

<net id="1391"><net_src comp="435" pin="1"/><net_sink comp="1388" pin=0"/></net>

<net id="1392"><net_src comp="1388" pin="1"/><net_sink comp="495" pin=2"/></net>

<net id="1393"><net_src comp="1388" pin="1"/><net_sink comp="512" pin=0"/></net>

<net id="1397"><net_src comp="439" pin="2"/><net_sink comp="1394" pin=0"/></net>

<net id="1398"><net_src comp="1394" pin="1"/><net_sink comp="543" pin=0"/></net>

<net id="1399"><net_src comp="1394" pin="1"/><net_sink comp="805" pin=0"/></net>

<net id="1403"><net_src comp="276" pin="3"/><net_sink comp="1400" pin=0"/></net>

<net id="1404"><net_src comp="1400" pin="1"/><net_sink comp="283" pin=0"/></net>

<net id="1408"><net_src comp="474" pin="1"/><net_sink comp="1405" pin=0"/></net>

<net id="1409"><net_src comp="1405" pin="1"/><net_sink comp="478" pin=0"/></net>

<net id="1413"><net_src comp="487" pin="3"/><net_sink comp="1410" pin=0"/></net>

<net id="1414"><net_src comp="1410" pin="1"/><net_sink comp="383" pin=0"/></net>

<net id="1418"><net_src comp="502" pin="1"/><net_sink comp="1415" pin=0"/></net>

<net id="1419"><net_src comp="1415" pin="1"/><net_sink comp="383" pin=1"/></net>

<net id="1423"><net_src comp="517" pin="2"/><net_sink comp="1420" pin=0"/></net>

<net id="1424"><net_src comp="1420" pin="1"/><net_sink comp="789" pin=0"/></net>

<net id="1425"><net_src comp="1420" pin="1"/><net_sink comp="1268" pin=0"/></net>

<net id="1426"><net_src comp="1420" pin="1"/><net_sink comp="1275" pin=0"/></net>

<net id="1430"><net_src comp="523" pin="4"/><net_sink comp="1427" pin=0"/></net>

<net id="1431"><net_src comp="1427" pin="1"/><net_sink comp="553" pin=1"/></net>

<net id="1432"><net_src comp="1427" pin="1"/><net_sink comp="558" pin=2"/></net>

<net id="1436"><net_src comp="533" pin="4"/><net_sink comp="1433" pin=0"/></net>

<net id="1437"><net_src comp="1433" pin="1"/><net_sink comp="543" pin=2"/></net>

<net id="1441"><net_src comp="558" pin="3"/><net_sink comp="1438" pin=0"/></net>

<net id="1442"><net_src comp="1438" pin="1"/><net_sink comp="831" pin=0"/></net>

<net id="1446"><net_src comp="565" pin="3"/><net_sink comp="1443" pin=0"/></net>

<net id="1447"><net_src comp="1443" pin="1"/><net_sink comp="812" pin=1"/></net>

<net id="1451"><net_src comp="573" pin="19"/><net_sink comp="1448" pin=0"/></net>

<net id="1452"><net_src comp="1448" pin="1"/><net_sink comp="905" pin=0"/></net>

<net id="1453"><net_src comp="1448" pin="1"/><net_sink comp="931" pin=0"/></net>

<net id="1454"><net_src comp="1448" pin="1"/><net_sink comp="937" pin=1"/></net>

<net id="1458"><net_src comp="772" pin="2"/><net_sink comp="1455" pin=0"/></net>

<net id="1459"><net_src comp="1455" pin="1"/><net_sink comp="1233" pin=0"/></net>

<net id="1460"><net_src comp="1455" pin="1"/><net_sink comp="1240" pin=0"/></net>

<net id="1461"><net_src comp="1455" pin="1"/><net_sink comp="1253" pin=0"/></net>

<net id="1465"><net_src comp="794" pin="2"/><net_sink comp="1462" pin=0"/></net>

<net id="1466"><net_src comp="1462" pin="1"/><net_sink comp="1282" pin=1"/></net>

<net id="1470"><net_src comp="836" pin="4"/><net_sink comp="1467" pin=0"/></net>

<net id="1471"><net_src comp="1467" pin="1"/><net_sink comp="879" pin=0"/></net>

<net id="1472"><net_src comp="1467" pin="1"/><net_sink comp="905" pin=1"/></net>

<net id="1476"><net_src comp="850" pin="2"/><net_sink comp="1473" pin=0"/></net>

<net id="1477"><net_src comp="1473" pin="1"/><net_sink comp="870" pin=2"/></net>

<net id="1478"><net_src comp="1473" pin="1"/><net_sink comp="931" pin=1"/></net>

<net id="1482"><net_src comp="856" pin="3"/><net_sink comp="1479" pin=0"/></net>

<net id="1483"><net_src comp="1479" pin="1"/><net_sink comp="870" pin=0"/></net>

<net id="1484"><net_src comp="1479" pin="1"/><net_sink comp="894" pin=0"/></net>

<net id="1488"><net_src comp="864" pin="2"/><net_sink comp="1485" pin=0"/></net>

<net id="1489"><net_src comp="1485" pin="1"/><net_sink comp="870" pin=1"/></net>

<net id="1493"><net_src comp="901" pin="1"/><net_sink comp="1490" pin=0"/></net>

<net id="1494"><net_src comp="1490" pin="1"/><net_sink comp="982" pin=0"/></net>

<net id="1498"><net_src comp="905" pin="3"/><net_sink comp="1495" pin=0"/></net>

<net id="1499"><net_src comp="1495" pin="1"/><net_sink comp="1044" pin=0"/></net>

<net id="1503"><net_src comp="911" pin="4"/><net_sink comp="1500" pin=0"/></net>

<net id="1504"><net_src comp="1500" pin="1"/><net_sink comp="937" pin=2"/></net>

<net id="1508"><net_src comp="921" pin="4"/><net_sink comp="1505" pin=0"/></net>

<net id="1509"><net_src comp="1505" pin="1"/><net_sink comp="950" pin=0"/></net>

<net id="1513"><net_src comp="931" pin="3"/><net_sink comp="1510" pin=0"/></net>

<net id="1514"><net_src comp="1510" pin="1"/><net_sink comp="1150" pin=0"/></net>

<net id="1518"><net_src comp="289" pin="3"/><net_sink comp="1515" pin=0"/></net>

<net id="1519"><net_src comp="1515" pin="1"/><net_sink comp="296" pin=0"/></net>

<net id="1523"><net_src comp="302" pin="3"/><net_sink comp="1520" pin=0"/></net>

<net id="1524"><net_src comp="1520" pin="1"/><net_sink comp="309" pin=0"/></net>

<net id="1528"><net_src comp="315" pin="3"/><net_sink comp="1525" pin=0"/></net>

<net id="1529"><net_src comp="1525" pin="1"/><net_sink comp="322" pin=0"/></net>

<net id="1533"><net_src comp="959" pin="4"/><net_sink comp="1530" pin=0"/></net>

<net id="1534"><net_src comp="1530" pin="1"/><net_sink comp="979" pin=0"/></net>

<net id="1538"><net_src comp="969" pin="4"/><net_sink comp="1535" pin=0"/></net>

<net id="1539"><net_src comp="1535" pin="1"/><net_sink comp="1019" pin=0"/></net>

<net id="1543"><net_src comp="309" pin="3"/><net_sink comp="1540" pin=0"/></net>

<net id="1544"><net_src comp="1540" pin="1"/><net_sink comp="986" pin=0"/></net>

<net id="1548"><net_src comp="322" pin="3"/><net_sink comp="1545" pin=0"/></net>

<net id="1549"><net_src comp="1545" pin="1"/><net_sink comp="1000" pin=0"/></net>

<net id="1553"><net_src comp="990" pin="4"/><net_sink comp="1550" pin=0"/></net>

<net id="1554"><net_src comp="1550" pin="1"/><net_sink comp="1022" pin=0"/></net>

<net id="1558"><net_src comp="1009" pin="4"/><net_sink comp="1555" pin=0"/></net>

<net id="1559"><net_src comp="1555" pin="1"/><net_sink comp="1031" pin=0"/></net>

<net id="1563"><net_src comp="1034" pin="2"/><net_sink comp="1560" pin=0"/></net>

<net id="1564"><net_src comp="1560" pin="1"/><net_sink comp="1040" pin=0"/></net>

<net id="1568"><net_src comp="1040" pin="1"/><net_sink comp="1565" pin=0"/></net>

<net id="1569"><net_src comp="1565" pin="1"/><net_sink comp="379" pin=0"/></net>

<net id="1573"><net_src comp="1044" pin="1"/><net_sink comp="1570" pin=0"/></net>

<net id="1574"><net_src comp="1570" pin="1"/><net_sink comp="379" pin=1"/></net>

<net id="1578"><net_src comp="1048" pin="4"/><net_sink comp="1575" pin=0"/></net>

<net id="1579"><net_src comp="1575" pin="1"/><net_sink comp="1141" pin=0"/></net>

<net id="1583"><net_src comp="1058" pin="4"/><net_sink comp="1580" pin=0"/></net>

<net id="1584"><net_src comp="1580" pin="1"/><net_sink comp="1088" pin=1"/></net>

<net id="1588"><net_src comp="1068" pin="4"/><net_sink comp="1585" pin=0"/></net>

<net id="1589"><net_src comp="1585" pin="1"/><net_sink comp="1095" pin=1"/></net>

<net id="1593"><net_src comp="1078" pin="4"/><net_sink comp="1590" pin=0"/></net>

<net id="1594"><net_src comp="1590" pin="1"/><net_sink comp="1130" pin=0"/></net>

<net id="1598"><net_src comp="1110" pin="1"/><net_sink comp="1595" pin=0"/></net>

<net id="1599"><net_src comp="1595" pin="1"/><net_sink comp="1168" pin=2"/></net>

<net id="1603"><net_src comp="1126" pin="1"/><net_sink comp="1600" pin=0"/></net>

<net id="1604"><net_src comp="1600" pin="1"/><net_sink comp="1153" pin=0"/></net>

<net id="1605"><net_src comp="1600" pin="1"/><net_sink comp="1156" pin=2"/></net>

<net id="1609"><net_src comp="1130" pin="2"/><net_sink comp="1606" pin=0"/></net>

<net id="1610"><net_src comp="1606" pin="1"/><net_sink comp="1163" pin=0"/></net>

<net id="1611"><net_src comp="1606" pin="1"/><net_sink comp="1217" pin=1"/></net>

<net id="1615"><net_src comp="1135" pin="2"/><net_sink comp="1612" pin=0"/></net>

<net id="1616"><net_src comp="1612" pin="1"/><net_sink comp="1168" pin=0"/></net>

<net id="1617"><net_src comp="1612" pin="1"/><net_sink comp="1226" pin=0"/></net>

<net id="1621"><net_src comp="1141" pin="2"/><net_sink comp="1618" pin=0"/></net>

<net id="1622"><net_src comp="1618" pin="1"/><net_sink comp="1198" pin=1"/></net>

</net_list>

</model> 
---------------- Datapath Model END ------------------

* FSMD analyzer results:
  - Output states:
	Port: out_r | {65 }
 - Input state : 
	Port: chirp_Pipeline_VITIS_LOOP_17_1 : fs | {1 }
	Port: chirp_Pipeline_VITIS_LOOP_17_1 : f0 | {1 }
	Port: chirp_Pipeline_VITIS_LOOP_17_1 : mul3 | {1 }
	Port: chirp_Pipeline_VITIS_LOOP_17_1 : ref_4oPi_table_100 | {48 49 }
	Port: chirp_Pipeline_VITIS_LOOP_17_1 : second_order_float_sin_cos_K0 | {58 59 }
	Port: chirp_Pipeline_VITIS_LOOP_17_1 : second_order_float_sin_cos_K1 | {58 59 }
	Port: chirp_Pipeline_VITIS_LOOP_17_1 : second_order_float_sin_cos_K2 | {58 59 }
  - Chain level:
	State 1
		store_ln17 : 1
		n_1 : 1
		n_3 : 2
		icmp_ln17 : 2
		store_ln17 : 3
		br_ln17 : 3
	State 2
		conv : 1
	State 3
	State 4
	State 5
	State 6
	State 7
	State 8
	State 9
	State 10
	State 11
	State 12
	State 13
	State 14
	State 15
	State 16
	State 17
	State 18
	State 19
	State 20
	State 21
	State 22
	State 23
	State 24
	State 25
	State 26
	State 27
	State 28
	State 29
	State 30
	State 31
	State 32
	State 33
	State 34
	State 35
	State 36
	State 37
	State 38
	State 39
	State 40
	State 41
	State 42
	State 43
	State 44
	State 45
	State 46
	State 47
	State 48
		din_sign : 1
		din_exp : 1
		din_sig : 1
		closepath : 2
		add_ln376 : 2
		addr : 3
		lshr_ln : 4
		zext_ln378 : 5
		ref_4oPi_table_100_addr : 6
		table_100 : 7
		trunc_ln379 : 4
	State 49
		shl_ln379 : 1
		Med : 2
	State 50
		zext_ln468 : 1
		h : 2
		and_ln271 : 1
	State 51
	State 52
	State 53
	State 54
		Mx_bits : 1
		trunc_ln_i : 1
	State 55
		trunc_ln491 : 1
		Mx_bits_3 : 2
		tmp_7_i : 3
		sin_basis : 1
		index : 1
		tmp_4_i : 2
		tmp_8_i : 2
		results_sign : 3
		xor_ln282 : 1
		results_sign_1 : 4
		results_sign_2 : 4
	State 56
		select_ln453 : 1
		Mx_zeros : 1
		zext_ln504 : 2
		shl_ln504 : 3
		Mx : 4
		trunc_ln505 : 2
		Ex_1 : 3
		tmp : 4
		sub_ln506 : 4
	State 57
		zext_ln506 : 1
		lshr_ln506 : 2
		shl_ln506 : 2
		select_ln506_1 : 3
		B : 4
		tmp_i : 4
		B_trunc : 4
	State 58
		zext_ln28 : 1
		second_order_float_sin_cos_K0_addr : 2
		second_order_float_sin_cos_K0_load : 3
		second_order_float_sin_cos_K1_addr : 2
		second_order_float_sin_cos_K1_load : 3
		second_order_float_sin_cos_K2_addr : 2
		second_order_float_sin_cos_K2_load : 3
	State 59
		mul_ln23 : 1
		B_squared : 2
		t1 : 1
	State 60
		mul_ln29 : 1
		trunc_ln2 : 2
		mul_ln30 : 1
		trunc_ln3 : 2
	State 61
		add_ln32 : 1
		add_ln32_1 : 2
	State 62
		mul_ln32 : 1
	State 63
		result : 1
		tmp_1_i : 1
		tmp_3_i : 1
		trunc_ln5 : 1
	State 64
		c : 1
		trunc_ln281 : 2
		zext_ln281 : 3
		c_1 : 1
		trunc_ln281_1 : 2
		in_shift_1 : 4
		icmp_ln292 : 3
	State 65
		in_shift_2 : 1
		shift_2 : 1
		zext_ln286 : 2
		add_ln300 : 1
		newexp : 3
		tmp_3 : 4
		or_ln306 : 5
		empty : 4
		tmp_1 : 2
		empty_27 : 3
		or_ln282 : 5
		results_exp : 5
		results_sig : 5
		results_exp_1 : 6
		results_sig_1 : 6
		t_3 : 7
		out_r_addr : 1
		store_ln27 : 8


============================================================
+ Verbose Summary: Datapath Resource usage 
============================================================

* Functional unit list:
|----------|------------------------|---------|---------|---------|
| Operation|     Functional Unit    |   DSP   |    FF   |   LUT   |
|----------|------------------------|---------|---------|---------|
|          |       grp_fu_345       |    3    |   143   |   321   |
|   fmul   |       grp_fu_349       |    3    |   143   |   321   |
|          |       grp_fu_353       |    3    |   143   |   321   |
|----------|------------------------|---------|---------|---------|
|   dmul   |       grp_fu_370       |    11   |   342   |   586   |
|----------|------------------------|---------|---------|---------|
|          |     mul_ln29_fu_375    |    2    |    0    |    31   |
|          |       grp_fu_379       |    4    |   118   |    47   |
|    mul   |       grp_fu_383       |    5    |   441   |   256   |
|          |     mul_ln23_fu_953    |    1    |    0    |    6    |
|          |    mul_ln30_fu_1003    |    1    |    0    |    6    |
|----------|------------------------|---------|---------|---------|
|          |    shl_ln379_fu_481    |    0    |    0    |   325   |
|          |    shl_ln504_fu_831    |    0    |    0    |   169   |
|    shl   |    shl_ln506_fu_888    |    0    |    0    |    88   |
|          |   in_shift_1_fu_1130   |    0    |    0    |    84   |
|          |   in_shift_2_fu_1163   |    0    |    0    |    84   |
|----------|------------------------|---------|---------|---------|
|   fadd   |       grp_fu_341       |    2    |   205   |   390   |
|----------|------------------------|---------|---------|---------|
|          |       addr_fu_451      |    0    |    0    |    8    |
|          |        k_fu_543        |    0    |    0    |    3    |
|          |    Mx_bits_3_fu_558    |    0    |    0    |    58   |
|          |   results_sign_fu_764  |    0    |    0    |    2    |
|          |   select_ln453_fu_805  |    0    |    0    |    8    |
|          |   select_ln506_fu_870  |    0    |    0    |    8    |
|          |  select_ln506_1_fu_894 |    0    |    0    |    32   |
|          |       Mx_1_fu_905      |    0    |    0    |    29   |
|  select  |       Ex_2_fu_931      |    0    |    0    |    8    |
|          |     shift_2_fu_1168    |    0    |    0    |    5    |
|          |    empty_27_fu_1226    |    0    |    0    |    23   |
|          |  select_ln282_fu_1233  |    0    |    0    |    2    |
|          |   results_exp_fu_1245  |    0    |    0    |    8    |
|          | select_ln282_2_fu_1253 |    0    |    0    |    2    |
|          |   results_sig_fu_1260  |    0    |    0    |    23   |
|          |  results_exp_1_fu_1268 |    0    |    0    |    8    |
|          |  results_sig_1_fu_1275 |    0    |    0    |    23   |
|----------|------------------------|---------|---------|---------|
|          |    sin_basis_fu_573    |    0    |    0    |    42   |
| sparsemux|     tmp_4_i_fu_620     |    0    |    0    |    65   |
|          |     tmp_8_i_fu_692     |    0    |    0    |    65   |
|----------|------------------------|---------|---------|---------|
|          |    icmp_ln17_fu_401    |    0    |    0    |    13   |
|          |    closepath_fu_439    |    0    |    0    |    15   |
|          |    icmp_ln271_fu_507   |    0    |    0    |    15   |
|   icmp   |   icmp_ln271_1_fu_512  |    0    |    0    |    30   |
|          |    icmp_ln282_fu_772   |    0    |    0    |    15   |
|          |   icmp_ln292_fu_1135   |    0    |    0    |    13   |
|          |   icmp_ln306_fu_1141   |    0    |    0    |    36   |
|----------|------------------------|---------|---------|---------|
|          |     Mx_zeros_fu_819    |    0    |    0    |    40   |
|   ctlz   |        c_fu_1102       |    0    |    0    |    44   |
|          |       c_1_fu_1118      |    0    |    0    |    44   |
|----------|------------------------|---------|---------|---------|
|          |       n_3_fu_395       |    0    |    0    |    13   |
|          |    add_ln376_fu_445    |    0    |    0    |    15   |
|    add   |        Ex_fu_800       |    0    |    0    |    15   |
|          |    add_ln32_fu_1025    |    0    |    0    |    29   |
|          |   add_ln32_1_fu_1034   |    0    |    0    |    30   |
|          |    add_ln300_fu_1178   |    0    |    0    |    8    |
|----------|------------------------|---------|---------|---------|
|          |    Mx_bits_1_fu_553    |    0    |    0    |    65   |
|    sub   |       Ex_1_fu_850      |    0    |    0    |    15   |
|          |    sub_ln506_fu_864    |    0    |    0    |    15   |
|          |     newexp_fu_1184     |    0    |    0    |    9    |
|----------|------------------------|---------|---------|---------|
|   lshr   |    lshr_ln506_fu_882   |    0    |    0    |    88   |
|----------|------------------------|---------|---------|---------|
|          |    and_ln271_fu_517    |    0    |    0    |    2    |
|    and   |  results_sign_1_fu_783 |    0    |    0    |    2    |
|          |  results_sign_2_fu_794 |    0    |    0    |    2    |
|----------|------------------------|---------|---------|---------|
|    xor   |    xor_ln282_fu_777    |    0    |    0    |    2    |
|          | not_and_ln271_i_fu_789 |    0    |    0    |    2    |
|----------|------------------------|---------|---------|---------|
|    or    |    or_ln306_fu_1198    |    0    |    0    |    2    |
|          |    or_ln282_fu_1240    |    0    |    0    |    2    |
|----------|------------------------|---------|---------|---------|
|          |  mul3_read_read_fu_258 |    0    |    0    |    0    |
|   read   |   f0_read_read_fu_264  |    0    |    0    |    0    |
|          |   fs_read_read_fu_270  |    0    |    0    |    0    |
|----------|------------------------|---------|---------|---------|
|   fdiv   |       grp_fu_357       |    0    |    0    |    0    |
|----------|------------------------|---------|---------|---------|
|  sitofp  |       grp_fu_361       |    0    |    0    |    0    |
|----------|------------------------|---------|---------|---------|
|  fptrunc |       grp_fu_364       |    0    |    0    |    0    |
|----------|------------------------|---------|---------|---------|
|   fpext  |       grp_fu_367       |    0    |    0    |    0    |
|----------|------------------------|---------|---------|---------|
|          |    zext_ln21_fu_412    |    0    |    0    |    0    |
|          |    zext_ln378_fu_469   |    0    |    0    |    0    |
|          |    zext_ln379_fu_478   |    0    |    0    |    0    |
|          |    zext_ln468_fu_502   |    0    |    0    |    0    |
|          |    zext_ln504_fu_827   |    0    |    0    |    0    |
|          |    zext_ln506_fu_875   |    0    |    0    |    0    |
|          |   zext_ln506_1_fu_879  |    0    |    0    |    0    |
|   zext   |    zext_ln28_fu_943    |    0    |    0    |    0    |
|          |    zext_ln23_fu_950    |    0    |    0    |    0    |
|          |   zext_ln23_1_fu_979   |    0    |    0    |    0    |
|          |    zext_ln29_fu_982    |    0    |    0    |    0    |
|          |    zext_ln32_fu_1044   |    0    |    0    |    0    |
|          |   zext_ln281_fu_1114   |    0    |    0    |    0    |
|          |    zext_ln17_fu_1146   |    0    |    0    |    0    |
|          |  zext_ln281_1_fu_1153  |    0    |    0    |    0    |
|          |   zext_ln286_fu_1174   |    0    |    0    |    0    |
|----------|------------------------|---------|---------|---------|
|          |     din_sign_fu_419    |    0    |    0    |    0    |
| bitselect|       tmp_fu_856       |    0    |    0    |    0    |
|          |      tmp_3_fu_1190     |    0    |    0    |    0    |
|----------|------------------------|---------|---------|---------|
|          |     din_exp_fu_427     |    0    |    0    |    0    |
|          |     lshr_ln_fu_459     |    0    |    0    |    0    |
|          |       Med_fu_487       |    0    |    0    |    0    |
|          |     Mx_bits_fu_523     |    0    |    0    |    0    |
|          |    trunc_ln_i_fu_533   |    0    |    0    |    0    |
|          |     tmp_7_i_fu_565     |    0    |    0    |    0    |
|          |        Mx_fu_836       |    0    |    0    |    0    |
|          |      tmp_i_fu_911      |    0    |    0    |    0    |
|          |     B_trunc_fu_921     |    0    |    0    |    0    |
|partselect|    B_squared_fu_959    |    0    |    0    |    0    |
|          |        t1_fu_969       |    0    |    0    |    0    |
|          |    trunc_ln2_fu_990    |    0    |    0    |    0    |
|          |    trunc_ln3_fu_1009   |    0    |    0    |    0    |
|          |     result_fu_1048     |    0    |    0    |    0    |
|          |     tmp_1_i_fu_1058    |    0    |    0    |    0    |
|          |     tmp_3_i_fu_1068    |    0    |    0    |    0    |
|          |    trunc_ln5_fu_1078   |    0    |    0    |    0    |
|          |      tmp_1_fu_1207     |    0    |    0    |    0    |
|          |      tmp_2_fu_1217     |    0    |    0    |    0    |
|----------|------------------------|---------|---------|---------|
|          |     din_sig_fu_435     |    0    |    0    |    0    |
|          |   trunc_ln379_fu_474   |    0    |    0    |    0    |
|          |   trunc_ln491_fu_549   |    0    |    0    |    0    |
|   trunc  |   trunc_ln505_fu_846   |    0    |    0    |    0    |
|          |        B_fu_901        |    0    |    0    |    0    |
|          |   trunc_ln281_fu_1110  |    0    |    0    |    0    |
|          |  trunc_ln281_1_fu_1126 |    0    |    0    |    0    |
|          |      empty_fu_1203     |    0    |    0    |    0    |
|----------|------------------------|---------|---------|---------|
|          |        X_fu_495        |    0    |    0    |    0    |
|          |      index_fu_613      |    0    |    0    |    0    |
|          |       t_1_fu_812       |    0    |    0    |    0    |
|bitconcatenate|        A_fu_937        |    0    |    0    |    0    |
|          |    out_bits_fu_1088    |    0    |    0    |    0    |
|          |   out_bits_2_fu_1095   |    0    |    0    |    0    |
|          |     shift_1_fu_1156    |    0    |    0    |    0    |
|          |       t_3_fu_1282      |    0    |    0    |    0    |
|----------|------------------------|---------|---------|---------|
|          |    sext_ln29_fu_986    |    0    |    0    |    0    |
|          |    sext_ln30_fu_1000   |    0    |    0    |    0    |
|          |    sext_ln32_fu_1019   |    0    |    0    |    0    |
|   sext   |   sext_ln32_1_fu_1022  |    0    |    0    |    0    |
|          |   sext_ln32_2_fu_1031  |    0    |    0    |    0    |
|          |   sext_ln32_3_fu_1040  |    0    |    0    |    0    |
|          |   sext_ln252_fu_1150   |    0    |    0    |    0    |
|----------|------------------------|---------|---------|---------|
|   Total  |                        |    35   |   1535  |   4038  |
|----------|------------------------|---------|---------|---------|

Memories:
N/A

* Register list:
+-------------------------------------------+--------+
|                                           |   FF   |
+-------------------------------------------+--------+
|                 B_reg_1490                |   22   |
|             B_squared_reg_1530            |   15   |
|              B_trunc_reg_1505             |   15   |
|               Ex_1_reg_1473               |    8   |
|               Ex_2_reg_1510               |    8   |
|                Med_reg_1410               |   80   |
|               Mx_1_reg_1495               |   29   |
|             Mx_bits_3_reg_1438            |   58   |
|              Mx_bits_reg_1427             |   58   |
|                Mx_reg_1467                |   29   |
|            add_ln32_1_reg_1560            |   30   |
|                add_reg_1356               |   32   |
|             and_ln271_reg_1420            |    1   |
|             closepath_reg_1394            |    1   |
|               conv6_reg_1361              |   64   |
|               conv_reg_1329               |   32   |
|              din_exp_reg_1381             |    8   |
|              din_sig_reg_1388             |   23   |
|             din_sign_reg_1376             |    1   |
|              f0_read_reg_1304             |   32   |
|              fs_read_reg_1309             |   32   |
|             icmp_ln17_reg_1320            |    1   |
|            icmp_ln282_reg_1455            |    1   |
|            icmp_ln292_reg_1612            |    1   |
|            icmp_ln306_reg_1618            |    1   |
|            in_shift_1_reg_1606            |   28   |
|             mul3_read_reg_1299            |   32   |
|               mul4_reg_1341               |   32   |
|               mul5_reg_1351               |   32   |
|               mul7_reg_1366               |   64   |
|                mul_reg_1346               |   32   |
|                n_1_reg_1314               |   10   |
|                 n_reg_1292                |   10   |
|               phase_reg_1371              |   32   |
|      ref_4oPi_table_100_addr_reg_1400     |    4   |
|              result_reg_1575              |   29   |
|          results_sign_2_reg_1462          |    1   |
|second_order_float_sin_cos_K0_addr_reg_1515|    8   |
|second_order_float_sin_cos_K1_addr_reg_1520|    8   |
|second_order_float_sin_cos_K1_load_reg_1540|   23   |
|second_order_float_sin_cos_K2_addr_reg_1525|    8   |
|second_order_float_sin_cos_K2_load_reg_1545|   15   |
|            sext_ln32_3_reg_1565           |   58   |
|             sin_basis_reg_1448            |    1   |
|             sub_ln506_reg_1485            |    8   |
|                t1_reg_1535                |   29   |
|                 t_reg_1334                |   32   |
|              tmp_1_i_reg_1580             |   16   |
|              tmp_3_i_reg_1585             |   13   |
|              tmp_7_i_reg_1443             |   29   |
|               tmp_i_reg_1500              |    7   |
|                tmp_reg_1479               |    1   |
|           trunc_ln281_1_reg_1600          |    4   |
|            trunc_ln281_reg_1595           |    5   |
|             trunc_ln2_reg_1550            |   22   |
|            trunc_ln379_reg_1405           |    4   |
|             trunc_ln3_reg_1555            |   14   |
|             trunc_ln5_reg_1590            |   28   |
|            trunc_ln_i_reg_1433            |    3   |
|             zext_ln21_reg_1324            |   32   |
|             zext_ln32_reg_1570            |   58   |
|            zext_ln468_reg_1415            |   80   |
+-------------------------------------------+--------+
|                   Total                   |  1394  |
+-------------------------------------------+--------+

* Multiplexer (MUX) list: 
|-------------------|------|------|------|--------||---------||---------||---------|
|        Comp       |  Pin | Size |  BW  | S x BW ||  Delay  ||    FF   ||   LUT   |
|-------------------|------|------|------|--------||---------||---------||---------|
| grp_access_fu_283 |  p0  |   2  |   4  |    8   ||    0    ||    9    |
| grp_access_fu_296 |  p0  |   2  |   8  |   16   ||    0    ||    9    |
| grp_access_fu_309 |  p0  |   2  |   8  |   16   ||    0    ||    9    |
| grp_access_fu_322 |  p0  |   2  |   8  |   16   ||    0    ||    9    |
|     grp_fu_361    |  p0  |   2  |  10  |   20   ||    0    ||    9    |
|     grp_fu_379    |  p0  |   2  |  30  |   60   ||    0    ||    9    |
|     grp_fu_379    |  p1  |   2  |  29  |   58   ||    0    ||    9    |
|     grp_fu_383    |  p1  |   2  |  24  |   48   ||    0    ||    9    |
|-------------------|------|------|------|--------||---------||---------||---------|
|       Total       |      |      |      |   242  ||  12.704 ||    0    ||    72   |
|-------------------|------|------|------|--------||---------||---------||---------|



* Summary:
+-----------+--------+--------+--------+--------+
|           |   DSP  |  Delay |   FF   |   LUT  |
+-----------+--------+--------+--------+--------+
|  Function |   35   |    -   |  1535  |  4038  |
|   Memory  |    -   |    -   |    -   |    -   |
|Multiplexer|    -   |   12   |    0   |   72   |
|  Register |    -   |    -   |  1394  |    -   |
+-----------+--------+--------+--------+--------+
|   Total   |   35   |   12   |  2929  |  4110  |
+-----------+--------+--------+--------+--------+
