

================================================================
== Vitis HLS Report for 'chirp_Pipeline_VITIS_LOOP_60_1_VITIS_LOOP_63_2'
================================================================
* Date:           Tue Aug 18 15:46:48 2026

* Version:        2025.2 (Build 6295257 on Nov 14 2025)
* Project:        ChirpGenerator
* Solution:       hls (Vivado IP Flow Target)
* Product family: zynq
* Target device:  xc7z020-clg484-1


================================================================
== Performance Estimates
================================================================
+ Timing: 
    * Summary: 
    +--------+----------+----------+------------+
    |  Clock |  Target  | Estimated| Uncertainty|
    +--------+----------+----------+------------+
    |ap_clk  |  10.00 ns|  7.256 ns|     2.70 ns|
    +--------+----------+----------+------------+

+ Latency: 
    * Summary: 
    +---------+---------+----------+----------+-----+-----+-------------------+
    |  Latency (cycles) |  Latency (absolute) |  Interval |      Pipeline     |
    |   min   |   max   |    min   |    max   | min | max |        Type       |
    +---------+---------+----------+----------+-----+-----+-------------------+
    |        ?|        ?|         ?|         ?|    0|    0|  loop pipeline stp|
    +---------+---------+----------+----------+-----+-----+-------------------+

    + Detail: 
        * Instance: 
        N/A

        * Loop: 
        +-----------------------------------+---------+---------+----------+-----------+-----------+------+----------+
        |                                   |  Latency (cycles) | Iteration|  Initiation Interval  | Trip |          |
        |             Loop Name             |   min   |   max   |  Latency |  achieved |   target  | Count| Pipelined|
        +-----------------------------------+---------+---------+----------+-----------+-----------+------+----------+
        |- VITIS_LOOP_60_1_VITIS_LOOP_63_2  |        ?|        ?|        68|          1|          1|     ?|       yes|
        +-----------------------------------+---------+---------+----------+-----------+-----------+------+----------+

============================================================
+ Verbose Summary: Synthesis Manager
============================================================
InlineROM: 1
ExposeGlobal: 0
============================================================
+ Verbose Summary: CDFG Model
============================================================
IsTopModel: 0
ResetActiveHigh: 1
IsCombinational: 0
IsDatapathOnly: 0
HasWiredReturn: 1
HasMFsm: 2
HasVarLatency: 1
IsPipeline: 0
IsRtlPipelined: 0
IsInstanceOverlapped: 0
IsDontTouch: 0
HasImplIP: 0
IsGatedGlobalClock: 0

+ Individual pipeline summary: 
  * Pipeline-0: initiation interval (II) = 1, depth = 69


============================================================
+ Verbose Summary: Schedule
============================================================
* Number of FSM states : 69
* Pipeline : 1
  Pipeline-0 : II = 1, D = 69, States = { 1 2 3 4 5 6 7 8 9 10 11 12 13 14 15 16 17 18 19 20 21 22 23 24 25 26 27 28 29 30 31 32 33 34 35 36 37 38 39 40 41 42 43 44 45 46 47 48 49 50 51 52 53 54 55 56 57 58 59 60 61 62 63 64 65 66 67 68 69 }
* Dataflow Pipeline: 0

* FSM state transitions: 
1 --> 2 
2 --> 3 
3 --> 4 
4 --> 5 
5 --> 6 
6 --> 7 
7 --> 8 
8 --> 9 
9 --> 10 
10 --> 11 
11 --> 12 
12 --> 13 
13 --> 14 
14 --> 15 
15 --> 16 
16 --> 17 
17 --> 18 
18 --> 19 
19 --> 20 
20 --> 21 
21 --> 22 
22 --> 23 
23 --> 24 
24 --> 25 
25 --> 26 
26 --> 27 
27 --> 28 
28 --> 29 
29 --> 30 
30 --> 31 
31 --> 32 
32 --> 33 
33 --> 34 
34 --> 35 
35 --> 36 
36 --> 37 
37 --> 38 
38 --> 39 
39 --> 40 
40 --> 41 
41 --> 42 
42 --> 43 
43 --> 44 
44 --> 45 
45 --> 46 
46 --> 47 
47 --> 48 
48 --> 49 
49 --> 50 
50 --> 51 
51 --> 52 
52 --> 53 
53 --> 54 
54 --> 55 
55 --> 56 
56 --> 57 
57 --> 58 
58 --> 59 
59 --> 60 
60 --> 61 
61 --> 62 
62 --> 63 
63 --> 64 
64 --> 65 
65 --> 66 
66 --> 67 
67 --> 68 
68 --> 69 
69 --> 

* FSM state operations: 

State 1 <SV = 0> <Delay = 1.58>
ST_1 : Operation 71 [1/1] (0.00ns)   --->   "%n = alloca i32 1" [chirp.cpp:63]   --->   Operation 71 'alloca' 'n' <Predicate = true> <Delay = 0.00>
ST_1 : Operation 72 [1/1] (0.00ns)   --->   "%chirp_1 = alloca i32 1" [chirp.cpp:60]   --->   Operation 72 'alloca' 'chirp_1' <Predicate = true> <Delay = 0.00>
ST_1 : Operation 73 [1/1] (0.00ns)   --->   "%indvar_flatten = alloca i32 1"   --->   Operation 73 'alloca' 'indvar_flatten' <Predicate = true> <Delay = 0.00>
ST_1 : Operation 74 [1/1] (0.00ns)   --->   "%Tc_read = read i32 @_ssdm_op_Read.ap_auto.float, i32 %Tc"   --->   Operation 74 'read' 'Tc_read' <Predicate = true> <Delay = 0.00>
ST_1 : Operation 75 [1/1] (0.00ns)   --->   "%tmp_4 = read i23 @_ssdm_op_Read.ap_auto.i23, i23 %empty"   --->   Operation 75 'read' 'tmp_4' <Predicate = true> <Delay = 0.00>
ST_1 : Operation 76 [1/1] (0.00ns)   --->   "%bitcast_ln75_1_read = read i31 @_ssdm_op_Read.ap_auto.i31, i31 %bitcast_ln75_1"   --->   Operation 76 'read' 'bitcast_ln75_1_read' <Predicate = true> <Delay = 0.00>
ST_1 : Operation 77 [1/1] (0.00ns)   --->   "%fs_read = read i32 @_ssdm_op_Read.ap_auto.float, i32 %fs"   --->   Operation 77 'read' 'fs_read' <Predicate = true> <Delay = 0.00>
ST_1 : Operation 78 [1/1] (0.00ns)   --->   "%N_SAMPLES_USED_read = read i32 @_ssdm_op_Read.ap_auto.i32, i32 %N_SAMPLES_USED"   --->   Operation 78 'read' 'N_SAMPLES_USED_read' <Predicate = true> <Delay = 0.00>
ST_1 : Operation 79 [1/1] (0.00ns)   --->   "%mul8_read = read i32 @_ssdm_op_Read.ap_auto.float, i32 %mul8"   --->   Operation 79 'read' 'mul8_read' <Predicate = true> <Delay = 0.00>
ST_1 : Operation 80 [1/1] (0.00ns)   --->   "%f0_read = read i32 @_ssdm_op_Read.ap_auto.float, i32 %f0"   --->   Operation 80 'read' 'f0_read' <Predicate = true> <Delay = 0.00>
ST_1 : Operation 81 [1/1] (0.00ns)   --->   "%mul_ln11_read = read i62 @_ssdm_op_Read.ap_auto.i62, i62 %mul_ln11"   --->   Operation 81 'read' 'mul_ln11_read' <Predicate = true> <Delay = 0.00>
ST_1 : Operation 82 [1/1] (0.00ns)   --->   "%specinterface_ln0 = specinterface void @_ssdm_op_SpecInterface, i32 %out_r, void @empty, i32 0, i32 0, void @empty_0, i32 4294967295, i32 0, void @empty_0, void @empty_0, void @empty_0, i32 0, i32 0, i32 0, i32 0, void @empty_0, void @empty_0, i32 4294967295, i32 0, i32 0, i32 0"   --->   Operation 82 'specinterface' 'specinterface_ln0' <Predicate = true> <Delay = 0.00>
ST_1 : Operation 83 [1/1] (1.58ns)   --->   "%store_ln0 = store i62 0, i62 %indvar_flatten"   --->   Operation 83 'store' 'store_ln0' <Predicate = true> <Delay = 1.58>
ST_1 : Operation 84 [1/1] (1.58ns)   --->   "%store_ln60 = store i31 0, i31 %chirp_1" [chirp.cpp:60]   --->   Operation 84 'store' 'store_ln60' <Predicate = true> <Delay = 1.58>
ST_1 : Operation 85 [1/1] (1.58ns)   --->   "%store_ln63 = store i23 0, i23 %n" [chirp.cpp:63]   --->   Operation 85 'store' 'store_ln63' <Predicate = true> <Delay = 1.58>
ST_1 : Operation 86 [1/1] (0.00ns)   --->   "%br_ln0 = br void %for.body5"   --->   Operation 86 'br' 'br_ln0' <Predicate = true> <Delay = 0.00>

State 2 <SV = 1> <Delay = 5.05>
ST_2 : Operation 87 [1/1] (0.00ns)   --->   "%indvar_flatten_load = load i62 %indvar_flatten" [chirp.cpp:60]   --->   Operation 87 'load' 'indvar_flatten_load' <Predicate = true> <Delay = 0.00>
ST_2 : Operation 88 [1/1] (3.46ns)   --->   "%icmp_ln60 = icmp_eq  i62 %indvar_flatten_load, i62 %mul_ln11_read" [chirp.cpp:60]   --->   Operation 88 'icmp' 'icmp_ln60' <Predicate = true> <Delay = 3.46> <CoreInst = "Cmp">   --->   Core 9 'Cmp' <Latency = 0> <II = 1> <Delay = 3.46> <FuncUnit> <Opcode : 'seteq' 'setne' 'setle' 'setge' 'setlt' 'setgt'> <InPorts = 2> <OutPorts = 1>
ST_2 : Operation 89 [1/1] (0.00ns)   --->   "%br_ln60 = br i1 %icmp_ln60, void %for.inc21, void %for.end23.exitStub" [chirp.cpp:60]   --->   Operation 89 'br' 'br_ln60' <Predicate = true> <Delay = 0.00>
ST_2 : Operation 90 [1/1] (3.46ns)   --->   "%add_ln60_1 = add i62 %indvar_flatten_load, i62 1" [chirp.cpp:60]   --->   Operation 90 'add' 'add_ln60_1' <Predicate = (!icmp_ln60)> <Delay = 3.46> <CoreInst = "Adder">   --->   Core 1 'Adder' <Latency = 0> <II = 1> <Delay = 3.46> <FuncUnit> <Opcode : 'add' 'sub'> <InPorts = 2> <OutPorts = 1>
ST_2 : Operation 91 [1/1] (1.58ns)   --->   "%store_ln60 = store i62 %add_ln60_1, i62 %indvar_flatten" [chirp.cpp:60]   --->   Operation 91 'store' 'store_ln60' <Predicate = (!icmp_ln60)> <Delay = 1.58>

State 3 <SV = 2> <Delay = 7.12>
ST_3 : Operation 92 [1/1] (0.00ns)   --->   "%n_load = load i23 %n" [chirp.cpp:63]   --->   Operation 92 'load' 'n_load' <Predicate = (!icmp_ln60)> <Delay = 0.00>
ST_3 : Operation 93 [1/1] (0.00ns)   --->   "%chirp_load = load i31 %chirp_1" [chirp.cpp:60]   --->   Operation 93 'load' 'chirp_load' <Predicate = (!icmp_ln60)> <Delay = 0.00>
ST_3 : Operation 94 [1/1] (0.00ns)   --->   "%zext_ln63 = zext i23 %n_load" [chirp.cpp:63]   --->   Operation 94 'zext' 'zext_ln63' <Predicate = (!icmp_ln60)> <Delay = 0.00>
ST_3 : Operation 95 [1/1] (2.55ns)   --->   "%icmp_ln63 = icmp_slt  i32 %zext_ln63, i32 %N_SAMPLES_USED_read" [chirp.cpp:63]   --->   Operation 95 'icmp' 'icmp_ln63' <Predicate = (!icmp_ln60)> <Delay = 2.55> <CoreInst = "Cmp">   --->   Core 9 'Cmp' <Latency = 0> <II = 1> <Delay = 2.55> <FuncUnit> <Opcode : 'seteq' 'setne' 'setle' 'setge' 'setlt' 'setgt'> <InPorts = 2> <OutPorts = 1>
ST_3 : Operation 96 [1/1] (2.52ns)   --->   "%add_ln60 = add i31 %chirp_load, i31 1" [chirp.cpp:60]   --->   Operation 96 'add' 'add_ln60' <Predicate = (!icmp_ln60)> <Delay = 2.52> <CoreInst = "Adder">   --->   Core 1 'Adder' <Latency = 0> <II = 1> <Delay = 2.52> <FuncUnit> <Opcode : 'add' 'sub'> <InPorts = 2> <OutPorts = 1>
ST_3 : Operation 97 [1/1] (0.69ns)   --->   "%select_ln60 = select i1 %icmp_ln63, i23 %n_load, i23 0" [chirp.cpp:60]   --->   Operation 97 'select' 'select_ln60' <Predicate = (!icmp_ln60)> <Delay = 0.69> <CoreInst = "Sel">   --->   Core 73 'Sel' <Latency = 0> <II = 1> <Delay = 0.69> <FuncUnit> <Opcode : 'select'> <InPorts = 3> <OutPorts = 1>
ST_3 : Operation 98 [1/1] (0.73ns)   --->   "%select_ln60_1 = select i1 %icmp_ln63, i31 %chirp_load, i31 %add_ln60" [chirp.cpp:60]   --->   Operation 98 'select' 'select_ln60_1' <Predicate = (!icmp_ln60)> <Delay = 0.73> <CoreInst = "Sel">   --->   Core 73 'Sel' <Latency = 0> <II = 1> <Delay = 0.73> <FuncUnit> <Opcode : 'select'> <InPorts = 3> <OutPorts = 1>
ST_3 : Operation 99 [1/1] (0.00ns)   --->   "%trunc_ln85 = trunc i31 %select_ln60_1" [chirp.cpp:85]   --->   Operation 99 'trunc' 'trunc_ln85' <Predicate = (!icmp_ln60)> <Delay = 0.00>
ST_3 : Operation 100 [1/1] (0.00ns)   --->   "%tmp_3 = bitconcatenate i22 @_ssdm_op_BitConcatenate.i22.i9.i13, i9 %trunc_ln85, i13 0" [chirp.cpp:85]   --->   Operation 100 'bitconcatenate' 'tmp_3' <Predicate = (!icmp_ln60)> <Delay = 0.00>
ST_3 : Operation 101 [1/1] (0.00ns)   --->   "%trunc_ln85_1 = trunc i23 %select_ln60" [chirp.cpp:85]   --->   Operation 101 'trunc' 'trunc_ln85_1' <Predicate = (!icmp_ln60)> <Delay = 0.00>
ST_3 : Operation 102 [1/1] (2.25ns)   --->   "%add_ln85 = add i22 %tmp_3, i22 %trunc_ln85_1" [chirp.cpp:85]   --->   Operation 102 'add' 'add_ln85' <Predicate = (!icmp_ln60)> <Delay = 2.25> <CoreInst = "Adder">   --->   Core 1 'Adder' <Latency = 0> <II = 1> <Delay = 2.25> <FuncUnit> <Opcode : 'add' 'sub'> <InPorts = 2> <OutPorts = 1>
ST_3 : Operation 103 [1/1] (2.28ns)   --->   "%add_ln63 = add i23 %select_ln60, i23 1" [chirp.cpp:63]   --->   Operation 103 'add' 'add_ln63' <Predicate = true> <Delay = 2.28> <CoreInst = "Adder">   --->   Core 1 'Adder' <Latency = 0> <II = 1> <Delay = 2.28> <FuncUnit> <Opcode : 'add' 'sub'> <InPorts = 2> <OutPorts = 1>
ST_3 : Operation 104 [1/1] (1.58ns)   --->   "%store_ln60 = store i31 %select_ln60_1, i31 %chirp_1" [chirp.cpp:60]   --->   Operation 104 'store' 'store_ln60' <Predicate = true> <Delay = 1.58>
ST_3 : Operation 105 [1/1] (1.58ns)   --->   "%store_ln63 = store i23 %add_ln63, i23 %n" [chirp.cpp:63]   --->   Operation 105 'store' 'store_ln63' <Predicate = true> <Delay = 1.58>

State 4 <SV = 3> <Delay = 6.41>
ST_4 : Operation 106 [1/1] (0.00ns)   --->   "%zext_ln71 = zext i23 %select_ln60" [chirp.cpp:71]   --->   Operation 106 'zext' 'zext_ln71' <Predicate = (!icmp_ln60)> <Delay = 0.00>
ST_4 : Operation 107 [6/6] (6.41ns)   --->   "%conv = sitofp i32 %zext_ln71" [chirp.cpp:71]   --->   Operation 107 'sitofp' 'conv' <Predicate = (!icmp_ln60)> <Delay = 6.41> <CoreInst = "Int2Float">   --->   Core 62 'Int2Float' <Latency = 5> <II = 1> <Delay = 6.41> <FuncUnit> <Opcode : 'uitofp' 'sitofp'> <InPorts = 1> <OutPorts = 1>

State 5 <SV = 4> <Delay = 6.41>
ST_5 : Operation 108 [5/6] (6.41ns)   --->   "%conv = sitofp i32 %zext_ln71" [chirp.cpp:71]   --->   Operation 108 'sitofp' 'conv' <Predicate = (!icmp_ln60)> <Delay = 6.41> <CoreInst = "Int2Float">   --->   Core 62 'Int2Float' <Latency = 5> <II = 1> <Delay = 6.41> <FuncUnit> <Opcode : 'uitofp' 'sitofp'> <InPorts = 1> <OutPorts = 1>

State 6 <SV = 5> <Delay = 6.41>
ST_6 : Operation 109 [4/6] (6.41ns)   --->   "%conv = sitofp i32 %zext_ln71" [chirp.cpp:71]   --->   Operation 109 'sitofp' 'conv' <Predicate = (!icmp_ln60)> <Delay = 6.41> <CoreInst = "Int2Float">   --->   Core 62 'Int2Float' <Latency = 5> <II = 1> <Delay = 6.41> <FuncUnit> <Opcode : 'uitofp' 'sitofp'> <InPorts = 1> <OutPorts = 1>

State 7 <SV = 6> <Delay = 6.41>
ST_7 : Operation 110 [3/6] (6.41ns)   --->   "%conv = sitofp i32 %zext_ln71" [chirp.cpp:71]   --->   Operation 110 'sitofp' 'conv' <Predicate = (!icmp_ln60)> <Delay = 6.41> <CoreInst = "Int2Float">   --->   Core 62 'Int2Float' <Latency = 5> <II = 1> <Delay = 6.41> <FuncUnit> <Opcode : 'uitofp' 'sitofp'> <InPorts = 1> <OutPorts = 1>

State 8 <SV = 7> <Delay = 6.41>
ST_8 : Operation 111 [2/6] (6.41ns)   --->   "%conv = sitofp i32 %zext_ln71" [chirp.cpp:71]   --->   Operation 111 'sitofp' 'conv' <Predicate = (!icmp_ln60)> <Delay = 6.41> <CoreInst = "Int2Float">   --->   Core 62 'Int2Float' <Latency = 5> <II = 1> <Delay = 6.41> <FuncUnit> <Opcode : 'uitofp' 'sitofp'> <InPorts = 1> <OutPorts = 1>

State 9 <SV = 8> <Delay = 6.41>
ST_9 : Operation 112 [1/6] (6.41ns)   --->   "%conv = sitofp i32 %zext_ln71" [chirp.cpp:71]   --->   Operation 112 'sitofp' 'conv' <Predicate = (!icmp_ln60)> <Delay = 6.41> <CoreInst = "Int2Float">   --->   Core 62 'Int2Float' <Latency = 5> <II = 1> <Delay = 6.41> <FuncUnit> <Opcode : 'uitofp' 'sitofp'> <InPorts = 1> <OutPorts = 1>

State 10 <SV = 9> <Delay = 6.07>
ST_10 : Operation 113 [16/16] (6.07ns)   --->   "%t = fdiv i32 %conv, i32 %fs_read" [chirp.cpp:71]   --->   Operation 113 'fdiv' 't' <Predicate = (!icmp_ln60)> <Delay = 6.07> <CoreInst = "FDiv">   --->   Core 20 'FDiv' <Latency = 15> <II = 1> <Delay = 6.07> <FuncUnit> <Opcode : 'fdiv' 'frem'> <InPorts = 2> <OutPorts = 1>

State 11 <SV = 10> <Delay = 6.07>
ST_11 : Operation 114 [15/16] (6.07ns)   --->   "%t = fdiv i32 %conv, i32 %fs_read" [chirp.cpp:71]   --->   Operation 114 'fdiv' 't' <Predicate = (!icmp_ln60)> <Delay = 6.07> <CoreInst = "FDiv">   --->   Core 20 'FDiv' <Latency = 15> <II = 1> <Delay = 6.07> <FuncUnit> <Opcode : 'fdiv' 'frem'> <InPorts = 2> <OutPorts = 1>

State 12 <SV = 11> <Delay = 6.07>
ST_12 : Operation 115 [14/16] (6.07ns)   --->   "%t = fdiv i32 %conv, i32 %fs_read" [chirp.cpp:71]   --->   Operation 115 'fdiv' 't' <Predicate = (!icmp_ln60)> <Delay = 6.07> <CoreInst = "FDiv">   --->   Core 20 'FDiv' <Latency = 15> <II = 1> <Delay = 6.07> <FuncUnit> <Opcode : 'fdiv' 'frem'> <InPorts = 2> <OutPorts = 1>

State 13 <SV = 12> <Delay = 6.07>
ST_13 : Operation 116 [13/16] (6.07ns)   --->   "%t = fdiv i32 %conv, i32 %fs_read" [chirp.cpp:71]   --->   Operation 116 'fdiv' 't' <Predicate = (!icmp_ln60)> <Delay = 6.07> <CoreInst = "FDiv">   --->   Core 20 'FDiv' <Latency = 15> <II = 1> <Delay = 6.07> <FuncUnit> <Opcode : 'fdiv' 'frem'> <InPorts = 2> <OutPorts = 1>

State 14 <SV = 13> <Delay = 6.07>
ST_14 : Operation 117 [12/16] (6.07ns)   --->   "%t = fdiv i32 %conv, i32 %fs_read" [chirp.cpp:71]   --->   Operation 117 'fdiv' 't' <Predicate = (!icmp_ln60)> <Delay = 6.07> <CoreInst = "FDiv">   --->   Core 20 'FDiv' <Latency = 15> <II = 1> <Delay = 6.07> <FuncUnit> <Opcode : 'fdiv' 'frem'> <InPorts = 2> <OutPorts = 1>

State 15 <SV = 14> <Delay = 6.07>
ST_15 : Operation 118 [11/16] (6.07ns)   --->   "%t = fdiv i32 %conv, i32 %fs_read" [chirp.cpp:71]   --->   Operation 118 'fdiv' 't' <Predicate = (!icmp_ln60)> <Delay = 6.07> <CoreInst = "FDiv">   --->   Core 20 'FDiv' <Latency = 15> <II = 1> <Delay = 6.07> <FuncUnit> <Opcode : 'fdiv' 'frem'> <InPorts = 2> <OutPorts = 1>

State 16 <SV = 15> <Delay = 6.07>
ST_16 : Operation 119 [10/16] (6.07ns)   --->   "%t = fdiv i32 %conv, i32 %fs_read" [chirp.cpp:71]   --->   Operation 119 'fdiv' 't' <Predicate = (!icmp_ln60)> <Delay = 6.07> <CoreInst = "FDiv">   --->   Core 20 'FDiv' <Latency = 15> <II = 1> <Delay = 6.07> <FuncUnit> <Opcode : 'fdiv' 'frem'> <InPorts = 2> <OutPorts = 1>

State 17 <SV = 16> <Delay = 6.07>
ST_17 : Operation 120 [9/16] (6.07ns)   --->   "%t = fdiv i32 %conv, i32 %fs_read" [chirp.cpp:71]   --->   Operation 120 'fdiv' 't' <Predicate = (!icmp_ln60)> <Delay = 6.07> <CoreInst = "FDiv">   --->   Core 20 'FDiv' <Latency = 15> <II = 1> <Delay = 6.07> <FuncUnit> <Opcode : 'fdiv' 'frem'> <InPorts = 2> <OutPorts = 1>

State 18 <SV = 17> <Delay = 6.07>
ST_18 : Operation 121 [8/16] (6.07ns)   --->   "%t = fdiv i32 %conv, i32 %fs_read" [chirp.cpp:71]   --->   Operation 121 'fdiv' 't' <Predicate = (!icmp_ln60)> <Delay = 6.07> <CoreInst = "FDiv">   --->   Core 20 'FDiv' <Latency = 15> <II = 1> <Delay = 6.07> <FuncUnit> <Opcode : 'fdiv' 'frem'> <InPorts = 2> <OutPorts = 1>

State 19 <SV = 18> <Delay = 6.07>
ST_19 : Operation 122 [7/16] (6.07ns)   --->   "%t = fdiv i32 %conv, i32 %fs_read" [chirp.cpp:71]   --->   Operation 122 'fdiv' 't' <Predicate = (!icmp_ln60)> <Delay = 6.07> <CoreInst = "FDiv">   --->   Core 20 'FDiv' <Latency = 15> <II = 1> <Delay = 6.07> <FuncUnit> <Opcode : 'fdiv' 'frem'> <InPorts = 2> <OutPorts = 1>

State 20 <SV = 19> <Delay = 6.07>
ST_20 : Operation 123 [6/16] (6.07ns)   --->   "%t = fdiv i32 %conv, i32 %fs_read" [chirp.cpp:71]   --->   Operation 123 'fdiv' 't' <Predicate = (!icmp_ln60)> <Delay = 6.07> <CoreInst = "FDiv">   --->   Core 20 'FDiv' <Latency = 15> <II = 1> <Delay = 6.07> <FuncUnit> <Opcode : 'fdiv' 'frem'> <InPorts = 2> <OutPorts = 1>

State 21 <SV = 20> <Delay = 6.07>
ST_21 : Operation 124 [5/16] (6.07ns)   --->   "%t = fdiv i32 %conv, i32 %fs_read" [chirp.cpp:71]   --->   Operation 124 'fdiv' 't' <Predicate = (!icmp_ln60)> <Delay = 6.07> <CoreInst = "FDiv">   --->   Core 20 'FDiv' <Latency = 15> <II = 1> <Delay = 6.07> <FuncUnit> <Opcode : 'fdiv' 'frem'> <InPorts = 2> <OutPorts = 1>

State 22 <SV = 21> <Delay = 6.07>
ST_22 : Operation 125 [4/16] (6.07ns)   --->   "%t = fdiv i32 %conv, i32 %fs_read" [chirp.cpp:71]   --->   Operation 125 'fdiv' 't' <Predicate = (!icmp_ln60)> <Delay = 6.07> <CoreInst = "FDiv">   --->   Core 20 'FDiv' <Latency = 15> <II = 1> <Delay = 6.07> <FuncUnit> <Opcode : 'fdiv' 'frem'> <InPorts = 2> <OutPorts = 1>

State 23 <SV = 22> <Delay = 6.07>
ST_23 : Operation 126 [3/16] (6.07ns)   --->   "%t = fdiv i32 %conv, i32 %fs_read" [chirp.cpp:71]   --->   Operation 126 'fdiv' 't' <Predicate = (!icmp_ln60)> <Delay = 6.07> <CoreInst = "FDiv">   --->   Core 20 'FDiv' <Latency = 15> <II = 1> <Delay = 6.07> <FuncUnit> <Opcode : 'fdiv' 'frem'> <InPorts = 2> <OutPorts = 1>

State 24 <SV = 23> <Delay = 6.07>
ST_24 : Operation 127 [2/16] (6.07ns)   --->   "%t = fdiv i32 %conv, i32 %fs_read" [chirp.cpp:71]   --->   Operation 127 'fdiv' 't' <Predicate = (!icmp_ln60)> <Delay = 6.07> <CoreInst = "FDiv">   --->   Core 20 'FDiv' <Latency = 15> <II = 1> <Delay = 6.07> <FuncUnit> <Opcode : 'fdiv' 'frem'> <InPorts = 2> <OutPorts = 1>

State 25 <SV = 24> <Delay = 6.07>
ST_25 : Operation 128 [1/16] (6.07ns)   --->   "%t = fdiv i32 %conv, i32 %fs_read" [chirp.cpp:71]   --->   Operation 128 'fdiv' 't' <Predicate = (!icmp_ln60)> <Delay = 6.07> <CoreInst = "FDiv">   --->   Core 20 'FDiv' <Latency = 15> <II = 1> <Delay = 6.07> <FuncUnit> <Opcode : 'fdiv' 'frem'> <InPorts = 2> <OutPorts = 1>

State 26 <SV = 25> <Delay = 5.43>
ST_26 : Operation 129 [2/2] (5.43ns)   --->   "%tmp_2 = fcmp_olt  i32 %t, i32 %Tc_read" [chirp.cpp:75]   --->   Operation 129 'fcmp' 'tmp_2' <Predicate = (!icmp_ln60)> <Delay = 5.43> <CoreInst = "FCompare">   --->   Core 19 'FCompare' <Latency = 1> <II = 1> <Delay = 5.43> <FuncUnit> <Opcode : 'fcmp'> <InPorts = 2> <OutPorts = 1>

State 27 <SV = 26> <Delay = 6.40>
ST_27 : Operation 130 [1/1] (0.00ns)   --->   "%bitcast_ln75 = bitcast i32 %t" [chirp.cpp:75]   --->   Operation 130 'bitcast' 'bitcast_ln75' <Predicate = (!icmp_ln60)> <Delay = 0.00>
ST_27 : Operation 131 [1/1] (0.00ns)   --->   "%tmp = partselect i8 @_ssdm_op_PartSelect.i8.i32.i32.i32, i32 %bitcast_ln75, i32 23, i32 30" [chirp.cpp:75]   --->   Operation 131 'partselect' 'tmp' <Predicate = (!icmp_ln60)> <Delay = 0.00>
ST_27 : Operation 132 [1/1] (0.00ns)   --->   "%trunc_ln75 = trunc i32 %bitcast_ln75" [chirp.cpp:75]   --->   Operation 132 'trunc' 'trunc_ln75' <Predicate = (!icmp_ln60)> <Delay = 0.00>
ST_27 : Operation 133 [1/1] (0.00ns)   --->   "%tmp_1 = partselect i8 @_ssdm_op_PartSelect.i8.i31.i32.i32, i31 %bitcast_ln75_1_read, i32 23, i32 30" [chirp.cpp:75]   --->   Operation 133 'partselect' 'tmp_1' <Predicate = (!icmp_ln60)> <Delay = 0.00>
ST_27 : Operation 134 [1/1] (1.91ns)   --->   "%icmp_ln75 = icmp_ne  i8 %tmp, i8 255" [chirp.cpp:75]   --->   Operation 134 'icmp' 'icmp_ln75' <Predicate = (!icmp_ln60)> <Delay = 1.91> <CoreInst = "Cmp">   --->   Core 9 'Cmp' <Latency = 0> <II = 1> <Delay = 1.91> <FuncUnit> <Opcode : 'seteq' 'setne' 'setle' 'setge' 'setlt' 'setgt'> <InPorts = 2> <OutPorts = 1>
ST_27 : Operation 135 [1/1] (2.28ns)   --->   "%icmp_ln75_1 = icmp_eq  i23 %trunc_ln75, i23 0" [chirp.cpp:75]   --->   Operation 135 'icmp' 'icmp_ln75_1' <Predicate = (!icmp_ln60)> <Delay = 2.28> <CoreInst = "Cmp">   --->   Core 9 'Cmp' <Latency = 0> <II = 1> <Delay = 2.28> <FuncUnit> <Opcode : 'seteq' 'setne' 'setle' 'setge' 'setlt' 'setgt'> <InPorts = 2> <OutPorts = 1>
ST_27 : Operation 136 [1/1] (0.00ns) (grouped into LUT with out node and_ln75_1)   --->   "%or_ln75 = or i1 %icmp_ln75_1, i1 %icmp_ln75" [chirp.cpp:75]   --->   Operation 136 'or' 'or_ln75' <Predicate = (!icmp_ln60)> <Delay = 0.00> <CoreInst = "LogicGate">   --->   Core 74 'LogicGate' <Latency = 0> <II = 1> <Delay = 0.97> <FuncUnit> <Opcode : 'and' 'or' 'xor'> <InPorts = 2> <OutPorts = 1>
ST_27 : Operation 137 [1/1] (1.91ns)   --->   "%icmp_ln75_2 = icmp_ne  i8 %tmp_1, i8 255" [chirp.cpp:75]   --->   Operation 137 'icmp' 'icmp_ln75_2' <Predicate = (!icmp_ln60)> <Delay = 1.91> <CoreInst = "Cmp">   --->   Core 9 'Cmp' <Latency = 0> <II = 1> <Delay = 1.91> <FuncUnit> <Opcode : 'seteq' 'setne' 'setle' 'setge' 'setlt' 'setgt'> <InPorts = 2> <OutPorts = 1>
ST_27 : Operation 138 [1/1] (2.28ns)   --->   "%icmp_ln75_3 = icmp_eq  i23 %tmp_4, i23 0" [chirp.cpp:75]   --->   Operation 138 'icmp' 'icmp_ln75_3' <Predicate = (!icmp_ln60)> <Delay = 2.28> <CoreInst = "Cmp">   --->   Core 9 'Cmp' <Latency = 0> <II = 1> <Delay = 2.28> <FuncUnit> <Opcode : 'seteq' 'setne' 'setle' 'setge' 'setlt' 'setgt'> <InPorts = 2> <OutPorts = 1>
ST_27 : Operation 139 [1/1] (0.00ns) (grouped into LUT with out node and_ln75_1)   --->   "%or_ln75_1 = or i1 %icmp_ln75_3, i1 %icmp_ln75_2" [chirp.cpp:75]   --->   Operation 139 'or' 'or_ln75_1' <Predicate = (!icmp_ln60)> <Delay = 0.00> <CoreInst = "LogicGate">   --->   Core 74 'LogicGate' <Latency = 0> <II = 1> <Delay = 0.97> <FuncUnit> <Opcode : 'and' 'or' 'xor'> <InPorts = 2> <OutPorts = 1>
ST_27 : Operation 140 [1/2] (5.43ns)   --->   "%tmp_2 = fcmp_olt  i32 %t, i32 %Tc_read" [chirp.cpp:75]   --->   Operation 140 'fcmp' 'tmp_2' <Predicate = (!icmp_ln60)> <Delay = 5.43> <CoreInst = "FCompare">   --->   Core 19 'FCompare' <Latency = 1> <II = 1> <Delay = 5.43> <FuncUnit> <Opcode : 'fcmp'> <InPorts = 2> <OutPorts = 1>
ST_27 : Operation 141 [1/1] (0.00ns) (grouped into LUT with out node and_ln75_1)   --->   "%and_ln75 = and i1 %or_ln75, i1 %or_ln75_1" [chirp.cpp:75]   --->   Operation 141 'and' 'and_ln75' <Predicate = (!icmp_ln60)> <Delay = 0.00> <CoreInst = "LogicGate">   --->   Core 74 'LogicGate' <Latency = 0> <II = 1> <Delay = 0.97> <FuncUnit> <Opcode : 'and' 'or' 'xor'> <InPorts = 2> <OutPorts = 1>
ST_27 : Operation 142 [1/1] (0.97ns) (out node of the LUT)   --->   "%and_ln75_1 = and i1 %and_ln75, i1 %tmp_2" [chirp.cpp:75]   --->   Operation 142 'and' 'and_ln75_1' <Predicate = (!icmp_ln60)> <Delay = 0.97> <CoreInst = "LogicGate">   --->   Core 74 'LogicGate' <Latency = 0> <II = 1> <Delay = 0.97> <FuncUnit> <Opcode : 'and' 'or' 'xor'> <InPorts = 2> <OutPorts = 1>
ST_27 : Operation 143 [4/4] (5.70ns)   --->   "%mul9 = fmul i32 %mul8_read, i32 %t" [chirp.cpp:81]   --->   Operation 143 'fmul' 'mul9' <Predicate = (!icmp_ln60 & and_ln75_1)> <Delay = 5.70> <CoreInst = "FMul_maxdsp">   --->   Core 30 'FMul_maxdsp' <Latency = 3> <II = 1> <Delay = 5.70> <FuncUnit> <Opcode : 'fmul'> <InPorts = 2> <OutPorts = 1>

State 28 <SV = 27> <Delay = 5.70>
ST_28 : Operation 144 [1/1] (0.00ns)   --->   "%specloopname_ln0 = specloopname void @_ssdm_op_SpecLoopName, void @VITIS_LOOP_60_1_VITIS_LOOP_63_2_str"   --->   Operation 144 'specloopname' 'specloopname_ln0' <Predicate = (!icmp_ln60)> <Delay = 0.00>
ST_28 : Operation 145 [1/1] (0.00ns)   --->   "%zext_ln85 = zext i22 %add_ln85" [chirp.cpp:85]   --->   Operation 145 'zext' 'zext_ln85' <Predicate = (!icmp_ln60)> <Delay = 0.00>
ST_28 : Operation 146 [1/1] (0.00ns)   --->   "%out_r_addr = getelementptr i32 %out_r, i64 0, i64 %zext_ln85" [chirp.cpp:85]   --->   Operation 146 'getelementptr' 'out_r_addr' <Predicate = (!icmp_ln60)> <Delay = 0.00>
ST_28 : Operation 147 [1/1] (0.00ns)   --->   "%specpipeline_ln66 = specpipeline void @_ssdm_op_SpecPipeline, i32 1, i32 0, i32 0, i32 0, i32 4294967295, void @empty_0" [chirp.cpp:66]   --->   Operation 147 'specpipeline' 'specpipeline_ln66' <Predicate = (!icmp_ln60)> <Delay = 0.00>
ST_28 : Operation 148 [1/1] (1.58ns)   --->   "%br_ln75 = br i1 %and_ln75_1, void %for.inc, void %if.then" [chirp.cpp:75]   --->   Operation 148 'br' 'br_ln75' <Predicate = (!icmp_ln60)> <Delay = 1.58>
ST_28 : Operation 149 [3/4] (5.70ns)   --->   "%mul9 = fmul i32 %mul8_read, i32 %t" [chirp.cpp:81]   --->   Operation 149 'fmul' 'mul9' <Predicate = (!icmp_ln60 & and_ln75_1)> <Delay = 5.70> <CoreInst = "FMul_maxdsp">   --->   Core 30 'FMul_maxdsp' <Latency = 3> <II = 1> <Delay = 5.70> <FuncUnit> <Opcode : 'fmul'> <InPorts = 2> <OutPorts = 1>

State 29 <SV = 28> <Delay = 5.70>
ST_29 : Operation 150 [2/4] (5.70ns)   --->   "%mul9 = fmul i32 %mul8_read, i32 %t" [chirp.cpp:81]   --->   Operation 150 'fmul' 'mul9' <Predicate = (!icmp_ln60 & and_ln75_1)> <Delay = 5.70> <CoreInst = "FMul_maxdsp">   --->   Core 30 'FMul_maxdsp' <Latency = 3> <II = 1> <Delay = 5.70> <FuncUnit> <Opcode : 'fmul'> <InPorts = 2> <OutPorts = 1>

State 30 <SV = 29> <Delay = 5.70>
ST_30 : Operation 151 [1/4] (5.70ns)   --->   "%mul9 = fmul i32 %mul8_read, i32 %t" [chirp.cpp:81]   --->   Operation 151 'fmul' 'mul9' <Predicate = (!icmp_ln60 & and_ln75_1)> <Delay = 5.70> <CoreInst = "FMul_maxdsp">   --->   Core 30 'FMul_maxdsp' <Latency = 3> <II = 1> <Delay = 5.70> <FuncUnit> <Opcode : 'fmul'> <InPorts = 2> <OutPorts = 1>

State 31 <SV = 30> <Delay = 5.70>
ST_31 : Operation 152 [4/4] (5.70ns)   --->   "%mul = fmul i32 %t, i32 %f0_read" [chirp.cpp:81]   --->   Operation 152 'fmul' 'mul' <Predicate = (!icmp_ln60 & and_ln75_1)> <Delay = 5.70> <CoreInst = "FMul_maxdsp">   --->   Core 30 'FMul_maxdsp' <Latency = 3> <II = 1> <Delay = 5.70> <FuncUnit> <Opcode : 'fmul'> <InPorts = 2> <OutPorts = 1>
ST_31 : Operation 153 [4/4] (5.70ns)   --->   "%mul1 = fmul i32 %mul9, i32 %t" [chirp.cpp:81]   --->   Operation 153 'fmul' 'mul1' <Predicate = (!icmp_ln60 & and_ln75_1)> <Delay = 5.70> <CoreInst = "FMul_maxdsp">   --->   Core 30 'FMul_maxdsp' <Latency = 3> <II = 1> <Delay = 5.70> <FuncUnit> <Opcode : 'fmul'> <InPorts = 2> <OutPorts = 1>

State 32 <SV = 31> <Delay = 5.70>
ST_32 : Operation 154 [3/4] (5.70ns)   --->   "%mul = fmul i32 %t, i32 %f0_read" [chirp.cpp:81]   --->   Operation 154 'fmul' 'mul' <Predicate = (!icmp_ln60 & and_ln75_1)> <Delay = 5.70> <CoreInst = "FMul_maxdsp">   --->   Core 30 'FMul_maxdsp' <Latency = 3> <II = 1> <Delay = 5.70> <FuncUnit> <Opcode : 'fmul'> <InPorts = 2> <OutPorts = 1>
ST_32 : Operation 155 [3/4] (5.70ns)   --->   "%mul1 = fmul i32 %mul9, i32 %t" [chirp.cpp:81]   --->   Operation 155 'fmul' 'mul1' <Predicate = (!icmp_ln60 & and_ln75_1)> <Delay = 5.70> <CoreInst = "FMul_maxdsp">   --->   Core 30 'FMul_maxdsp' <Latency = 3> <II = 1> <Delay = 5.70> <FuncUnit> <Opcode : 'fmul'> <InPorts = 2> <OutPorts = 1>

State 33 <SV = 32> <Delay = 5.70>
ST_33 : Operation 156 [2/4] (5.70ns)   --->   "%mul = fmul i32 %t, i32 %f0_read" [chirp.cpp:81]   --->   Operation 156 'fmul' 'mul' <Predicate = (!icmp_ln60 & and_ln75_1)> <Delay = 5.70> <CoreInst = "FMul_maxdsp">   --->   Core 30 'FMul_maxdsp' <Latency = 3> <II = 1> <Delay = 5.70> <FuncUnit> <Opcode : 'fmul'> <InPorts = 2> <OutPorts = 1>
ST_33 : Operation 157 [2/4] (5.70ns)   --->   "%mul1 = fmul i32 %mul9, i32 %t" [chirp.cpp:81]   --->   Operation 157 'fmul' 'mul1' <Predicate = (!icmp_ln60 & and_ln75_1)> <Delay = 5.70> <CoreInst = "FMul_maxdsp">   --->   Core 30 'FMul_maxdsp' <Latency = 3> <II = 1> <Delay = 5.70> <FuncUnit> <Opcode : 'fmul'> <InPorts = 2> <OutPorts = 1>

State 34 <SV = 33> <Delay = 5.70>
ST_34 : Operation 158 [1/4] (5.70ns)   --->   "%mul = fmul i32 %t, i32 %f0_read" [chirp.cpp:81]   --->   Operation 158 'fmul' 'mul' <Predicate = (!icmp_ln60 & and_ln75_1)> <Delay = 5.70> <CoreInst = "FMul_maxdsp">   --->   Core 30 'FMul_maxdsp' <Latency = 3> <II = 1> <Delay = 5.70> <FuncUnit> <Opcode : 'fmul'> <InPorts = 2> <OutPorts = 1>
ST_34 : Operation 159 [1/4] (5.70ns)   --->   "%mul1 = fmul i32 %mul9, i32 %t" [chirp.cpp:81]   --->   Operation 159 'fmul' 'mul1' <Predicate = (!icmp_ln60 & and_ln75_1)> <Delay = 5.70> <CoreInst = "FMul_maxdsp">   --->   Core 30 'FMul_maxdsp' <Latency = 3> <II = 1> <Delay = 5.70> <FuncUnit> <Opcode : 'fmul'> <InPorts = 2> <OutPorts = 1>

State 35 <SV = 34> <Delay = 7.25>
ST_35 : Operation 160 [5/5] (7.25ns)   --->   "%add = fadd i32 %mul, i32 %mul1" [chirp.cpp:81]   --->   Operation 160 'fadd' 'add' <Predicate = (!icmp_ln60 & and_ln75_1)> <Delay = 7.25> <CoreInst = "FAddSub_fulldsp">   --->   Core 18 'FAddSub_fulldsp' <Latency = 4> <II = 1> <Delay = 7.25> <FuncUnit> <Opcode : 'fadd' 'fsub'> <InPorts = 2> <OutPorts = 1>

State 36 <SV = 35> <Delay = 7.25>
ST_36 : Operation 161 [4/5] (7.25ns)   --->   "%add = fadd i32 %mul, i32 %mul1" [chirp.cpp:81]   --->   Operation 161 'fadd' 'add' <Predicate = (!icmp_ln60 & and_ln75_1)> <Delay = 7.25> <CoreInst = "FAddSub_fulldsp">   --->   Core 18 'FAddSub_fulldsp' <Latency = 4> <II = 1> <Delay = 7.25> <FuncUnit> <Opcode : 'fadd' 'fsub'> <InPorts = 2> <OutPorts = 1>

State 37 <SV = 36> <Delay = 7.25>
ST_37 : Operation 162 [3/5] (7.25ns)   --->   "%add = fadd i32 %mul, i32 %mul1" [chirp.cpp:81]   --->   Operation 162 'fadd' 'add' <Predicate = (!icmp_ln60 & and_ln75_1)> <Delay = 7.25> <CoreInst = "FAddSub_fulldsp">   --->   Core 18 'FAddSub_fulldsp' <Latency = 4> <II = 1> <Delay = 7.25> <FuncUnit> <Opcode : 'fadd' 'fsub'> <InPorts = 2> <OutPorts = 1>

State 38 <SV = 37> <Delay = 7.25>
ST_38 : Operation 163 [2/5] (7.25ns)   --->   "%add = fadd i32 %mul, i32 %mul1" [chirp.cpp:81]   --->   Operation 163 'fadd' 'add' <Predicate = (!icmp_ln60 & and_ln75_1)> <Delay = 7.25> <CoreInst = "FAddSub_fulldsp">   --->   Core 18 'FAddSub_fulldsp' <Latency = 4> <II = 1> <Delay = 7.25> <FuncUnit> <Opcode : 'fadd' 'fsub'> <InPorts = 2> <OutPorts = 1>

State 39 <SV = 38> <Delay = 7.25>
ST_39 : Operation 164 [1/5] (7.25ns)   --->   "%add = fadd i32 %mul, i32 %mul1" [chirp.cpp:81]   --->   Operation 164 'fadd' 'add' <Predicate = (!icmp_ln60 & and_ln75_1)> <Delay = 7.25> <CoreInst = "FAddSub_fulldsp">   --->   Core 18 'FAddSub_fulldsp' <Latency = 4> <II = 1> <Delay = 7.25> <FuncUnit> <Opcode : 'fadd' 'fsub'> <InPorts = 2> <OutPorts = 1>

State 40 <SV = 39> <Delay = 4.43>
ST_40 : Operation 165 [2/2] (4.43ns)   --->   "%conv1 = fpext i32 %add" [chirp.cpp:81]   --->   Operation 165 'fpext' 'conv1' <Predicate = (!icmp_ln60 & and_ln75_1)> <Delay = 4.43> <CoreInst = "Float2Double">   --->   Core 64 'Float2Double' <Latency = 1> <II = 1> <Delay = 4.43> <FuncUnit> <Opcode : 'fpext'> <InPorts = 1> <OutPorts = 1>

State 41 <SV = 40> <Delay = 4.43>
ST_41 : Operation 166 [1/2] (4.43ns)   --->   "%conv1 = fpext i32 %add" [chirp.cpp:81]   --->   Operation 166 'fpext' 'conv1' <Predicate = (!icmp_ln60 & and_ln75_1)> <Delay = 4.43> <CoreInst = "Float2Double">   --->   Core 64 'Float2Double' <Latency = 1> <II = 1> <Delay = 4.43> <FuncUnit> <Opcode : 'fpext'> <InPorts = 1> <OutPorts = 1>

State 42 <SV = 41> <Delay = 6.71>
ST_42 : Operation 167 [7/7] (6.71ns)   --->   "%mul2 = dmul i64 %conv1, i64 6.28319" [chirp.cpp:80]   --->   Operation 167 'dmul' 'mul2' <Predicate = (!icmp_ln60 & and_ln75_1)> <Delay = 6.71> <CoreInst = "DMul_maxdsp">   --->   Core 49 'DMul_maxdsp' <Latency = 6> <II = 1> <Delay = 6.71> <FuncUnit> <Opcode : 'dmul'> <InPorts = 2> <OutPorts = 1>

State 43 <SV = 42> <Delay = 6.71>
ST_43 : Operation 168 [6/7] (6.71ns)   --->   "%mul2 = dmul i64 %conv1, i64 6.28319" [chirp.cpp:80]   --->   Operation 168 'dmul' 'mul2' <Predicate = (!icmp_ln60 & and_ln75_1)> <Delay = 6.71> <CoreInst = "DMul_maxdsp">   --->   Core 49 'DMul_maxdsp' <Latency = 6> <II = 1> <Delay = 6.71> <FuncUnit> <Opcode : 'dmul'> <InPorts = 2> <OutPorts = 1>

State 44 <SV = 43> <Delay = 6.71>
ST_44 : Operation 169 [5/7] (6.71ns)   --->   "%mul2 = dmul i64 %conv1, i64 6.28319" [chirp.cpp:80]   --->   Operation 169 'dmul' 'mul2' <Predicate = (!icmp_ln60 & and_ln75_1)> <Delay = 6.71> <CoreInst = "DMul_maxdsp">   --->   Core 49 'DMul_maxdsp' <Latency = 6> <II = 1> <Delay = 6.71> <FuncUnit> <Opcode : 'dmul'> <InPorts = 2> <OutPorts = 1>

State 45 <SV = 44> <Delay = 6.71>
ST_45 : Operation 170 [4/7] (6.71ns)   --->   "%mul2 = dmul i64 %conv1, i64 6.28319" [chirp.cpp:80]   --->   Operation 170 'dmul' 'mul2' <Predicate = (!icmp_ln60 & and_ln75_1)> <Delay = 6.71> <CoreInst = "DMul_maxdsp">   --->   Core 49 'DMul_maxdsp' <Latency = 6> <II = 1> <Delay = 6.71> <FuncUnit> <Opcode : 'dmul'> <InPorts = 2> <OutPorts = 1>

State 46 <SV = 45> <Delay = 6.71>
ST_46 : Operation 171 [3/7] (6.71ns)   --->   "%mul2 = dmul i64 %conv1, i64 6.28319" [chirp.cpp:80]   --->   Operation 171 'dmul' 'mul2' <Predicate = (!icmp_ln60 & and_ln75_1)> <Delay = 6.71> <CoreInst = "DMul_maxdsp">   --->   Core 49 'DMul_maxdsp' <Latency = 6> <II = 1> <Delay = 6.71> <FuncUnit> <Opcode : 'dmul'> <InPorts = 2> <OutPorts = 1>

State 47 <SV = 46> <Delay = 6.71>
ST_47 : Operation 172 [2/7] (6.71ns)   --->   "%mul2 = dmul i64 %conv1, i64 6.28319" [chirp.cpp:80]   --->   Operation 172 'dmul' 'mul2' <Predicate = (!icmp_ln60 & and_ln75_1)> <Delay = 6.71> <CoreInst = "DMul_maxdsp">   --->   Core 49 'DMul_maxdsp' <Latency = 6> <II = 1> <Delay = 6.71> <FuncUnit> <Opcode : 'dmul'> <InPorts = 2> <OutPorts = 1>

State 48 <SV = 47> <Delay = 6.71>
ST_48 : Operation 173 [1/7] (6.71ns)   --->   "%mul2 = dmul i64 %conv1, i64 6.28319" [chirp.cpp:80]   --->   Operation 173 'dmul' 'mul2' <Predicate = (!icmp_ln60 & and_ln75_1)> <Delay = 6.71> <CoreInst = "DMul_maxdsp">   --->   Core 49 'DMul_maxdsp' <Latency = 6> <II = 1> <Delay = 6.71> <FuncUnit> <Opcode : 'dmul'> <InPorts = 2> <OutPorts = 1>

State 49 <SV = 48> <Delay = 5.20>
ST_49 : Operation 174 [2/2] (5.20ns)   --->   "%phase = fptrunc i64 %mul2" [chirp.cpp:80]   --->   Operation 174 'fptrunc' 'phase' <Predicate = (!icmp_ln60 & and_ln75_1)> <Delay = 5.20> <CoreInst = "Double2Float">   --->   Core 67 'Double2Float' <Latency = 1> <II = 1> <Delay = 5.20> <FuncUnit> <Opcode : 'fptrunc'> <InPorts = 1> <OutPorts = 1>

State 50 <SV = 49> <Delay = 5.20>
ST_50 : Operation 175 [1/2] (5.20ns)   --->   "%phase = fptrunc i64 %mul2" [chirp.cpp:80]   --->   Operation 175 'fptrunc' 'phase' <Predicate = (!icmp_ln60 & and_ln75_1)> <Delay = 5.20> <CoreInst = "Double2Float">   --->   Core 67 'Double2Float' <Latency = 1> <II = 1> <Delay = 5.20> <FuncUnit> <Opcode : 'fptrunc'> <InPorts = 1> <OutPorts = 1>

State 51 <SV = 50> <Delay = 5.46>
ST_51 : Operation 176 [1/1] (0.00ns)   --->   "%data = bitcast i32 %phase" [C:\scratch\2025.2\hls_product\666\2025.2\src\shared\hls\clib/src/hls\utils/x_hls_utils.h:288->C:\scratch\2025.2\hls_product\666\2025.2\src\shared\hls\clib/hlsmath/include/FloatingPoint\hls_hotbm.h:223->C:\scratch\2025.2\hls_product\666\2025.2\src\shared\hls\clib\hlsmath\src\common\hls_hotbm_float.cpp:127->C:\scratch\2025.2\hls_product\666\2025.2\src\shared\hls\clib\hlsmath\src\c++\sincoshotbmfloat.cpp:13->C:\scratch\2025.2\hls_product\666\2025.2\src\shared\hls\clib\hlsmath\src\c++\sincoshotbmfloat.cpp:45->chirp.cpp:86]   --->   Operation 176 'bitcast' 'data' <Predicate = (!icmp_ln60 & and_ln75_1)> <Delay = 0.00>
ST_51 : Operation 177 [1/1] (0.00ns)   --->   "%din_sign = bitselect i1 @_ssdm_op_BitSelect.i1.i32.i32, i32 %data, i32 31" [C:\scratch\2025.2\hls_product\666\2025.2\src\shared\hls\clib/src/hls\utils/x_hls_utils.h:294->C:\scratch\2025.2\hls_product\666\2025.2\src\shared\hls\clib/hlsmath/include/FloatingPoint\hls_hotbm.h:223->C:\scratch\2025.2\hls_product\666\2025.2\src\shared\hls\clib\hlsmath\src\common\hls_hotbm_float.cpp:127->C:\scratch\2025.2\hls_product\666\2025.2\src\shared\hls\clib\hlsmath\src\c++\sincoshotbmfloat.cpp:13->C:\scratch\2025.2\hls_product\666\2025.2\src\shared\hls\clib\hlsmath\src\c++\sincoshotbmfloat.cpp:45->chirp.cpp:86]   --->   Operation 177 'bitselect' 'din_sign' <Predicate = (!icmp_ln60 & and_ln75_1)> <Delay = 0.00>
ST_51 : Operation 178 [1/1] (0.00ns)   --->   "%din_exp = partselect i8 @_ssdm_op_PartSelect.i8.i32.i32, i32 %data, i32 23" [C:\scratch\2025.2\hls_product\666\2025.2\src\shared\hls\clib/src/hls\utils/x_hls_utils.h:295->C:\scratch\2025.2\hls_product\666\2025.2\src\shared\hls\clib/hlsmath/include/FloatingPoint\hls_hotbm.h:223->C:\scratch\2025.2\hls_product\666\2025.2\src\shared\hls\clib\hlsmath\src\common\hls_hotbm_float.cpp:127->C:\scratch\2025.2\hls_product\666\2025.2\src\shared\hls\clib\hlsmath\src\c++\sincoshotbmfloat.cpp:13->C:\scratch\2025.2\hls_product\666\2025.2\src\shared\hls\clib\hlsmath\src\c++\sincoshotbmfloat.cpp:45->chirp.cpp:86]   --->   Operation 178 'partselect' 'din_exp' <Predicate = (!icmp_ln60 & and_ln75_1)> <Delay = 0.00>
ST_51 : Operation 179 [1/1] (0.00ns)   --->   "%din_sig = trunc i32 %data" [C:\scratch\2025.2\hls_product\666\2025.2\src\shared\hls\clib/src/hls\utils/x_hls_utils.h:296->C:\scratch\2025.2\hls_product\666\2025.2\src\shared\hls\clib/hlsmath/include/FloatingPoint\hls_hotbm.h:223->C:\scratch\2025.2\hls_product\666\2025.2\src\shared\hls\clib\hlsmath\src\common\hls_hotbm_float.cpp:127->C:\scratch\2025.2\hls_product\666\2025.2\src\shared\hls\clib\hlsmath\src\c++\sincoshotbmfloat.cpp:13->C:\scratch\2025.2\hls_product\666\2025.2\src\shared\hls\clib\hlsmath\src\c++\sincoshotbmfloat.cpp:45->chirp.cpp:86]   --->   Operation 179 'trunc' 'din_sig' <Predicate = (!icmp_ln60 & and_ln75_1)> <Delay = 0.00>
ST_51 : Operation 180 [1/1] (1.91ns)   --->   "%closepath = icmp_ult  i8 %din_exp, i8 126" [C:\scratch\2025.2\hls_product\666\2025.2\src\shared\hls\clib/hlsmath/include/FloatingPoint/hls_range_redux.h:451->C:\scratch\2025.2\hls_product\666\2025.2\src\shared\hls\clib/hlsmath/include/FloatingPoint\hls_hotbm.h:239->C:\scratch\2025.2\hls_product\666\2025.2\src\shared\hls\clib\hlsmath\src\common\hls_hotbm_float.cpp:127->C:\scratch\2025.2\hls_product\666\2025.2\src\shared\hls\clib\hlsmath\src\c++\sincoshotbmfloat.cpp:13->C:\scratch\2025.2\hls_product\666\2025.2\src\shared\hls\clib\hlsmath\src\c++\sincoshotbmfloat.cpp:45->chirp.cpp:86]   --->   Operation 180 'icmp' 'closepath' <Predicate = (!icmp_ln60 & and_ln75_1)> <Delay = 1.91> <CoreInst = "Cmp">   --->   Core 9 'Cmp' <Latency = 0> <II = 1> <Delay = 1.91> <FuncUnit> <Opcode : 'seteq' 'setne' 'setle' 'setge' 'setlt' 'setgt'> <InPorts = 2> <OutPorts = 1>
ST_51 : Operation 181 [1/1] (1.91ns)   --->   "%add_ln376 = add i8 %din_exp, i8 194" [C:\scratch\2025.2\hls_product\666\2025.2\src\shared\hls\clib/hlsmath/include/FloatingPoint/hls_range_redux.h:376->C:\scratch\2025.2\hls_product\666\2025.2\src\shared\hls\clib/hlsmath/include/FloatingPoint/hls_range_redux.h:467->C:\scratch\2025.2\hls_product\666\2025.2\src\shared\hls\clib/hlsmath/include/FloatingPoint\hls_hotbm.h:239->C:\scratch\2025.2\hls_product\666\2025.2\src\shared\hls\clib\hlsmath\src\common\hls_hotbm_float.cpp:127->C:\scratch\2025.2\hls_product\666\2025.2\src\shared\hls\clib\hlsmath\src\c++\sincoshotbmfloat.cpp:13->C:\scratch\2025.2\hls_product\666\2025.2\src\shared\hls\clib\hlsmath\src\c++\sincoshotbmfloat.cpp:45->chirp.cpp:86]   --->   Operation 181 'add' 'add_ln376' <Predicate = (!icmp_ln60 & and_ln75_1)> <Delay = 1.91> <CoreInst = "Adder">   --->   Core 1 'Adder' <Latency = 0> <II = 1> <Delay = 1.91> <FuncUnit> <Opcode : 'add' 'sub'> <InPorts = 2> <OutPorts = 1>
ST_51 : Operation 182 [1/1] (1.24ns)   --->   "%addr = select i1 %closepath, i8 63, i8 %add_ln376" [C:\scratch\2025.2\hls_product\666\2025.2\src\shared\hls\clib/hlsmath/include/FloatingPoint/hls_range_redux.h:376->C:\scratch\2025.2\hls_product\666\2025.2\src\shared\hls\clib/hlsmath/include/FloatingPoint/hls_range_redux.h:467->C:\scratch\2025.2\hls_product\666\2025.2\src\shared\hls\clib/hlsmath/include/FloatingPoint\hls_hotbm.h:239->C:\scratch\2025.2\hls_product\666\2025.2\src\shared\hls\clib\hlsmath\src\common\hls_hotbm_float.cpp:127->C:\scratch\2025.2\hls_product\666\2025.2\src\shared\hls\clib\hlsmath\src\c++\sincoshotbmfloat.cpp:13->C:\scratch\2025.2\hls_product\666\2025.2\src\shared\hls\clib\hlsmath\src\c++\sincoshotbmfloat.cpp:45->chirp.cpp:86]   --->   Operation 182 'select' 'addr' <Predicate = (!icmp_ln60 & and_ln75_1)> <Delay = 1.24> <CoreInst = "Sel">   --->   Core 73 'Sel' <Latency = 0> <II = 1> <Delay = 1.24> <FuncUnit> <Opcode : 'select'> <InPorts = 3> <OutPorts = 1>
ST_51 : Operation 183 [1/1] (0.00ns)   --->   "%lshr_ln = partselect i4 @_ssdm_op_PartSelect.i4.i8.i32.i32, i8 %addr, i32 4, i32 7" [C:\scratch\2025.2\hls_product\666\2025.2\src\shared\hls\clib/hlsmath/include/FloatingPoint/hls_range_redux.h:378->C:\scratch\2025.2\hls_product\666\2025.2\src\shared\hls\clib/hlsmath/include/FloatingPoint/hls_range_redux.h:467->C:\scratch\2025.2\hls_product\666\2025.2\src\shared\hls\clib/hlsmath/include/FloatingPoint\hls_hotbm.h:239->C:\scratch\2025.2\hls_product\666\2025.2\src\shared\hls\clib\hlsmath\src\common\hls_hotbm_float.cpp:127->C:\scratch\2025.2\hls_product\666\2025.2\src\shared\hls\clib\hlsmath\src\c++\sincoshotbmfloat.cpp:13->C:\scratch\2025.2\hls_product\666\2025.2\src\shared\hls\clib\hlsmath\src\c++\sincoshotbmfloat.cpp:45->chirp.cpp:86]   --->   Operation 183 'partselect' 'lshr_ln' <Predicate = (!icmp_ln60 & and_ln75_1)> <Delay = 0.00>
ST_51 : Operation 184 [1/1] (0.00ns)   --->   "%zext_ln378 = zext i4 %lshr_ln" [C:\scratch\2025.2\hls_product\666\2025.2\src\shared\hls\clib/hlsmath/include/FloatingPoint/hls_range_redux.h:378->C:\scratch\2025.2\hls_product\666\2025.2\src\shared\hls\clib/hlsmath/include/FloatingPoint/hls_range_redux.h:467->C:\scratch\2025.2\hls_product\666\2025.2\src\shared\hls\clib/hlsmath/include/FloatingPoint\hls_hotbm.h:239->C:\scratch\2025.2\hls_product\666\2025.2\src\shared\hls\clib\hlsmath\src\common\hls_hotbm_float.cpp:127->C:\scratch\2025.2\hls_product\666\2025.2\src\shared\hls\clib\hlsmath\src\c++\sincoshotbmfloat.cpp:13->C:\scratch\2025.2\hls_product\666\2025.2\src\shared\hls\clib\hlsmath\src\c++\sincoshotbmfloat.cpp:45->chirp.cpp:86]   --->   Operation 184 'zext' 'zext_ln378' <Predicate = (!icmp_ln60 & and_ln75_1)> <Delay = 0.00>
ST_51 : Operation 185 [1/1] (0.00ns)   --->   "%ref_4oPi_table_100_addr = getelementptr i100 %ref_4oPi_table_100, i64 0, i64 %zext_ln378" [C:\scratch\2025.2\hls_product\666\2025.2\src\shared\hls\clib/hlsmath/include/FloatingPoint/hls_range_redux.h:378->C:\scratch\2025.2\hls_product\666\2025.2\src\shared\hls\clib/hlsmath/include/FloatingPoint/hls_range_redux.h:467->C:\scratch\2025.2\hls_product\666\2025.2\src\shared\hls\clib/hlsmath/include/FloatingPoint\hls_hotbm.h:239->C:\scratch\2025.2\hls_product\666\2025.2\src\shared\hls\clib\hlsmath\src\common\hls_hotbm_float.cpp:127->C:\scratch\2025.2\hls_product\666\2025.2\src\shared\hls\clib\hlsmath\src\c++\sincoshotbmfloat.cpp:13->C:\scratch\2025.2\hls_product\666\2025.2\src\shared\hls\clib\hlsmath\src\c++\sincoshotbmfloat.cpp:45->chirp.cpp:86]   --->   Operation 185 'getelementptr' 'ref_4oPi_table_100_addr' <Predicate = (!icmp_ln60 & and_ln75_1)> <Delay = 0.00>
ST_51 : Operation 186 [2/2] (2.30ns)   --->   "%table_100 = load i4 %ref_4oPi_table_100_addr" [C:\scratch\2025.2\hls_product\666\2025.2\src\shared\hls\clib/hlsmath/include/FloatingPoint/hls_range_redux.h:378->C:\scratch\2025.2\hls_product\666\2025.2\src\shared\hls\clib/hlsmath/include/FloatingPoint/hls_range_redux.h:467->C:\scratch\2025.2\hls_product\666\2025.2\src\shared\hls\clib/hlsmath/include/FloatingPoint\hls_hotbm.h:239->C:\scratch\2025.2\hls_product\666\2025.2\src\shared\hls\clib\hlsmath\src\common\hls_hotbm_float.cpp:127->C:\scratch\2025.2\hls_product\666\2025.2\src\shared\hls\clib\hlsmath\src\c++\sincoshotbmfloat.cpp:13->C:\scratch\2025.2\hls_product\666\2025.2\src\shared\hls\clib\hlsmath\src\c++\sincoshotbmfloat.cpp:45->chirp.cpp:86]   --->   Operation 186 'load' 'table_100' <Predicate = (!icmp_ln60 & and_ln75_1)> <Delay = 2.30> <CoreInst = "ROM_1P_LUTRAM">   --->   Core 96 'ROM_1P_LUTRAM' <Latency = 1> <II = 1> <Delay = 2.30> <Storage> <Opcode : 'load'> <Ports = 1> <Width = 100> <Depth = 13> <ROM>
ST_51 : Operation 187 [1/1] (0.00ns)   --->   "%trunc_ln379 = trunc i8 %addr" [C:\scratch\2025.2\hls_product\666\2025.2\src\shared\hls\clib/hlsmath/include/FloatingPoint/hls_range_redux.h:379->C:\scratch\2025.2\hls_product\666\2025.2\src\shared\hls\clib/hlsmath/include/FloatingPoint/hls_range_redux.h:467->C:\scratch\2025.2\hls_product\666\2025.2\src\shared\hls\clib/hlsmath/include/FloatingPoint\hls_hotbm.h:239->C:\scratch\2025.2\hls_product\666\2025.2\src\shared\hls\clib\hlsmath\src\common\hls_hotbm_float.cpp:127->C:\scratch\2025.2\hls_product\666\2025.2\src\shared\hls\clib\hlsmath\src\c++\sincoshotbmfloat.cpp:13->C:\scratch\2025.2\hls_product\666\2025.2\src\shared\hls\clib\hlsmath\src\c++\sincoshotbmfloat.cpp:45->chirp.cpp:86]   --->   Operation 187 'trunc' 'trunc_ln379' <Predicate = (!icmp_ln60 & and_ln75_1)> <Delay = 0.00>

State 52 <SV = 51> <Delay = 7.07>
ST_52 : Operation 188 [1/2] ( I:2.30ns O:2.30ns )   --->   "%table_100 = load i4 %ref_4oPi_table_100_addr" [C:\scratch\2025.2\hls_product\666\2025.2\src\shared\hls\clib/hlsmath/include/FloatingPoint/hls_range_redux.h:378->C:\scratch\2025.2\hls_product\666\2025.2\src\shared\hls\clib/hlsmath/include/FloatingPoint/hls_range_redux.h:467->C:\scratch\2025.2\hls_product\666\2025.2\src\shared\hls\clib/hlsmath/include/FloatingPoint\hls_hotbm.h:239->C:\scratch\2025.2\hls_product\666\2025.2\src\shared\hls\clib\hlsmath\src\common\hls_hotbm_float.cpp:127->C:\scratch\2025.2\hls_product\666\2025.2\src\shared\hls\clib\hlsmath\src\c++\sincoshotbmfloat.cpp:13->C:\scratch\2025.2\hls_product\666\2025.2\src\shared\hls\clib\hlsmath\src\c++\sincoshotbmfloat.cpp:45->chirp.cpp:86]   --->   Operation 188 'load' 'table_100' <Predicate = (!icmp_ln60 & and_ln75_1)> <Delay = 2.30> <CoreInst = "ROM_1P_LUTRAM">   --->   Core 96 'ROM_1P_LUTRAM' <Latency = 1> <II = 1> <Delay = 2.30> <Storage> <Opcode : 'load'> <Ports = 1> <Width = 100> <Depth = 13> <ROM>
ST_52 : Operation 189 [1/1] (0.00ns)   --->   "%zext_ln379 = zext i4 %trunc_ln379" [C:\scratch\2025.2\hls_product\666\2025.2\src\shared\hls\clib/hlsmath/include/FloatingPoint/hls_range_redux.h:379->C:\scratch\2025.2\hls_product\666\2025.2\src\shared\hls\clib/hlsmath/include/FloatingPoint/hls_range_redux.h:467->C:\scratch\2025.2\hls_product\666\2025.2\src\shared\hls\clib/hlsmath/include/FloatingPoint\hls_hotbm.h:239->C:\scratch\2025.2\hls_product\666\2025.2\src\shared\hls\clib\hlsmath\src\common\hls_hotbm_float.cpp:127->C:\scratch\2025.2\hls_product\666\2025.2\src\shared\hls\clib\hlsmath\src\c++\sincoshotbmfloat.cpp:13->C:\scratch\2025.2\hls_product\666\2025.2\src\shared\hls\clib\hlsmath\src\c++\sincoshotbmfloat.cpp:45->chirp.cpp:86]   --->   Operation 189 'zext' 'zext_ln379' <Predicate = (!icmp_ln60 & and_ln75_1)> <Delay = 0.00>
ST_52 : Operation 190 [1/1] (4.77ns)   --->   "%shl_ln379 = shl i100 %table_100, i100 %zext_ln379" [C:\scratch\2025.2\hls_product\666\2025.2\src\shared\hls\clib/hlsmath/include/FloatingPoint/hls_range_redux.h:379->C:\scratch\2025.2\hls_product\666\2025.2\src\shared\hls\clib/hlsmath/include/FloatingPoint/hls_range_redux.h:467->C:\scratch\2025.2\hls_product\666\2025.2\src\shared\hls\clib/hlsmath/include/FloatingPoint\hls_hotbm.h:239->C:\scratch\2025.2\hls_product\666\2025.2\src\shared\hls\clib\hlsmath\src\common\hls_hotbm_float.cpp:127->C:\scratch\2025.2\hls_product\666\2025.2\src\shared\hls\clib\hlsmath\src\c++\sincoshotbmfloat.cpp:13->C:\scratch\2025.2\hls_product\666\2025.2\src\shared\hls\clib\hlsmath\src\c++\sincoshotbmfloat.cpp:45->chirp.cpp:86]   --->   Operation 190 'shl' 'shl_ln379' <Predicate = (!icmp_ln60 & and_ln75_1)> <Delay = 4.77> <CoreInst = "Shifter">   --->   Core 75 'Shifter' <Latency = 0> <II = 1> <Delay = 4.77> <FuncUnit> <Opcode : 'shl' 'lshr' 'ashr'> <InPorts = 2> <OutPorts = 1>
ST_52 : Operation 191 [1/1] (0.00ns)   --->   "%Med = partselect i80 @_ssdm_op_PartSelect.i80.i100.i32, i100 %shl_ln379, i32 20" [C:\scratch\2025.2\hls_product\666\2025.2\src\shared\hls\clib/hlsmath/include/FloatingPoint/hls_range_redux.h:379->C:\scratch\2025.2\hls_product\666\2025.2\src\shared\hls\clib/hlsmath/include/FloatingPoint/hls_range_redux.h:467->C:\scratch\2025.2\hls_product\666\2025.2\src\shared\hls\clib/hlsmath/include/FloatingPoint\hls_hotbm.h:239->C:\scratch\2025.2\hls_product\666\2025.2\src\shared\hls\clib\hlsmath\src\common\hls_hotbm_float.cpp:127->C:\scratch\2025.2\hls_product\666\2025.2\src\shared\hls\clib\hlsmath\src\c++\sincoshotbmfloat.cpp:13->C:\scratch\2025.2\hls_product\666\2025.2\src\shared\hls\clib\hlsmath\src\c++\sincoshotbmfloat.cpp:45->chirp.cpp:86]   --->   Operation 191 'partselect' 'Med' <Predicate = (!icmp_ln60 & and_ln75_1)> <Delay = 0.00>

State 53 <SV = 52> <Delay = 6.97>
ST_53 : Operation 192 [1/1] (0.00ns)   --->   "%X = bitconcatenate i24 @_ssdm_op_BitConcatenate.i24.i1.i23, i1 1, i23 %din_sig" [C:\scratch\2025.2\hls_product\666\2025.2\src\shared\hls\clib/hlsmath/include/FloatingPoint/hls_range_redux.h:468->C:\scratch\2025.2\hls_product\666\2025.2\src\shared\hls\clib/hlsmath/include/FloatingPoint\hls_hotbm.h:239->C:\scratch\2025.2\hls_product\666\2025.2\src\shared\hls\clib\hlsmath\src\common\hls_hotbm_float.cpp:127->C:\scratch\2025.2\hls_product\666\2025.2\src\shared\hls\clib\hlsmath\src\c++\sincoshotbmfloat.cpp:13->C:\scratch\2025.2\hls_product\666\2025.2\src\shared\hls\clib\hlsmath\src\c++\sincoshotbmfloat.cpp:45->chirp.cpp:86]   --->   Operation 192 'bitconcatenate' 'X' <Predicate = (!icmp_ln60 & and_ln75_1)> <Delay = 0.00>
ST_53 : Operation 193 [1/1] (0.00ns)   --->   "%zext_ln468 = zext i24 %X" [C:\scratch\2025.2\hls_product\666\2025.2\src\shared\hls\clib/hlsmath/include/FloatingPoint/hls_range_redux.h:468->C:\scratch\2025.2\hls_product\666\2025.2\src\shared\hls\clib/hlsmath/include/FloatingPoint\hls_hotbm.h:239->C:\scratch\2025.2\hls_product\666\2025.2\src\shared\hls\clib\hlsmath\src\common\hls_hotbm_float.cpp:127->C:\scratch\2025.2\hls_product\666\2025.2\src\shared\hls\clib\hlsmath\src\c++\sincoshotbmfloat.cpp:13->C:\scratch\2025.2\hls_product\666\2025.2\src\shared\hls\clib\hlsmath\src\c++\sincoshotbmfloat.cpp:45->chirp.cpp:86]   --->   Operation 193 'zext' 'zext_ln468' <Predicate = (!icmp_ln60 & and_ln75_1)> <Delay = 0.00>
ST_53 : Operation 194 [5/5] (6.97ns)   --->   "%h = mul i80 %Med, i80 %zext_ln468" [C:\scratch\2025.2\hls_product\666\2025.2\src\shared\hls\clib/hlsmath/include/FloatingPoint/hls_range_redux.h:468->C:\scratch\2025.2\hls_product\666\2025.2\src\shared\hls\clib/hlsmath/include/FloatingPoint\hls_hotbm.h:239->C:\scratch\2025.2\hls_product\666\2025.2\src\shared\hls\clib\hlsmath\src\common\hls_hotbm_float.cpp:127->C:\scratch\2025.2\hls_product\666\2025.2\src\shared\hls\clib\hlsmath\src\c++\sincoshotbmfloat.cpp:13->C:\scratch\2025.2\hls_product\666\2025.2\src\shared\hls\clib\hlsmath\src\c++\sincoshotbmfloat.cpp:45->chirp.cpp:86]   --->   Operation 194 'mul' 'h' <Predicate = (!icmp_ln60 & and_ln75_1)> <Delay = 6.97> <CoreInst = "Multiplier">   --->   Core 3 'Multiplier' <Latency = 4> <II = 1> <Delay = 6.97> <FuncUnit> <Opcode : 'mul'> <InPorts = 2> <OutPorts = 1>
ST_53 : Operation 195 [1/1] (2.28ns)   --->   "%icmp_ln271_1 = icmp_eq  i23 %din_sig, i23 0" [C:\scratch\2025.2\hls_product\666\2025.2\src\shared\hls\clib/hlsmath/include/FloatingPoint\hls_hotbm.h:271->C:\scratch\2025.2\hls_product\666\2025.2\src\shared\hls\clib\hlsmath\src\common\hls_hotbm_float.cpp:127->C:\scratch\2025.2\hls_product\666\2025.2\src\shared\hls\clib\hlsmath\src\c++\sincoshotbmfloat.cpp:13->C:\scratch\2025.2\hls_product\666\2025.2\src\shared\hls\clib\hlsmath\src\c++\sincoshotbmfloat.cpp:45->chirp.cpp:86]   --->   Operation 195 'icmp' 'icmp_ln271_1' <Predicate = (!icmp_ln60 & and_ln75_1)> <Delay = 2.28> <CoreInst = "Cmp">   --->   Core 9 'Cmp' <Latency = 0> <II = 1> <Delay = 2.28> <FuncUnit> <Opcode : 'seteq' 'setne' 'setle' 'setge' 'setlt' 'setgt'> <InPorts = 2> <OutPorts = 1>

State 54 <SV = 53> <Delay = 6.97>
ST_54 : Operation 196 [4/5] (6.97ns)   --->   "%h = mul i80 %Med, i80 %zext_ln468" [C:\scratch\2025.2\hls_product\666\2025.2\src\shared\hls\clib/hlsmath/include/FloatingPoint/hls_range_redux.h:468->C:\scratch\2025.2\hls_product\666\2025.2\src\shared\hls\clib/hlsmath/include/FloatingPoint\hls_hotbm.h:239->C:\scratch\2025.2\hls_product\666\2025.2\src\shared\hls\clib\hlsmath\src\common\hls_hotbm_float.cpp:127->C:\scratch\2025.2\hls_product\666\2025.2\src\shared\hls\clib\hlsmath\src\c++\sincoshotbmfloat.cpp:13->C:\scratch\2025.2\hls_product\666\2025.2\src\shared\hls\clib\hlsmath\src\c++\sincoshotbmfloat.cpp:45->chirp.cpp:86]   --->   Operation 196 'mul' 'h' <Predicate = (!icmp_ln60 & and_ln75_1)> <Delay = 6.97> <CoreInst = "Multiplier">   --->   Core 3 'Multiplier' <Latency = 4> <II = 1> <Delay = 6.97> <FuncUnit> <Opcode : 'mul'> <InPorts = 2> <OutPorts = 1>

State 55 <SV = 54> <Delay = 6.97>
ST_55 : Operation 197 [3/5] (6.97ns)   --->   "%h = mul i80 %Med, i80 %zext_ln468" [C:\scratch\2025.2\hls_product\666\2025.2\src\shared\hls\clib/hlsmath/include/FloatingPoint/hls_range_redux.h:468->C:\scratch\2025.2\hls_product\666\2025.2\src\shared\hls\clib/hlsmath/include/FloatingPoint\hls_hotbm.h:239->C:\scratch\2025.2\hls_product\666\2025.2\src\shared\hls\clib\hlsmath\src\common\hls_hotbm_float.cpp:127->C:\scratch\2025.2\hls_product\666\2025.2\src\shared\hls\clib\hlsmath\src\c++\sincoshotbmfloat.cpp:13->C:\scratch\2025.2\hls_product\666\2025.2\src\shared\hls\clib\hlsmath\src\c++\sincoshotbmfloat.cpp:45->chirp.cpp:86]   --->   Operation 197 'mul' 'h' <Predicate = (!icmp_ln60 & and_ln75_1)> <Delay = 6.97> <CoreInst = "Multiplier">   --->   Core 3 'Multiplier' <Latency = 4> <II = 1> <Delay = 6.97> <FuncUnit> <Opcode : 'mul'> <InPorts = 2> <OutPorts = 1>

State 56 <SV = 55> <Delay = 6.97>
ST_56 : Operation 198 [2/5] (6.97ns)   --->   "%h = mul i80 %Med, i80 %zext_ln468" [C:\scratch\2025.2\hls_product\666\2025.2\src\shared\hls\clib/hlsmath/include/FloatingPoint/hls_range_redux.h:468->C:\scratch\2025.2\hls_product\666\2025.2\src\shared\hls\clib/hlsmath/include/FloatingPoint\hls_hotbm.h:239->C:\scratch\2025.2\hls_product\666\2025.2\src\shared\hls\clib\hlsmath\src\common\hls_hotbm_float.cpp:127->C:\scratch\2025.2\hls_product\666\2025.2\src\shared\hls\clib\hlsmath\src\c++\sincoshotbmfloat.cpp:13->C:\scratch\2025.2\hls_product\666\2025.2\src\shared\hls\clib\hlsmath\src\c++\sincoshotbmfloat.cpp:45->chirp.cpp:86]   --->   Operation 198 'mul' 'h' <Predicate = (!icmp_ln60 & and_ln75_1)> <Delay = 6.97> <CoreInst = "Multiplier">   --->   Core 3 'Multiplier' <Latency = 4> <II = 1> <Delay = 6.97> <FuncUnit> <Opcode : 'mul'> <InPorts = 2> <OutPorts = 1>

State 57 <SV = 56> <Delay = 6.97>
ST_57 : Operation 199 [1/5] (6.97ns)   --->   "%h = mul i80 %Med, i80 %zext_ln468" [C:\scratch\2025.2\hls_product\666\2025.2\src\shared\hls\clib/hlsmath/include/FloatingPoint/hls_range_redux.h:468->C:\scratch\2025.2\hls_product\666\2025.2\src\shared\hls\clib/hlsmath/include/FloatingPoint\hls_hotbm.h:239->C:\scratch\2025.2\hls_product\666\2025.2\src\shared\hls\clib\hlsmath\src\common\hls_hotbm_float.cpp:127->C:\scratch\2025.2\hls_product\666\2025.2\src\shared\hls\clib\hlsmath\src\c++\sincoshotbmfloat.cpp:13->C:\scratch\2025.2\hls_product\666\2025.2\src\shared\hls\clib\hlsmath\src\c++\sincoshotbmfloat.cpp:45->chirp.cpp:86]   --->   Operation 199 'mul' 'h' <Predicate = (!icmp_ln60 & and_ln75_1)> <Delay = 6.97> <CoreInst = "Multiplier">   --->   Core 3 'Multiplier' <Latency = 4> <II = 1> <Delay = 6.97> <FuncUnit> <Opcode : 'mul'> <InPorts = 2> <OutPorts = 1>
ST_57 : Operation 200 [1/1] (0.00ns)   --->   "%Mx_bits = partselect i58 @_ssdm_op_PartSelect.i58.i80.i32.i32, i80 %h, i32 19, i32 76" [C:\scratch\2025.2\hls_product\666\2025.2\src\shared\hls\clib/hlsmath/include/FloatingPoint/hls_range_redux.h:483->C:\scratch\2025.2\hls_product\666\2025.2\src\shared\hls\clib/hlsmath/include/FloatingPoint\hls_hotbm.h:239->C:\scratch\2025.2\hls_product\666\2025.2\src\shared\hls\clib\hlsmath\src\common\hls_hotbm_float.cpp:127->C:\scratch\2025.2\hls_product\666\2025.2\src\shared\hls\clib\hlsmath\src\c++\sincoshotbmfloat.cpp:13->C:\scratch\2025.2\hls_product\666\2025.2\src\shared\hls\clib\hlsmath\src\c++\sincoshotbmfloat.cpp:45->chirp.cpp:86]   --->   Operation 200 'partselect' 'Mx_bits' <Predicate = (!icmp_ln60 & and_ln75_1)> <Delay = 0.00>
ST_57 : Operation 201 [1/1] (0.00ns)   --->   "%trunc_ln_i = partselect i3 @_ssdm_op_PartSelect.i3.i80.i32.i32, i80 %h, i32 77, i32 79" [C:\scratch\2025.2\hls_product\666\2025.2\src\shared\hls\clib/hlsmath/include/FloatingPoint/hls_range_redux.h:487->C:\scratch\2025.2\hls_product\666\2025.2\src\shared\hls\clib/hlsmath/include/FloatingPoint\hls_hotbm.h:239->C:\scratch\2025.2\hls_product\666\2025.2\src\shared\hls\clib\hlsmath\src\common\hls_hotbm_float.cpp:127->C:\scratch\2025.2\hls_product\666\2025.2\src\shared\hls\clib\hlsmath\src\c++\sincoshotbmfloat.cpp:13->C:\scratch\2025.2\hls_product\666\2025.2\src\shared\hls\clib\hlsmath\src\c++\sincoshotbmfloat.cpp:45->chirp.cpp:86]   --->   Operation 201 'partselect' 'trunc_ln_i' <Predicate = (!icmp_ln60 & and_ln75_1 & !closepath)> <Delay = 0.00>

State 58 <SV = 57> <Delay = 5.34>
ST_58 : Operation 202 [1/1] (0.98ns)   --->   "%k = select i1 %closepath, i3 0, i3 %trunc_ln_i" [C:\scratch\2025.2\hls_product\666\2025.2\src\shared\hls\clib/hlsmath/include/FloatingPoint/hls_range_redux.h:451->C:\scratch\2025.2\hls_product\666\2025.2\src\shared\hls\clib/hlsmath/include/FloatingPoint\hls_hotbm.h:239->C:\scratch\2025.2\hls_product\666\2025.2\src\shared\hls\clib\hlsmath\src\common\hls_hotbm_float.cpp:127->C:\scratch\2025.2\hls_product\666\2025.2\src\shared\hls\clib\hlsmath\src\c++\sincoshotbmfloat.cpp:13->C:\scratch\2025.2\hls_product\666\2025.2\src\shared\hls\clib\hlsmath\src\c++\sincoshotbmfloat.cpp:45->chirp.cpp:86]   --->   Operation 202 'select' 'k' <Predicate = (!icmp_ln60 & and_ln75_1)> <Delay = 0.98> <CoreInst = "Sel">   --->   Core 73 'Sel' <Latency = 0> <II = 1> <Delay = 0.98> <FuncUnit> <Opcode : 'select'> <InPorts = 3> <OutPorts = 1>
ST_58 : Operation 203 [1/1] (0.00ns)   --->   "%trunc_ln491 = trunc i3 %k" [C:\scratch\2025.2\hls_product\666\2025.2\src\shared\hls\clib/hlsmath/include/FloatingPoint/hls_range_redux.h:491->C:\scratch\2025.2\hls_product\666\2025.2\src\shared\hls\clib/hlsmath/include/FloatingPoint\hls_hotbm.h:239->C:\scratch\2025.2\hls_product\666\2025.2\src\shared\hls\clib\hlsmath\src\common\hls_hotbm_float.cpp:127->C:\scratch\2025.2\hls_product\666\2025.2\src\shared\hls\clib\hlsmath\src\c++\sincoshotbmfloat.cpp:13->C:\scratch\2025.2\hls_product\666\2025.2\src\shared\hls\clib\hlsmath\src\c++\sincoshotbmfloat.cpp:45->chirp.cpp:86]   --->   Operation 203 'trunc' 'trunc_ln491' <Predicate = (!icmp_ln60 & and_ln75_1)> <Delay = 0.00>
ST_58 : Operation 204 [1/1] (3.36ns)   --->   "%Mx_bits_1 = sub i58 0, i58 %Mx_bits" [C:\scratch\2025.2\hls_product\666\2025.2\src\shared\hls\clib/hlsmath/include/FloatingPoint/hls_range_redux.h:492->C:\scratch\2025.2\hls_product\666\2025.2\src\shared\hls\clib/hlsmath/include/FloatingPoint\hls_hotbm.h:239->C:\scratch\2025.2\hls_product\666\2025.2\src\shared\hls\clib\hlsmath\src\common\hls_hotbm_float.cpp:127->C:\scratch\2025.2\hls_product\666\2025.2\src\shared\hls\clib\hlsmath\src\c++\sincoshotbmfloat.cpp:13->C:\scratch\2025.2\hls_product\666\2025.2\src\shared\hls\clib\hlsmath\src\c++\sincoshotbmfloat.cpp:45->chirp.cpp:86]   --->   Operation 204 'sub' 'Mx_bits_1' <Predicate = (!icmp_ln60 & and_ln75_1)> <Delay = 3.36> <CoreInst = "Adder">   --->   Core 1 'Adder' <Latency = 0> <II = 1> <Delay = 3.36> <FuncUnit> <Opcode : 'add' 'sub'> <InPorts = 2> <OutPorts = 1>
ST_58 : Operation 205 [1/1] (1.07ns)   --->   "%Mx_bits_3 = select i1 %trunc_ln491, i58 %Mx_bits_1, i58 %Mx_bits" [C:\scratch\2025.2\hls_product\666\2025.2\src\shared\hls\clib/hlsmath/include/FloatingPoint/hls_range_redux.h:491->C:\scratch\2025.2\hls_product\666\2025.2\src\shared\hls\clib/hlsmath/include/FloatingPoint\hls_hotbm.h:239->C:\scratch\2025.2\hls_product\666\2025.2\src\shared\hls\clib\hlsmath\src\common\hls_hotbm_float.cpp:127->C:\scratch\2025.2\hls_product\666\2025.2\src\shared\hls\clib\hlsmath\src\c++\sincoshotbmfloat.cpp:13->C:\scratch\2025.2\hls_product\666\2025.2\src\shared\hls\clib\hlsmath\src\c++\sincoshotbmfloat.cpp:45->chirp.cpp:86]   --->   Operation 205 'select' 'Mx_bits_3' <Predicate = (!icmp_ln60 & and_ln75_1)> <Delay = 1.07> <CoreInst = "Sel">   --->   Core 73 'Sel' <Latency = 0> <II = 1> <Delay = 1.07> <FuncUnit> <Opcode : 'select'> <InPorts = 3> <OutPorts = 1>
ST_58 : Operation 206 [1/1] (0.00ns)   --->   "%tmp_7_i = partselect i29 @_ssdm_op_PartSelect.i29.i58.i32, i58 %Mx_bits_3, i32 29" [C:\scratch\2025.2\hls_product\666\2025.2\src\shared\hls\clib/hlsmath/include/FloatingPoint/hls_normalize.h:72->C:\scratch\2025.2\hls_product\666\2025.2\src\shared\hls\clib/hlsmath/include/FloatingPoint/hls_range_redux.h:495->C:\scratch\2025.2\hls_product\666\2025.2\src\shared\hls\clib/hlsmath/include/FloatingPoint\hls_hotbm.h:239->C:\scratch\2025.2\hls_product\666\2025.2\src\shared\hls\clib\hlsmath\src\common\hls_hotbm_float.cpp:127->C:\scratch\2025.2\hls_product\666\2025.2\src\shared\hls\clib\hlsmath\src\c++\sincoshotbmfloat.cpp:13->C:\scratch\2025.2\hls_product\666\2025.2\src\shared\hls\clib\hlsmath\src\c++\sincoshotbmfloat.cpp:45->chirp.cpp:86]   --->   Operation 206 'partselect' 'tmp_7_i' <Predicate = (!icmp_ln60 & and_ln75_1)> <Delay = 0.00>
ST_58 : Operation 207 [1/1] (2.30ns)   --->   "%sin_basis = sparsemux i1 @_ssdm_op_SparseMux.ap_auto.8i1.i1.i3, i3 0, i1 0, i3 1, i1 1, i3 2, i1 1, i3 3, i1 0, i3 4, i1 0, i3 5, i1 1, i3 6, i1 1, i3 7, i1 0, i1 0, i3 %k" [C:\scratch\2025.2\hls_product\666\2025.2\src\shared\hls\clib/hlsmath/include/FloatingPoint\hls_hotbm.h:242->C:\scratch\2025.2\hls_product\666\2025.2\src\shared\hls\clib\hlsmath\src\common\hls_hotbm_float.cpp:127->C:\scratch\2025.2\hls_product\666\2025.2\src\shared\hls\clib\hlsmath\src\c++\sincoshotbmfloat.cpp:13->C:\scratch\2025.2\hls_product\666\2025.2\src\shared\hls\clib\hlsmath\src\c++\sincoshotbmfloat.cpp:45->chirp.cpp:86]   --->   Operation 207 'sparsemux' 'sin_basis' <Predicate = (!icmp_ln60 & and_ln75_1)> <Delay = 2.30> <CoreInst = "BinarySparseMux_DontCare">   --->   Core 137 'BinarySparseMux_DontCare' <Latency = 0> <II = 1> <Delay = 2.30> <FuncUnit> <Opcode : 'sparsemux'> <InPorts = 2> <OutPorts = 1>
ST_58 : Operation 208 [1/1] (0.00ns)   --->   "%index = bitconcatenate i4 @_ssdm_op_BitConcatenate.i4.i1.i3, i1 %din_sign, i3 %k" [C:\scratch\2025.2\hls_product\666\2025.2\src\shared\hls\clib/hlsmath/include/FloatingPoint\hls_hotbm.h:266->C:\scratch\2025.2\hls_product\666\2025.2\src\shared\hls\clib\hlsmath\src\common\hls_hotbm_float.cpp:127->C:\scratch\2025.2\hls_product\666\2025.2\src\shared\hls\clib\hlsmath\src\c++\sincoshotbmfloat.cpp:13->C:\scratch\2025.2\hls_product\666\2025.2\src\shared\hls\clib\hlsmath\src\c++\sincoshotbmfloat.cpp:45->chirp.cpp:86]   --->   Operation 208 'bitconcatenate' 'index' <Predicate = (!icmp_ln60 & and_ln75_1)> <Delay = 0.00>
ST_58 : Operation 209 [1/1] (0.00ns) (grouped into LUT with out node results_sign_2)   --->   "%tmp_4_i = sparsemux i1 @_ssdm_op_SparseMux.ap_auto.16i1.i1.i4, i4 0, i1 0, i4 1, i1 0, i4 2, i1 1, i4 3, i1 0, i4 4, i1 1, i4 5, i1 1, i4 6, i1 0, i4 7, i1 1, i4 8, i1 1, i4 9, i1 0, i4 10, i1 1, i4 11, i1 1, i4 12, i1 0, i4 13, i1 1, i4 14, i1 0, i4 15, i1 0, i1 0, i4 %index" [C:\scratch\2025.2\hls_product\666\2025.2\src\shared\hls\clib/hlsmath/include/FloatingPoint\hls_hotbm.h:267->C:\scratch\2025.2\hls_product\666\2025.2\src\shared\hls\clib\hlsmath\src\common\hls_hotbm_float.cpp:127->C:\scratch\2025.2\hls_product\666\2025.2\src\shared\hls\clib\hlsmath\src\c++\sincoshotbmfloat.cpp:13->C:\scratch\2025.2\hls_product\666\2025.2\src\shared\hls\clib\hlsmath\src\c++\sincoshotbmfloat.cpp:45->chirp.cpp:86]   --->   Operation 209 'sparsemux' 'tmp_4_i' <Predicate = (!icmp_ln60 & and_ln75_1)> <Delay = 0.00> <CoreInst = "BinarySparseMux_DontCare">   --->   Core 137 'BinarySparseMux_DontCare' <Latency = 0> <II = 1> <Delay = 2.06> <FuncUnit> <Opcode : 'sparsemux'> <InPorts = 2> <OutPorts = 1>
ST_58 : Operation 210 [1/1] (0.00ns) (grouped into LUT with out node results_sign_2)   --->   "%tmp_8_i = sparsemux i1 @_ssdm_op_SparseMux.ap_auto.16i1.i1.i4, i4 0, i1 0, i4 1, i1 0, i4 2, i1 0, i4 3, i1 1, i4 4, i1 1, i4 5, i1 1, i4 6, i1 1, i4 7, i1 0, i4 8, i1 0, i4 9, i1 1, i4 10, i1 1, i4 11, i1 1, i4 12, i1 1, i4 13, i1 0, i4 14, i1 0, i4 15, i1 0, i1 0, i4 %index" [C:\scratch\2025.2\hls_product\666\2025.2\src\shared\hls\clib/hlsmath/include/FloatingPoint\hls_hotbm.h:267->C:\scratch\2025.2\hls_product\666\2025.2\src\shared\hls\clib\hlsmath\src\common\hls_hotbm_float.cpp:127->C:\scratch\2025.2\hls_product\666\2025.2\src\shared\hls\clib\hlsmath\src\c++\sincoshotbmfloat.cpp:13->C:\scratch\2025.2\hls_product\666\2025.2\src\shared\hls\clib\hlsmath\src\c++\sincoshotbmfloat.cpp:45->chirp.cpp:86]   --->   Operation 210 'sparsemux' 'tmp_8_i' <Predicate = (!icmp_ln60 & and_ln75_1)> <Delay = 0.00> <CoreInst = "BinarySparseMux_DontCare">   --->   Core 137 'BinarySparseMux_DontCare' <Latency = 0> <II = 1> <Delay = 2.06> <FuncUnit> <Opcode : 'sparsemux'> <InPorts = 2> <OutPorts = 1>
ST_58 : Operation 211 [1/1] (0.00ns) (grouped into LUT with out node results_sign_2)   --->   "%results_sign = select i1 %sin_basis, i1 %tmp_4_i, i1 %tmp_8_i" [C:\scratch\2025.2\hls_product\666\2025.2\src\shared\hls\clib/hlsmath/include/FloatingPoint\hls_hotbm.h:242->C:\scratch\2025.2\hls_product\666\2025.2\src\shared\hls\clib\hlsmath\src\common\hls_hotbm_float.cpp:127->C:\scratch\2025.2\hls_product\666\2025.2\src\shared\hls\clib\hlsmath\src\c++\sincoshotbmfloat.cpp:13->C:\scratch\2025.2\hls_product\666\2025.2\src\shared\hls\clib\hlsmath\src\c++\sincoshotbmfloat.cpp:45->chirp.cpp:86]   --->   Operation 211 'select' 'results_sign' <Predicate = (!icmp_ln60 & and_ln75_1)> <Delay = 0.00> <CoreInst = "Sel">   --->   Core 73 'Sel' <Latency = 0> <II = 1> <Delay = 0.99> <FuncUnit> <Opcode : 'select'> <InPorts = 3> <OutPorts = 1>
ST_58 : Operation 212 [1/1] (1.91ns)   --->   "%icmp_ln271 = icmp_eq  i8 %din_exp, i8 0" [C:\scratch\2025.2\hls_product\666\2025.2\src\shared\hls\clib/hlsmath/include/FloatingPoint\hls_hotbm.h:271->C:\scratch\2025.2\hls_product\666\2025.2\src\shared\hls\clib\hlsmath\src\common\hls_hotbm_float.cpp:127->C:\scratch\2025.2\hls_product\666\2025.2\src\shared\hls\clib\hlsmath\src\c++\sincoshotbmfloat.cpp:13->C:\scratch\2025.2\hls_product\666\2025.2\src\shared\hls\clib\hlsmath\src\c++\sincoshotbmfloat.cpp:45->chirp.cpp:86]   --->   Operation 212 'icmp' 'icmp_ln271' <Predicate = (!icmp_ln60 & and_ln75_1)> <Delay = 1.91> <CoreInst = "Cmp">   --->   Core 9 'Cmp' <Latency = 0> <II = 1> <Delay = 1.91> <FuncUnit> <Opcode : 'seteq' 'setne' 'setle' 'setge' 'setlt' 'setgt'> <InPorts = 2> <OutPorts = 1>
ST_58 : Operation 213 [1/1] (0.97ns)   --->   "%and_ln271 = and i1 %icmp_ln271, i1 %icmp_ln271_1" [C:\scratch\2025.2\hls_product\666\2025.2\src\shared\hls\clib/hlsmath/include/FloatingPoint\hls_hotbm.h:271->C:\scratch\2025.2\hls_product\666\2025.2\src\shared\hls\clib\hlsmath\src\common\hls_hotbm_float.cpp:127->C:\scratch\2025.2\hls_product\666\2025.2\src\shared\hls\clib\hlsmath\src\c++\sincoshotbmfloat.cpp:13->C:\scratch\2025.2\hls_product\666\2025.2\src\shared\hls\clib\hlsmath\src\c++\sincoshotbmfloat.cpp:45->chirp.cpp:86]   --->   Operation 213 'and' 'and_ln271' <Predicate = (!icmp_ln60 & and_ln75_1)> <Delay = 0.97> <CoreInst = "LogicGate">   --->   Core 74 'LogicGate' <Latency = 0> <II = 1> <Delay = 0.97> <FuncUnit> <Opcode : 'and' 'or' 'xor'> <InPorts = 2> <OutPorts = 1>
ST_58 : Operation 214 [1/1] (1.91ns)   --->   "%icmp_ln282 = icmp_eq  i8 %din_exp, i8 255" [C:\scratch\2025.2\hls_product\666\2025.2\src\shared\hls\clib/hlsmath/include/FloatingPoint\hls_hotbm.h:282->C:\scratch\2025.2\hls_product\666\2025.2\src\shared\hls\clib\hlsmath\src\common\hls_hotbm_float.cpp:127->C:\scratch\2025.2\hls_product\666\2025.2\src\shared\hls\clib\hlsmath\src\c++\sincoshotbmfloat.cpp:13->C:\scratch\2025.2\hls_product\666\2025.2\src\shared\hls\clib\hlsmath\src\c++\sincoshotbmfloat.cpp:45->chirp.cpp:86]   --->   Operation 214 'icmp' 'icmp_ln282' <Predicate = (!icmp_ln60 & and_ln75_1)> <Delay = 1.91> <CoreInst = "Cmp">   --->   Core 9 'Cmp' <Latency = 0> <II = 1> <Delay = 1.91> <FuncUnit> <Opcode : 'seteq' 'setne' 'setle' 'setge' 'setlt' 'setgt'> <InPorts = 2> <OutPorts = 1>
ST_58 : Operation 215 [1/1] (0.00ns) (grouped into LUT with out node results_sign_2)   --->   "%xor_ln282 = xor i1 %icmp_ln282, i1 1" [C:\scratch\2025.2\hls_product\666\2025.2\src\shared\hls\clib/hlsmath/include/FloatingPoint\hls_hotbm.h:282->C:\scratch\2025.2\hls_product\666\2025.2\src\shared\hls\clib\hlsmath\src\common\hls_hotbm_float.cpp:127->C:\scratch\2025.2\hls_product\666\2025.2\src\shared\hls\clib\hlsmath\src\c++\sincoshotbmfloat.cpp:13->C:\scratch\2025.2\hls_product\666\2025.2\src\shared\hls\clib\hlsmath\src\c++\sincoshotbmfloat.cpp:45->chirp.cpp:86]   --->   Operation 215 'xor' 'xor_ln282' <Predicate = (!icmp_ln60 & and_ln75_1)> <Delay = 0.00> <CoreInst = "LogicGate">   --->   Core 74 'LogicGate' <Latency = 0> <II = 1> <Delay = 0.97> <FuncUnit> <Opcode : 'and' 'or' 'xor'> <InPorts = 2> <OutPorts = 1>
ST_58 : Operation 216 [1/1] (0.00ns) (grouped into LUT with out node results_sign_2)   --->   "%results_sign_1 = and i1 %results_sign, i1 %xor_ln282" [C:\scratch\2025.2\hls_product\666\2025.2\src\shared\hls\clib/hlsmath/include/FloatingPoint\hls_hotbm.h:282->C:\scratch\2025.2\hls_product\666\2025.2\src\shared\hls\clib\hlsmath\src\common\hls_hotbm_float.cpp:127->C:\scratch\2025.2\hls_product\666\2025.2\src\shared\hls\clib\hlsmath\src\c++\sincoshotbmfloat.cpp:13->C:\scratch\2025.2\hls_product\666\2025.2\src\shared\hls\clib\hlsmath\src\c++\sincoshotbmfloat.cpp:45->chirp.cpp:86]   --->   Operation 216 'and' 'results_sign_1' <Predicate = (!icmp_ln60 & and_ln75_1)> <Delay = 0.00> <CoreInst = "LogicGate">   --->   Core 74 'LogicGate' <Latency = 0> <II = 1> <Delay = 0.97> <FuncUnit> <Opcode : 'and' 'or' 'xor'> <InPorts = 2> <OutPorts = 1>
ST_58 : Operation 217 [1/1] (0.00ns) (grouped into LUT with out node results_sign_2)   --->   "%not_and_ln271_i = xor i1 %and_ln271, i1 1" [C:\scratch\2025.2\hls_product\666\2025.2\src\shared\hls\clib/hlsmath/include/FloatingPoint\hls_hotbm.h:271->C:\scratch\2025.2\hls_product\666\2025.2\src\shared\hls\clib\hlsmath\src\common\hls_hotbm_float.cpp:127->C:\scratch\2025.2\hls_product\666\2025.2\src\shared\hls\clib\hlsmath\src\c++\sincoshotbmfloat.cpp:13->C:\scratch\2025.2\hls_product\666\2025.2\src\shared\hls\clib\hlsmath\src\c++\sincoshotbmfloat.cpp:45->chirp.cpp:86]   --->   Operation 217 'xor' 'not_and_ln271_i' <Predicate = (!icmp_ln60 & and_ln75_1)> <Delay = 0.00> <CoreInst = "LogicGate">   --->   Core 74 'LogicGate' <Latency = 0> <II = 1> <Delay = 0.97> <FuncUnit> <Opcode : 'and' 'or' 'xor'> <InPorts = 2> <OutPorts = 1>
ST_58 : Operation 218 [1/1] (2.06ns) (out node of the LUT)   --->   "%results_sign_2 = and i1 %results_sign_1, i1 %not_and_ln271_i" [C:\scratch\2025.2\hls_product\666\2025.2\src\shared\hls\clib/hlsmath/include/FloatingPoint\hls_hotbm.h:282->C:\scratch\2025.2\hls_product\666\2025.2\src\shared\hls\clib\hlsmath\src\common\hls_hotbm_float.cpp:127->C:\scratch\2025.2\hls_product\666\2025.2\src\shared\hls\clib\hlsmath\src\c++\sincoshotbmfloat.cpp:13->C:\scratch\2025.2\hls_product\666\2025.2\src\shared\hls\clib\hlsmath\src\c++\sincoshotbmfloat.cpp:45->chirp.cpp:86]   --->   Operation 218 'and' 'results_sign_2' <Predicate = (!icmp_ln60 & and_ln75_1)> <Delay = 2.06> <CoreInst = "LogicGate">   --->   Core 74 'LogicGate' <Latency = 0> <II = 1> <Delay = 0.97> <FuncUnit> <Opcode : 'and' 'or' 'xor'> <InPorts = 2> <OutPorts = 1>

State 59 <SV = 58> <Delay = 6.66>
ST_59 : Operation 219 [1/1] (1.91ns)   --->   "%Ex = add i8 %din_exp, i8 131" [C:\scratch\2025.2\hls_product\666\2025.2\src\shared\hls\clib/hlsmath/include/FloatingPoint/hls_range_redux.h:454->C:\scratch\2025.2\hls_product\666\2025.2\src\shared\hls\clib/hlsmath/include/FloatingPoint\hls_hotbm.h:239->C:\scratch\2025.2\hls_product\666\2025.2\src\shared\hls\clib\hlsmath\src\common\hls_hotbm_float.cpp:127->C:\scratch\2025.2\hls_product\666\2025.2\src\shared\hls\clib\hlsmath\src\c++\sincoshotbmfloat.cpp:13->C:\scratch\2025.2\hls_product\666\2025.2\src\shared\hls\clib\hlsmath\src\c++\sincoshotbmfloat.cpp:45->chirp.cpp:86]   --->   Operation 219 'add' 'Ex' <Predicate = (!icmp_ln60 & and_ln75_1 & closepath)> <Delay = 1.91> <CoreInst = "Adder">   --->   Core 1 'Adder' <Latency = 0> <II = 1> <Delay = 1.91> <FuncUnit> <Opcode : 'add' 'sub'> <InPorts = 2> <OutPorts = 1>
ST_59 : Operation 220 [1/1] (0.00ns) (grouped into LUT with out node Ex_1)   --->   "%select_ln453 = select i1 %closepath, i8 %Ex, i8 0" [C:\scratch\2025.2\hls_product\666\2025.2\src\shared\hls\clib/hlsmath/include/FloatingPoint/hls_range_redux.h:453->C:\scratch\2025.2\hls_product\666\2025.2\src\shared\hls\clib/hlsmath/include/FloatingPoint\hls_hotbm.h:239->C:\scratch\2025.2\hls_product\666\2025.2\src\shared\hls\clib\hlsmath\src\common\hls_hotbm_float.cpp:127->C:\scratch\2025.2\hls_product\666\2025.2\src\shared\hls\clib\hlsmath\src\c++\sincoshotbmfloat.cpp:13->C:\scratch\2025.2\hls_product\666\2025.2\src\shared\hls\clib\hlsmath\src\c++\sincoshotbmfloat.cpp:45->chirp.cpp:86]   --->   Operation 220 'select' 'select_ln453' <Predicate = (!icmp_ln60 & and_ln75_1)> <Delay = 0.00> <CoreInst = "Sel">   --->   Core 73 'Sel' <Latency = 0> <II = 1> <Delay = 1.24> <FuncUnit> <Opcode : 'select'> <InPorts = 3> <OutPorts = 1>
ST_59 : Operation 221 [1/1] (0.00ns)   --->   "%t_1 = bitconcatenate i30 @_ssdm_op_BitConcatenate.i30.i29.i1, i29 %tmp_7_i, i1 1" [C:\scratch\2025.2\hls_product\666\2025.2\src\shared\hls\clib/hlsmath/include/FloatingPoint/hls_normalize.h:73->C:\scratch\2025.2\hls_product\666\2025.2\src\shared\hls\clib/hlsmath/include/FloatingPoint/hls_range_redux.h:495->C:\scratch\2025.2\hls_product\666\2025.2\src\shared\hls\clib/hlsmath/include/FloatingPoint\hls_hotbm.h:239->C:\scratch\2025.2\hls_product\666\2025.2\src\shared\hls\clib\hlsmath\src\common\hls_hotbm_float.cpp:127->C:\scratch\2025.2\hls_product\666\2025.2\src\shared\hls\clib\hlsmath\src\c++\sincoshotbmfloat.cpp:13->C:\scratch\2025.2\hls_product\666\2025.2\src\shared\hls\clib\hlsmath\src\c++\sincoshotbmfloat.cpp:45->chirp.cpp:86]   --->   Operation 221 'bitconcatenate' 't_1' <Predicate = (!icmp_ln60 & and_ln75_1)> <Delay = 0.00>
ST_59 : Operation 222 [1/1] (2.06ns)   --->   "%Mx_zeros = ctlz i30 @llvm.ctlz.i30, i30 %t_1, i1 0" [C:\scratch\2025.2\hls_product\666\2025.2\src\shared\hls\clib/hlsmath/include/FloatingPoint/hls_normalize.h:75->C:\scratch\2025.2\hls_product\666\2025.2\src\shared\hls\clib/hlsmath/include/FloatingPoint/hls_range_redux.h:495->C:\scratch\2025.2\hls_product\666\2025.2\src\shared\hls\clib/hlsmath/include/FloatingPoint\hls_hotbm.h:239->C:\scratch\2025.2\hls_product\666\2025.2\src\shared\hls\clib\hlsmath\src\common\hls_hotbm_float.cpp:127->C:\scratch\2025.2\hls_product\666\2025.2\src\shared\hls\clib\hlsmath\src\c++\sincoshotbmfloat.cpp:13->C:\scratch\2025.2\hls_product\666\2025.2\src\shared\hls\clib\hlsmath\src\c++\sincoshotbmfloat.cpp:45->chirp.cpp:86]   --->   Operation 222 'ctlz' 'Mx_zeros' <Predicate = (!icmp_ln60 & and_ln75_1)> <Delay = 2.06> <CoreInst = "ctlz">   --->   Core 133 'ctlz' <Latency = 0> <II = 1> <Delay = 2.06> <FuncUnit> <Opcode : 'ctlz'> <InPorts = 1> <OutPorts = 1>
ST_59 : Operation 223 [1/1] (0.00ns)   --->   "%zext_ln504 = zext i30 %Mx_zeros" [C:\scratch\2025.2\hls_product\666\2025.2\src\shared\hls\clib/hlsmath/include/FloatingPoint/hls_range_redux.h:504->C:\scratch\2025.2\hls_product\666\2025.2\src\shared\hls\clib/hlsmath/include/FloatingPoint\hls_hotbm.h:239->C:\scratch\2025.2\hls_product\666\2025.2\src\shared\hls\clib\hlsmath\src\common\hls_hotbm_float.cpp:127->C:\scratch\2025.2\hls_product\666\2025.2\src\shared\hls\clib\hlsmath\src\c++\sincoshotbmfloat.cpp:13->C:\scratch\2025.2\hls_product\666\2025.2\src\shared\hls\clib\hlsmath\src\c++\sincoshotbmfloat.cpp:45->chirp.cpp:86]   --->   Operation 223 'zext' 'zext_ln504' <Predicate = (!icmp_ln60 & and_ln75_1)> <Delay = 0.00>
ST_59 : Operation 224 [1/1] (4.60ns)   --->   "%shl_ln504 = shl i58 %Mx_bits_3, i58 %zext_ln504" [C:\scratch\2025.2\hls_product\666\2025.2\src\shared\hls\clib/hlsmath/include/FloatingPoint/hls_range_redux.h:504->C:\scratch\2025.2\hls_product\666\2025.2\src\shared\hls\clib/hlsmath/include/FloatingPoint\hls_hotbm.h:239->C:\scratch\2025.2\hls_product\666\2025.2\src\shared\hls\clib\hlsmath\src\common\hls_hotbm_float.cpp:127->C:\scratch\2025.2\hls_product\666\2025.2\src\shared\hls\clib\hlsmath\src\c++\sincoshotbmfloat.cpp:13->C:\scratch\2025.2\hls_product\666\2025.2\src\shared\hls\clib\hlsmath\src\c++\sincoshotbmfloat.cpp:45->chirp.cpp:86]   --->   Operation 224 'shl' 'shl_ln504' <Predicate = (!icmp_ln60 & and_ln75_1)> <Delay = 4.60> <CoreInst = "Shifter">   --->   Core 75 'Shifter' <Latency = 0> <II = 1> <Delay = 4.60> <FuncUnit> <Opcode : 'shl' 'lshr' 'ashr'> <InPorts = 2> <OutPorts = 1>
ST_59 : Operation 225 [1/1] (0.00ns)   --->   "%Mx = partselect i29 @_ssdm_op_PartSelect.i29.i58.i32.i32, i58 %shl_ln504, i32 29, i32 57" [C:\scratch\2025.2\hls_product\666\2025.2\src\shared\hls\clib/hlsmath/include/FloatingPoint/hls_range_redux.h:504->C:\scratch\2025.2\hls_product\666\2025.2\src\shared\hls\clib/hlsmath/include/FloatingPoint\hls_hotbm.h:239->C:\scratch\2025.2\hls_product\666\2025.2\src\shared\hls\clib\hlsmath\src\common\hls_hotbm_float.cpp:127->C:\scratch\2025.2\hls_product\666\2025.2\src\shared\hls\clib\hlsmath\src\c++\sincoshotbmfloat.cpp:13->C:\scratch\2025.2\hls_product\666\2025.2\src\shared\hls\clib\hlsmath\src\c++\sincoshotbmfloat.cpp:45->chirp.cpp:86]   --->   Operation 225 'partselect' 'Mx' <Predicate = (!icmp_ln60 & and_ln75_1)> <Delay = 0.00>
ST_59 : Operation 226 [1/1] (0.00ns) (grouped into LUT with out node Ex_1)   --->   "%trunc_ln505 = trunc i30 %Mx_zeros" [C:\scratch\2025.2\hls_product\666\2025.2\src\shared\hls\clib/hlsmath/include/FloatingPoint/hls_range_redux.h:505->C:\scratch\2025.2\hls_product\666\2025.2\src\shared\hls\clib/hlsmath/include/FloatingPoint\hls_hotbm.h:239->C:\scratch\2025.2\hls_product\666\2025.2\src\shared\hls\clib\hlsmath\src\common\hls_hotbm_float.cpp:127->C:\scratch\2025.2\hls_product\666\2025.2\src\shared\hls\clib\hlsmath\src\c++\sincoshotbmfloat.cpp:13->C:\scratch\2025.2\hls_product\666\2025.2\src\shared\hls\clib\hlsmath\src\c++\sincoshotbmfloat.cpp:45->chirp.cpp:86]   --->   Operation 226 'trunc' 'trunc_ln505' <Predicate = (!icmp_ln60 & and_ln75_1)> <Delay = 0.00>
ST_59 : Operation 227 [1/1] (1.91ns) (out node of the LUT)   --->   "%Ex_1 = sub i8 %select_ln453, i8 %trunc_ln505" [C:\scratch\2025.2\hls_product\666\2025.2\src\shared\hls\clib/hlsmath/include/FloatingPoint/hls_range_redux.h:505->C:\scratch\2025.2\hls_product\666\2025.2\src\shared\hls\clib/hlsmath/include/FloatingPoint\hls_hotbm.h:239->C:\scratch\2025.2\hls_product\666\2025.2\src\shared\hls\clib\hlsmath\src\common\hls_hotbm_float.cpp:127->C:\scratch\2025.2\hls_product\666\2025.2\src\shared\hls\clib\hlsmath\src\c++\sincoshotbmfloat.cpp:13->C:\scratch\2025.2\hls_product\666\2025.2\src\shared\hls\clib\hlsmath\src\c++\sincoshotbmfloat.cpp:45->chirp.cpp:86]   --->   Operation 227 'sub' 'Ex_1' <Predicate = (!icmp_ln60 & and_ln75_1)> <Delay = 1.91> <CoreInst = "Adder">   --->   Core 1 'Adder' <Latency = 0> <II = 1> <Delay = 1.91> <FuncUnit> <Opcode : 'add' 'sub'> <InPorts = 2> <OutPorts = 1>
ST_59 : Operation 228 [1/1] (0.00ns)   --->   "%tmp_8 = bitselect i1 @_ssdm_op_BitSelect.i1.i8.i32, i8 %Ex_1, i32 7" [C:\scratch\2025.2\hls_product\666\2025.2\src\shared\hls\clib/hlsmath/include/FloatingPoint/hls_range_redux.h:506->C:\scratch\2025.2\hls_product\666\2025.2\src\shared\hls\clib/hlsmath/include/FloatingPoint\hls_hotbm.h:239->C:\scratch\2025.2\hls_product\666\2025.2\src\shared\hls\clib\hlsmath\src\common\hls_hotbm_float.cpp:127->C:\scratch\2025.2\hls_product\666\2025.2\src\shared\hls\clib\hlsmath\src\c++\sincoshotbmfloat.cpp:13->C:\scratch\2025.2\hls_product\666\2025.2\src\shared\hls\clib\hlsmath\src\c++\sincoshotbmfloat.cpp:45->chirp.cpp:86]   --->   Operation 228 'bitselect' 'tmp_8' <Predicate = (!icmp_ln60 & and_ln75_1)> <Delay = 0.00>
ST_59 : Operation 229 [1/1] (1.91ns)   --->   "%sub_ln506 = sub i8 0, i8 %Ex_1" [C:\scratch\2025.2\hls_product\666\2025.2\src\shared\hls\clib/hlsmath/include/FloatingPoint/hls_range_redux.h:506->C:\scratch\2025.2\hls_product\666\2025.2\src\shared\hls\clib/hlsmath/include/FloatingPoint\hls_hotbm.h:239->C:\scratch\2025.2\hls_product\666\2025.2\src\shared\hls\clib\hlsmath\src\common\hls_hotbm_float.cpp:127->C:\scratch\2025.2\hls_product\666\2025.2\src\shared\hls\clib\hlsmath\src\c++\sincoshotbmfloat.cpp:13->C:\scratch\2025.2\hls_product\666\2025.2\src\shared\hls\clib\hlsmath\src\c++\sincoshotbmfloat.cpp:45->chirp.cpp:86]   --->   Operation 229 'sub' 'sub_ln506' <Predicate = (!icmp_ln60 & and_ln75_1)> <Delay = 1.91> <CoreInst = "Adder">   --->   Core 1 'Adder' <Latency = 0> <II = 1> <Delay = 1.91> <FuncUnit> <Opcode : 'add' 'sub'> <InPorts = 2> <OutPorts = 1>

State 60 <SV = 59> <Delay = 6.28>
ST_60 : Operation 230 [1/1] (1.24ns)   --->   "%select_ln506 = select i1 %tmp_8, i8 %sub_ln506, i8 %Ex_1" [C:\scratch\2025.2\hls_product\666\2025.2\src\shared\hls\clib/hlsmath/include/FloatingPoint/hls_range_redux.h:506->C:\scratch\2025.2\hls_product\666\2025.2\src\shared\hls\clib/hlsmath/include/FloatingPoint\hls_hotbm.h:239->C:\scratch\2025.2\hls_product\666\2025.2\src\shared\hls\clib\hlsmath\src\common\hls_hotbm_float.cpp:127->C:\scratch\2025.2\hls_product\666\2025.2\src\shared\hls\clib\hlsmath\src\c++\sincoshotbmfloat.cpp:13->C:\scratch\2025.2\hls_product\666\2025.2\src\shared\hls\clib\hlsmath\src\c++\sincoshotbmfloat.cpp:45->chirp.cpp:86]   --->   Operation 230 'select' 'select_ln506' <Predicate = (!icmp_ln60 & and_ln75_1)> <Delay = 1.24> <CoreInst = "Sel">   --->   Core 73 'Sel' <Latency = 0> <II = 1> <Delay = 1.24> <FuncUnit> <Opcode : 'select'> <InPorts = 3> <OutPorts = 1>
ST_60 : Operation 231 [1/1] (0.00ns)   --->   "%zext_ln506 = zext i8 %select_ln506" [C:\scratch\2025.2\hls_product\666\2025.2\src\shared\hls\clib/hlsmath/include/FloatingPoint/hls_range_redux.h:506->C:\scratch\2025.2\hls_product\666\2025.2\src\shared\hls\clib/hlsmath/include/FloatingPoint\hls_hotbm.h:239->C:\scratch\2025.2\hls_product\666\2025.2\src\shared\hls\clib\hlsmath\src\common\hls_hotbm_float.cpp:127->C:\scratch\2025.2\hls_product\666\2025.2\src\shared\hls\clib\hlsmath\src\c++\sincoshotbmfloat.cpp:13->C:\scratch\2025.2\hls_product\666\2025.2\src\shared\hls\clib\hlsmath\src\c++\sincoshotbmfloat.cpp:45->chirp.cpp:86]   --->   Operation 231 'zext' 'zext_ln506' <Predicate = (!icmp_ln60 & and_ln75_1)> <Delay = 0.00>
ST_60 : Operation 232 [1/1] (0.00ns)   --->   "%zext_ln506_1 = zext i29 %Mx" [C:\scratch\2025.2\hls_product\666\2025.2\src\shared\hls\clib/hlsmath/include/FloatingPoint/hls_range_redux.h:506->C:\scratch\2025.2\hls_product\666\2025.2\src\shared\hls\clib/hlsmath/include/FloatingPoint\hls_hotbm.h:239->C:\scratch\2025.2\hls_product\666\2025.2\src\shared\hls\clib\hlsmath\src\common\hls_hotbm_float.cpp:127->C:\scratch\2025.2\hls_product\666\2025.2\src\shared\hls\clib\hlsmath\src\c++\sincoshotbmfloat.cpp:13->C:\scratch\2025.2\hls_product\666\2025.2\src\shared\hls\clib\hlsmath\src\c++\sincoshotbmfloat.cpp:45->chirp.cpp:86]   --->   Operation 232 'zext' 'zext_ln506_1' <Predicate = (!icmp_ln60 & and_ln75_1)> <Delay = 0.00>
ST_60 : Operation 233 [1/1] (4.33ns)   --->   "%lshr_ln506 = lshr i32 %zext_ln506_1, i32 %zext_ln506" [C:\scratch\2025.2\hls_product\666\2025.2\src\shared\hls\clib/hlsmath/include/FloatingPoint/hls_range_redux.h:506->C:\scratch\2025.2\hls_product\666\2025.2\src\shared\hls\clib/hlsmath/include/FloatingPoint\hls_hotbm.h:239->C:\scratch\2025.2\hls_product\666\2025.2\src\shared\hls\clib\hlsmath\src\common\hls_hotbm_float.cpp:127->C:\scratch\2025.2\hls_product\666\2025.2\src\shared\hls\clib\hlsmath\src\c++\sincoshotbmfloat.cpp:13->C:\scratch\2025.2\hls_product\666\2025.2\src\shared\hls\clib\hlsmath\src\c++\sincoshotbmfloat.cpp:45->chirp.cpp:86]   --->   Operation 233 'lshr' 'lshr_ln506' <Predicate = (!icmp_ln60 & and_ln75_1 & tmp_8)> <Delay = 4.33> <CoreInst = "Shifter">   --->   Core 75 'Shifter' <Latency = 0> <II = 1> <Delay = 4.33> <FuncUnit> <Opcode : 'shl' 'lshr' 'ashr'> <InPorts = 2> <OutPorts = 1>
ST_60 : Operation 234 [1/1] (4.33ns)   --->   "%shl_ln506 = shl i32 %zext_ln506_1, i32 %zext_ln506" [C:\scratch\2025.2\hls_product\666\2025.2\src\shared\hls\clib/hlsmath/include/FloatingPoint/hls_range_redux.h:506->C:\scratch\2025.2\hls_product\666\2025.2\src\shared\hls\clib/hlsmath/include/FloatingPoint\hls_hotbm.h:239->C:\scratch\2025.2\hls_product\666\2025.2\src\shared\hls\clib\hlsmath\src\common\hls_hotbm_float.cpp:127->C:\scratch\2025.2\hls_product\666\2025.2\src\shared\hls\clib\hlsmath\src\c++\sincoshotbmfloat.cpp:13->C:\scratch\2025.2\hls_product\666\2025.2\src\shared\hls\clib\hlsmath\src\c++\sincoshotbmfloat.cpp:45->chirp.cpp:86]   --->   Operation 234 'shl' 'shl_ln506' <Predicate = (!icmp_ln60 & and_ln75_1 & !tmp_8)> <Delay = 4.33> <CoreInst = "Shifter">   --->   Core 75 'Shifter' <Latency = 0> <II = 1> <Delay = 4.33> <FuncUnit> <Opcode : 'shl' 'lshr' 'ashr'> <InPorts = 2> <OutPorts = 1>
ST_60 : Operation 235 [1/1] (0.69ns)   --->   "%select_ln506_1 = select i1 %tmp_8, i32 %lshr_ln506, i32 %shl_ln506" [C:\scratch\2025.2\hls_product\666\2025.2\src\shared\hls\clib/hlsmath/include/FloatingPoint/hls_range_redux.h:506->C:\scratch\2025.2\hls_product\666\2025.2\src\shared\hls\clib/hlsmath/include/FloatingPoint\hls_hotbm.h:239->C:\scratch\2025.2\hls_product\666\2025.2\src\shared\hls\clib\hlsmath\src\common\hls_hotbm_float.cpp:127->C:\scratch\2025.2\hls_product\666\2025.2\src\shared\hls\clib\hlsmath\src\c++\sincoshotbmfloat.cpp:13->C:\scratch\2025.2\hls_product\666\2025.2\src\shared\hls\clib\hlsmath\src\c++\sincoshotbmfloat.cpp:45->chirp.cpp:86]   --->   Operation 235 'select' 'select_ln506_1' <Predicate = (!icmp_ln60 & and_ln75_1)> <Delay = 0.69> <CoreInst = "Sel">   --->   Core 73 'Sel' <Latency = 0> <II = 1> <Delay = 0.69> <FuncUnit> <Opcode : 'select'> <InPorts = 3> <OutPorts = 1>
ST_60 : Operation 236 [1/1] (0.00ns)   --->   "%B = trunc i32 %select_ln506_1" [C:\scratch\2025.2\hls_product\666\2025.2\src\shared\hls\clib\hlsmath\src\common\hls_hotbm_float.cpp:21->C:\scratch\2025.2\hls_product\666\2025.2\src\shared\hls\clib/hlsmath/include/FloatingPoint\hls_hotbm.h:250->C:\scratch\2025.2\hls_product\666\2025.2\src\shared\hls\clib\hlsmath\src\common\hls_hotbm_float.cpp:127->C:\scratch\2025.2\hls_product\666\2025.2\src\shared\hls\clib\hlsmath\src\c++\sincoshotbmfloat.cpp:13->C:\scratch\2025.2\hls_product\666\2025.2\src\shared\hls\clib\hlsmath\src\c++\sincoshotbmfloat.cpp:45->chirp.cpp:86]   --->   Operation 236 'trunc' 'B' <Predicate = (!icmp_ln60 & and_ln75_1)> <Delay = 0.00>
ST_60 : Operation 237 [1/1] (0.80ns)   --->   "%Mx_1 = select i1 %sin_basis, i29 %Mx, i29 536870911" [C:\scratch\2025.2\hls_product\666\2025.2\src\shared\hls\clib/hlsmath/include/FloatingPoint\hls_hotbm.h:243->C:\scratch\2025.2\hls_product\666\2025.2\src\shared\hls\clib\hlsmath\src\common\hls_hotbm_float.cpp:127->C:\scratch\2025.2\hls_product\666\2025.2\src\shared\hls\clib\hlsmath\src\c++\sincoshotbmfloat.cpp:13->C:\scratch\2025.2\hls_product\666\2025.2\src\shared\hls\clib\hlsmath\src\c++\sincoshotbmfloat.cpp:45->chirp.cpp:86]   --->   Operation 237 'select' 'Mx_1' <Predicate = (!icmp_ln60 & and_ln75_1)> <Delay = 0.80> <CoreInst = "Sel">   --->   Core 73 'Sel' <Latency = 0> <II = 1> <Delay = 0.80> <FuncUnit> <Opcode : 'select'> <InPorts = 3> <OutPorts = 1>
ST_60 : Operation 238 [1/1] (0.00ns)   --->   "%tmp_i = partselect i7 @_ssdm_op_PartSelect.i7.i32.i32.i32, i32 %select_ln506_1, i32 22, i32 28" [C:\scratch\2025.2\hls_product\666\2025.2\src\shared\hls\clib\hlsmath\src\common\hls_hotbm_float.cpp:20->C:\scratch\2025.2\hls_product\666\2025.2\src\shared\hls\clib/hlsmath/include/FloatingPoint\hls_hotbm.h:250->C:\scratch\2025.2\hls_product\666\2025.2\src\shared\hls\clib\hlsmath\src\common\hls_hotbm_float.cpp:127->C:\scratch\2025.2\hls_product\666\2025.2\src\shared\hls\clib\hlsmath\src\c++\sincoshotbmfloat.cpp:13->C:\scratch\2025.2\hls_product\666\2025.2\src\shared\hls\clib\hlsmath\src\c++\sincoshotbmfloat.cpp:45->chirp.cpp:86]   --->   Operation 238 'partselect' 'tmp_i' <Predicate = (!icmp_ln60 & and_ln75_1)> <Delay = 0.00>
ST_60 : Operation 239 [1/1] (0.00ns)   --->   "%B_trunc = partselect i15 @_ssdm_op_PartSelect.i15.i32.i32.i32, i32 %select_ln506_1, i32 7, i32 21" [C:\scratch\2025.2\hls_product\666\2025.2\src\shared\hls\clib\hlsmath\src\common\hls_hotbm_float.cpp:22->C:\scratch\2025.2\hls_product\666\2025.2\src\shared\hls\clib/hlsmath/include/FloatingPoint\hls_hotbm.h:250->C:\scratch\2025.2\hls_product\666\2025.2\src\shared\hls\clib\hlsmath\src\common\hls_hotbm_float.cpp:127->C:\scratch\2025.2\hls_product\666\2025.2\src\shared\hls\clib\hlsmath\src\c++\sincoshotbmfloat.cpp:13->C:\scratch\2025.2\hls_product\666\2025.2\src\shared\hls\clib\hlsmath\src\c++\sincoshotbmfloat.cpp:45->chirp.cpp:86]   --->   Operation 239 'partselect' 'B_trunc' <Predicate = (!icmp_ln60 & and_ln75_1)> <Delay = 0.00>

State 61 <SV = 60> <Delay = 2.32>
ST_61 : Operation 240 [1/1] (1.24ns)   --->   "%Ex_2 = select i1 %sin_basis, i8 %Ex_1, i8 0" [C:\scratch\2025.2\hls_product\666\2025.2\src\shared\hls\clib/hlsmath/include/FloatingPoint\hls_hotbm.h:243->C:\scratch\2025.2\hls_product\666\2025.2\src\shared\hls\clib\hlsmath\src\common\hls_hotbm_float.cpp:127->C:\scratch\2025.2\hls_product\666\2025.2\src\shared\hls\clib\hlsmath\src\c++\sincoshotbmfloat.cpp:13->C:\scratch\2025.2\hls_product\666\2025.2\src\shared\hls\clib\hlsmath\src\c++\sincoshotbmfloat.cpp:45->chirp.cpp:86]   --->   Operation 240 'select' 'Ex_2' <Predicate = (!icmp_ln60 & and_ln75_1)> <Delay = 1.24> <CoreInst = "Sel">   --->   Core 73 'Sel' <Latency = 0> <II = 1> <Delay = 1.24> <FuncUnit> <Opcode : 'select'> <InPorts = 3> <OutPorts = 1>
ST_61 : Operation 241 [1/1] (0.00ns)   --->   "%A = bitconcatenate i8 @_ssdm_op_BitConcatenate.i8.i1.i7, i1 %sin_basis, i7 %tmp_i" [C:\scratch\2025.2\hls_product\666\2025.2\src\shared\hls\clib\hlsmath\src\common\hls_hotbm_float.cpp:26->C:\scratch\2025.2\hls_product\666\2025.2\src\shared\hls\clib/hlsmath/include/FloatingPoint\hls_hotbm.h:250->C:\scratch\2025.2\hls_product\666\2025.2\src\shared\hls\clib\hlsmath\src\common\hls_hotbm_float.cpp:127->C:\scratch\2025.2\hls_product\666\2025.2\src\shared\hls\clib\hlsmath\src\c++\sincoshotbmfloat.cpp:13->C:\scratch\2025.2\hls_product\666\2025.2\src\shared\hls\clib\hlsmath\src\c++\sincoshotbmfloat.cpp:45->chirp.cpp:86]   --->   Operation 241 'bitconcatenate' 'A' <Predicate = (!icmp_ln60 & and_ln75_1)> <Delay = 0.00>
ST_61 : Operation 242 [1/1] (0.00ns)   --->   "%zext_ln28 = zext i8 %A" [C:\scratch\2025.2\hls_product\666\2025.2\src\shared\hls\clib\hlsmath\src\common\hls_hotbm_float.cpp:28->C:\scratch\2025.2\hls_product\666\2025.2\src\shared\hls\clib/hlsmath/include/FloatingPoint\hls_hotbm.h:250->C:\scratch\2025.2\hls_product\666\2025.2\src\shared\hls\clib\hlsmath\src\common\hls_hotbm_float.cpp:127->C:\scratch\2025.2\hls_product\666\2025.2\src\shared\hls\clib\hlsmath\src\c++\sincoshotbmfloat.cpp:13->C:\scratch\2025.2\hls_product\666\2025.2\src\shared\hls\clib\hlsmath\src\c++\sincoshotbmfloat.cpp:45->chirp.cpp:86]   --->   Operation 242 'zext' 'zext_ln28' <Predicate = (!icmp_ln60 & and_ln75_1)> <Delay = 0.00>
ST_61 : Operation 243 [1/1] (0.00ns)   --->   "%second_order_float_sin_cos_K0_addr = getelementptr i30 %second_order_float_sin_cos_K0, i64 0, i64 %zext_ln28" [C:\scratch\2025.2\hls_product\666\2025.2\src\shared\hls\clib\hlsmath\src\common\hls_hotbm_float.cpp:28->C:\scratch\2025.2\hls_product\666\2025.2\src\shared\hls\clib/hlsmath/include/FloatingPoint\hls_hotbm.h:250->C:\scratch\2025.2\hls_product\666\2025.2\src\shared\hls\clib\hlsmath\src\common\hls_hotbm_float.cpp:127->C:\scratch\2025.2\hls_product\666\2025.2\src\shared\hls\clib\hlsmath\src\c++\sincoshotbmfloat.cpp:13->C:\scratch\2025.2\hls_product\666\2025.2\src\shared\hls\clib\hlsmath\src\c++\sincoshotbmfloat.cpp:45->chirp.cpp:86]   --->   Operation 243 'getelementptr' 'second_order_float_sin_cos_K0_addr' <Predicate = (!icmp_ln60 & and_ln75_1)> <Delay = 0.00>
ST_61 : Operation 244 [2/2] (2.32ns)   --->   "%second_order_float_sin_cos_K0_load = load i8 %second_order_float_sin_cos_K0_addr" [C:\scratch\2025.2\hls_product\666\2025.2\src\shared\hls\clib\hlsmath\src\common\hls_hotbm_float.cpp:28->C:\scratch\2025.2\hls_product\666\2025.2\src\shared\hls\clib/hlsmath/include/FloatingPoint\hls_hotbm.h:250->C:\scratch\2025.2\hls_product\666\2025.2\src\shared\hls\clib\hlsmath\src\common\hls_hotbm_float.cpp:127->C:\scratch\2025.2\hls_product\666\2025.2\src\shared\hls\clib\hlsmath\src\c++\sincoshotbmfloat.cpp:13->C:\scratch\2025.2\hls_product\666\2025.2\src\shared\hls\clib\hlsmath\src\c++\sincoshotbmfloat.cpp:45->chirp.cpp:86]   --->   Operation 244 'load' 'second_order_float_sin_cos_K0_load' <Predicate = (!icmp_ln60 & and_ln75_1)> <Delay = 2.32> <CoreInst = "ROM_1P_LUTRAM">   --->   Core 96 'ROM_1P_LUTRAM' <Latency = 1> <II = 1> <Delay = 2.32> <Storage> <Opcode : 'load'> <Ports = 1> <Width = 30> <Depth = 256> <ROM>
ST_61 : Operation 245 [1/1] (0.00ns)   --->   "%second_order_float_sin_cos_K1_addr = getelementptr i23 %second_order_float_sin_cos_K1, i64 0, i64 %zext_ln28" [C:\scratch\2025.2\hls_product\666\2025.2\src\shared\hls\clib\hlsmath\src\common\hls_hotbm_float.cpp:29->C:\scratch\2025.2\hls_product\666\2025.2\src\shared\hls\clib/hlsmath/include/FloatingPoint\hls_hotbm.h:250->C:\scratch\2025.2\hls_product\666\2025.2\src\shared\hls\clib\hlsmath\src\common\hls_hotbm_float.cpp:127->C:\scratch\2025.2\hls_product\666\2025.2\src\shared\hls\clib\hlsmath\src\c++\sincoshotbmfloat.cpp:13->C:\scratch\2025.2\hls_product\666\2025.2\src\shared\hls\clib\hlsmath\src\c++\sincoshotbmfloat.cpp:45->chirp.cpp:86]   --->   Operation 245 'getelementptr' 'second_order_float_sin_cos_K1_addr' <Predicate = (!icmp_ln60 & and_ln75_1)> <Delay = 0.00>
ST_61 : Operation 246 [2/2] (2.32ns)   --->   "%second_order_float_sin_cos_K1_load = load i8 %second_order_float_sin_cos_K1_addr" [C:\scratch\2025.2\hls_product\666\2025.2\src\shared\hls\clib\hlsmath\src\common\hls_hotbm_float.cpp:29->C:\scratch\2025.2\hls_product\666\2025.2\src\shared\hls\clib/hlsmath/include/FloatingPoint\hls_hotbm.h:250->C:\scratch\2025.2\hls_product\666\2025.2\src\shared\hls\clib\hlsmath\src\common\hls_hotbm_float.cpp:127->C:\scratch\2025.2\hls_product\666\2025.2\src\shared\hls\clib\hlsmath\src\c++\sincoshotbmfloat.cpp:13->C:\scratch\2025.2\hls_product\666\2025.2\src\shared\hls\clib\hlsmath\src\c++\sincoshotbmfloat.cpp:45->chirp.cpp:86]   --->   Operation 246 'load' 'second_order_float_sin_cos_K1_load' <Predicate = (!icmp_ln60 & and_ln75_1)> <Delay = 2.32> <CoreInst = "ROM_1P_LUTRAM">   --->   Core 96 'ROM_1P_LUTRAM' <Latency = 1> <II = 1> <Delay = 2.32> <Storage> <Opcode : 'load'> <Ports = 1> <Width = 23> <Depth = 256> <ROM>
ST_61 : Operation 247 [1/1] (0.00ns)   --->   "%second_order_float_sin_cos_K2_addr = getelementptr i15 %second_order_float_sin_cos_K2, i64 0, i64 %zext_ln28" [C:\scratch\2025.2\hls_product\666\2025.2\src\shared\hls\clib\hlsmath\src\common\hls_hotbm_float.cpp:30->C:\scratch\2025.2\hls_product\666\2025.2\src\shared\hls\clib/hlsmath/include/FloatingPoint\hls_hotbm.h:250->C:\scratch\2025.2\hls_product\666\2025.2\src\shared\hls\clib\hlsmath\src\common\hls_hotbm_float.cpp:127->C:\scratch\2025.2\hls_product\666\2025.2\src\shared\hls\clib\hlsmath\src\c++\sincoshotbmfloat.cpp:13->C:\scratch\2025.2\hls_product\666\2025.2\src\shared\hls\clib\hlsmath\src\c++\sincoshotbmfloat.cpp:45->chirp.cpp:86]   --->   Operation 247 'getelementptr' 'second_order_float_sin_cos_K2_addr' <Predicate = (!icmp_ln60 & and_ln75_1)> <Delay = 0.00>
ST_61 : Operation 248 [2/2] (2.32ns)   --->   "%second_order_float_sin_cos_K2_load = load i8 %second_order_float_sin_cos_K2_addr" [C:\scratch\2025.2\hls_product\666\2025.2\src\shared\hls\clib\hlsmath\src\common\hls_hotbm_float.cpp:30->C:\scratch\2025.2\hls_product\666\2025.2\src\shared\hls\clib/hlsmath/include/FloatingPoint\hls_hotbm.h:250->C:\scratch\2025.2\hls_product\666\2025.2\src\shared\hls\clib\hlsmath\src\common\hls_hotbm_float.cpp:127->C:\scratch\2025.2\hls_product\666\2025.2\src\shared\hls\clib\hlsmath\src\c++\sincoshotbmfloat.cpp:13->C:\scratch\2025.2\hls_product\666\2025.2\src\shared\hls\clib\hlsmath\src\c++\sincoshotbmfloat.cpp:45->chirp.cpp:86]   --->   Operation 248 'load' 'second_order_float_sin_cos_K2_load' <Predicate = (!icmp_ln60 & and_ln75_1)> <Delay = 2.32> <CoreInst = "ROM_1P_LUTRAM">   --->   Core 96 'ROM_1P_LUTRAM' <Latency = 1> <II = 1> <Delay = 2.32> <Storage> <Opcode : 'load'> <Ports = 1> <Width = 15> <Depth = 256> <ROM>

State 62 <SV = 61> <Delay = 5.59>
ST_62 : Operation 249 [1/1] (0.00ns)   --->   "%zext_ln23 = zext i15 %B_trunc" [C:\scratch\2025.2\hls_product\666\2025.2\src\shared\hls\clib\hlsmath\src\common\hls_hotbm_float.cpp:23->C:\scratch\2025.2\hls_product\666\2025.2\src\shared\hls\clib/hlsmath/include/FloatingPoint\hls_hotbm.h:250->C:\scratch\2025.2\hls_product\666\2025.2\src\shared\hls\clib\hlsmath\src\common\hls_hotbm_float.cpp:127->C:\scratch\2025.2\hls_product\666\2025.2\src\shared\hls\clib\hlsmath\src\c++\sincoshotbmfloat.cpp:13->C:\scratch\2025.2\hls_product\666\2025.2\src\shared\hls\clib\hlsmath\src\c++\sincoshotbmfloat.cpp:45->chirp.cpp:86]   --->   Operation 249 'zext' 'zext_ln23' <Predicate = (!icmp_ln60 & and_ln75_1)> <Delay = 0.00>
ST_62 : Operation 250 [1/1] (5.59ns)   --->   "%mul_ln23 = mul i30 %zext_ln23, i30 %zext_ln23" [C:\scratch\2025.2\hls_product\666\2025.2\src\shared\hls\clib\hlsmath\src\common\hls_hotbm_float.cpp:23->C:\scratch\2025.2\hls_product\666\2025.2\src\shared\hls\clib/hlsmath/include/FloatingPoint\hls_hotbm.h:250->C:\scratch\2025.2\hls_product\666\2025.2\src\shared\hls\clib\hlsmath\src\common\hls_hotbm_float.cpp:127->C:\scratch\2025.2\hls_product\666\2025.2\src\shared\hls\clib\hlsmath\src\c++\sincoshotbmfloat.cpp:13->C:\scratch\2025.2\hls_product\666\2025.2\src\shared\hls\clib\hlsmath\src\c++\sincoshotbmfloat.cpp:45->chirp.cpp:86]   --->   Operation 250 'mul' 'mul_ln23' <Predicate = (!icmp_ln60 & and_ln75_1)> <Delay = 5.59> <CoreInst = "Multiplier">   --->   Core 3 'Multiplier' <Latency = 0> <II = 1> <Delay = 5.59> <FuncUnit> <Opcode : 'mul'> <InPorts = 2> <OutPorts = 1>
ST_62 : Operation 251 [1/1] (0.00ns)   --->   "%B_squared = partselect i15 @_ssdm_op_PartSelect.i15.i30.i32.i32, i30 %mul_ln23, i32 15, i32 29" [C:\scratch\2025.2\hls_product\666\2025.2\src\shared\hls\clib\hlsmath\src\common\hls_hotbm_float.cpp:23->C:\scratch\2025.2\hls_product\666\2025.2\src\shared\hls\clib/hlsmath/include/FloatingPoint\hls_hotbm.h:250->C:\scratch\2025.2\hls_product\666\2025.2\src\shared\hls\clib\hlsmath\src\common\hls_hotbm_float.cpp:127->C:\scratch\2025.2\hls_product\666\2025.2\src\shared\hls\clib\hlsmath\src\c++\sincoshotbmfloat.cpp:13->C:\scratch\2025.2\hls_product\666\2025.2\src\shared\hls\clib\hlsmath\src\c++\sincoshotbmfloat.cpp:45->chirp.cpp:86]   --->   Operation 251 'partselect' 'B_squared' <Predicate = (!icmp_ln60 & and_ln75_1)> <Delay = 0.00>
ST_62 : Operation 252 [1/2] ( I:2.32ns O:2.32ns )   --->   "%second_order_float_sin_cos_K0_load = load i8 %second_order_float_sin_cos_K0_addr" [C:\scratch\2025.2\hls_product\666\2025.2\src\shared\hls\clib\hlsmath\src\common\hls_hotbm_float.cpp:28->C:\scratch\2025.2\hls_product\666\2025.2\src\shared\hls\clib/hlsmath/include/FloatingPoint\hls_hotbm.h:250->C:\scratch\2025.2\hls_product\666\2025.2\src\shared\hls\clib\hlsmath\src\common\hls_hotbm_float.cpp:127->C:\scratch\2025.2\hls_product\666\2025.2\src\shared\hls\clib\hlsmath\src\c++\sincoshotbmfloat.cpp:13->C:\scratch\2025.2\hls_product\666\2025.2\src\shared\hls\clib\hlsmath\src\c++\sincoshotbmfloat.cpp:45->chirp.cpp:86]   --->   Operation 252 'load' 'second_order_float_sin_cos_K0_load' <Predicate = (!icmp_ln60 & and_ln75_1)> <Delay = 2.32> <CoreInst = "ROM_1P_LUTRAM">   --->   Core 96 'ROM_1P_LUTRAM' <Latency = 1> <II = 1> <Delay = 2.32> <Storage> <Opcode : 'load'> <Ports = 1> <Width = 30> <Depth = 256> <ROM>
ST_62 : Operation 253 [1/1] (0.00ns)   --->   "%t1 = partselect i29 @_ssdm_op_PartSelect.i29.i30.i32.i32, i30 %second_order_float_sin_cos_K0_load, i32 1, i32 29" [C:\scratch\2025.2\hls_product\666\2025.2\src\shared\hls\clib\hlsmath\src\common\hls_hotbm_float.cpp:28->C:\scratch\2025.2\hls_product\666\2025.2\src\shared\hls\clib/hlsmath/include/FloatingPoint\hls_hotbm.h:250->C:\scratch\2025.2\hls_product\666\2025.2\src\shared\hls\clib\hlsmath\src\common\hls_hotbm_float.cpp:127->C:\scratch\2025.2\hls_product\666\2025.2\src\shared\hls\clib\hlsmath\src\c++\sincoshotbmfloat.cpp:13->C:\scratch\2025.2\hls_product\666\2025.2\src\shared\hls\clib\hlsmath\src\c++\sincoshotbmfloat.cpp:45->chirp.cpp:86]   --->   Operation 253 'partselect' 't1' <Predicate = (!icmp_ln60 & and_ln75_1)> <Delay = 0.00>
ST_62 : Operation 254 [1/2] ( I:2.32ns O:2.32ns )   --->   "%second_order_float_sin_cos_K1_load = load i8 %second_order_float_sin_cos_K1_addr" [C:\scratch\2025.2\hls_product\666\2025.2\src\shared\hls\clib\hlsmath\src\common\hls_hotbm_float.cpp:29->C:\scratch\2025.2\hls_product\666\2025.2\src\shared\hls\clib/hlsmath/include/FloatingPoint\hls_hotbm.h:250->C:\scratch\2025.2\hls_product\666\2025.2\src\shared\hls\clib\hlsmath\src\common\hls_hotbm_float.cpp:127->C:\scratch\2025.2\hls_product\666\2025.2\src\shared\hls\clib\hlsmath\src\c++\sincoshotbmfloat.cpp:13->C:\scratch\2025.2\hls_product\666\2025.2\src\shared\hls\clib\hlsmath\src\c++\sincoshotbmfloat.cpp:45->chirp.cpp:86]   --->   Operation 254 'load' 'second_order_float_sin_cos_K1_load' <Predicate = (!icmp_ln60 & and_ln75_1)> <Delay = 2.32> <CoreInst = "ROM_1P_LUTRAM">   --->   Core 96 'ROM_1P_LUTRAM' <Latency = 1> <II = 1> <Delay = 2.32> <Storage> <Opcode : 'load'> <Ports = 1> <Width = 23> <Depth = 256> <ROM>
ST_62 : Operation 255 [1/2] ( I:2.32ns O:2.32ns )   --->   "%second_order_float_sin_cos_K2_load = load i8 %second_order_float_sin_cos_K2_addr" [C:\scratch\2025.2\hls_product\666\2025.2\src\shared\hls\clib\hlsmath\src\common\hls_hotbm_float.cpp:30->C:\scratch\2025.2\hls_product\666\2025.2\src\shared\hls\clib/hlsmath/include/FloatingPoint\hls_hotbm.h:250->C:\scratch\2025.2\hls_product\666\2025.2\src\shared\hls\clib\hlsmath\src\common\hls_hotbm_float.cpp:127->C:\scratch\2025.2\hls_product\666\2025.2\src\shared\hls\clib\hlsmath\src\c++\sincoshotbmfloat.cpp:13->C:\scratch\2025.2\hls_product\666\2025.2\src\shared\hls\clib\hlsmath\src\c++\sincoshotbmfloat.cpp:45->chirp.cpp:86]   --->   Operation 255 'load' 'second_order_float_sin_cos_K2_load' <Predicate = (!icmp_ln60 & and_ln75_1)> <Delay = 2.32> <CoreInst = "ROM_1P_LUTRAM">   --->   Core 96 'ROM_1P_LUTRAM' <Latency = 1> <II = 1> <Delay = 2.32> <Storage> <Opcode : 'load'> <Ports = 1> <Width = 15> <Depth = 256> <ROM>

State 63 <SV = 62> <Delay = 6.43>
ST_63 : Operation 256 [1/1] (0.00ns)   --->   "%zext_ln23_1 = zext i15 %B_squared" [C:\scratch\2025.2\hls_product\666\2025.2\src\shared\hls\clib\hlsmath\src\common\hls_hotbm_float.cpp:23->C:\scratch\2025.2\hls_product\666\2025.2\src\shared\hls\clib/hlsmath/include/FloatingPoint\hls_hotbm.h:250->C:\scratch\2025.2\hls_product\666\2025.2\src\shared\hls\clib\hlsmath\src\common\hls_hotbm_float.cpp:127->C:\scratch\2025.2\hls_product\666\2025.2\src\shared\hls\clib\hlsmath\src\c++\sincoshotbmfloat.cpp:13->C:\scratch\2025.2\hls_product\666\2025.2\src\shared\hls\clib\hlsmath\src\c++\sincoshotbmfloat.cpp:45->chirp.cpp:86]   --->   Operation 256 'zext' 'zext_ln23_1' <Predicate = (!icmp_ln60 & and_ln75_1)> <Delay = 0.00>
ST_63 : Operation 257 [1/1] (0.00ns)   --->   "%zext_ln29 = zext i22 %B" [C:\scratch\2025.2\hls_product\666\2025.2\src\shared\hls\clib\hlsmath\src\common\hls_hotbm_float.cpp:29->C:\scratch\2025.2\hls_product\666\2025.2\src\shared\hls\clib/hlsmath/include/FloatingPoint\hls_hotbm.h:250->C:\scratch\2025.2\hls_product\666\2025.2\src\shared\hls\clib\hlsmath\src\common\hls_hotbm_float.cpp:127->C:\scratch\2025.2\hls_product\666\2025.2\src\shared\hls\clib\hlsmath\src\c++\sincoshotbmfloat.cpp:13->C:\scratch\2025.2\hls_product\666\2025.2\src\shared\hls\clib\hlsmath\src\c++\sincoshotbmfloat.cpp:45->chirp.cpp:86]   --->   Operation 257 'zext' 'zext_ln29' <Predicate = (!icmp_ln60 & and_ln75_1)> <Delay = 0.00>
ST_63 : Operation 258 [1/1] (0.00ns)   --->   "%sext_ln29 = sext i23 %second_order_float_sin_cos_K1_load" [C:\scratch\2025.2\hls_product\666\2025.2\src\shared\hls\clib\hlsmath\src\common\hls_hotbm_float.cpp:29->C:\scratch\2025.2\hls_product\666\2025.2\src\shared\hls\clib/hlsmath/include/FloatingPoint\hls_hotbm.h:250->C:\scratch\2025.2\hls_product\666\2025.2\src\shared\hls\clib\hlsmath\src\common\hls_hotbm_float.cpp:127->C:\scratch\2025.2\hls_product\666\2025.2\src\shared\hls\clib\hlsmath\src\c++\sincoshotbmfloat.cpp:13->C:\scratch\2025.2\hls_product\666\2025.2\src\shared\hls\clib\hlsmath\src\c++\sincoshotbmfloat.cpp:45->chirp.cpp:86]   --->   Operation 258 'sext' 'sext_ln29' <Predicate = (!icmp_ln60 & and_ln75_1)> <Delay = 0.00>
ST_63 : Operation 259 [1/1] (6.43ns)   --->   "%mul_ln29 = mul i45 %sext_ln29, i45 %zext_ln29" [C:\scratch\2025.2\hls_product\666\2025.2\src\shared\hls\clib\hlsmath\src\common\hls_hotbm_float.cpp:29->C:\scratch\2025.2\hls_product\666\2025.2\src\shared\hls\clib/hlsmath/include/FloatingPoint\hls_hotbm.h:250->C:\scratch\2025.2\hls_product\666\2025.2\src\shared\hls\clib\hlsmath\src\common\hls_hotbm_float.cpp:127->C:\scratch\2025.2\hls_product\666\2025.2\src\shared\hls\clib\hlsmath\src\c++\sincoshotbmfloat.cpp:13->C:\scratch\2025.2\hls_product\666\2025.2\src\shared\hls\clib\hlsmath\src\c++\sincoshotbmfloat.cpp:45->chirp.cpp:86]   --->   Operation 259 'mul' 'mul_ln29' <Predicate = (!icmp_ln60 & and_ln75_1)> <Delay = 6.43> <CoreInst = "Multiplier">   --->   Core 3 'Multiplier' <Latency = 0> <II = 1> <Delay = 6.43> <FuncUnit> <Opcode : 'mul'> <InPorts = 2> <OutPorts = 1>
ST_63 : Operation 260 [1/1] (0.00ns)   --->   "%trunc_ln2 = partselect i22 @_ssdm_op_PartSelect.i22.i45.i32.i32, i45 %mul_ln29, i32 23, i32 44" [C:\scratch\2025.2\hls_product\666\2025.2\src\shared\hls\clib\hlsmath\src\common\hls_hotbm_float.cpp:29->C:\scratch\2025.2\hls_product\666\2025.2\src\shared\hls\clib/hlsmath/include/FloatingPoint\hls_hotbm.h:250->C:\scratch\2025.2\hls_product\666\2025.2\src\shared\hls\clib\hlsmath\src\common\hls_hotbm_float.cpp:127->C:\scratch\2025.2\hls_product\666\2025.2\src\shared\hls\clib\hlsmath\src\c++\sincoshotbmfloat.cpp:13->C:\scratch\2025.2\hls_product\666\2025.2\src\shared\hls\clib\hlsmath\src\c++\sincoshotbmfloat.cpp:45->chirp.cpp:86]   --->   Operation 260 'partselect' 'trunc_ln2' <Predicate = (!icmp_ln60 & and_ln75_1)> <Delay = 0.00>
ST_63 : Operation 261 [1/1] (0.00ns)   --->   "%sext_ln30 = sext i15 %second_order_float_sin_cos_K2_load" [C:\scratch\2025.2\hls_product\666\2025.2\src\shared\hls\clib\hlsmath\src\common\hls_hotbm_float.cpp:30->C:\scratch\2025.2\hls_product\666\2025.2\src\shared\hls\clib/hlsmath/include/FloatingPoint\hls_hotbm.h:250->C:\scratch\2025.2\hls_product\666\2025.2\src\shared\hls\clib\hlsmath\src\common\hls_hotbm_float.cpp:127->C:\scratch\2025.2\hls_product\666\2025.2\src\shared\hls\clib\hlsmath\src\c++\sincoshotbmfloat.cpp:13->C:\scratch\2025.2\hls_product\666\2025.2\src\shared\hls\clib\hlsmath\src\c++\sincoshotbmfloat.cpp:45->chirp.cpp:86]   --->   Operation 261 'sext' 'sext_ln30' <Predicate = (!icmp_ln60 & and_ln75_1)> <Delay = 0.00>
ST_63 : Operation 262 [1/1] (5.59ns)   --->   "%mul_ln30 = mul i30 %zext_ln23_1, i30 %sext_ln30" [C:\scratch\2025.2\hls_product\666\2025.2\src\shared\hls\clib\hlsmath\src\common\hls_hotbm_float.cpp:30->C:\scratch\2025.2\hls_product\666\2025.2\src\shared\hls\clib/hlsmath/include/FloatingPoint\hls_hotbm.h:250->C:\scratch\2025.2\hls_product\666\2025.2\src\shared\hls\clib\hlsmath\src\common\hls_hotbm_float.cpp:127->C:\scratch\2025.2\hls_product\666\2025.2\src\shared\hls\clib\hlsmath\src\c++\sincoshotbmfloat.cpp:13->C:\scratch\2025.2\hls_product\666\2025.2\src\shared\hls\clib\hlsmath\src\c++\sincoshotbmfloat.cpp:45->chirp.cpp:86]   --->   Operation 262 'mul' 'mul_ln30' <Predicate = (!icmp_ln60 & and_ln75_1)> <Delay = 5.59> <CoreInst = "Multiplier">   --->   Core 3 'Multiplier' <Latency = 0> <II = 1> <Delay = 5.59> <FuncUnit> <Opcode : 'mul'> <InPorts = 2> <OutPorts = 1>
ST_63 : Operation 263 [1/1] (0.00ns)   --->   "%trunc_ln3 = partselect i14 @_ssdm_op_PartSelect.i14.i30.i32.i32, i30 %mul_ln30, i32 16, i32 29" [C:\scratch\2025.2\hls_product\666\2025.2\src\shared\hls\clib\hlsmath\src\common\hls_hotbm_float.cpp:30->C:\scratch\2025.2\hls_product\666\2025.2\src\shared\hls\clib/hlsmath/include/FloatingPoint\hls_hotbm.h:250->C:\scratch\2025.2\hls_product\666\2025.2\src\shared\hls\clib\hlsmath\src\common\hls_hotbm_float.cpp:127->C:\scratch\2025.2\hls_product\666\2025.2\src\shared\hls\clib\hlsmath\src\c++\sincoshotbmfloat.cpp:13->C:\scratch\2025.2\hls_product\666\2025.2\src\shared\hls\clib\hlsmath\src\c++\sincoshotbmfloat.cpp:45->chirp.cpp:86]   --->   Operation 263 'partselect' 'trunc_ln3' <Predicate = (!icmp_ln60 & and_ln75_1)> <Delay = 0.00>

State 64 <SV = 63> <Delay = 4.31>
ST_64 : Operation 264 [1/1] (0.00ns)   --->   "%sext_ln32 = sext i29 %t1" [C:\scratch\2025.2\hls_product\666\2025.2\src\shared\hls\clib\hlsmath\src\common\hls_hotbm_float.cpp:32->C:\scratch\2025.2\hls_product\666\2025.2\src\shared\hls\clib/hlsmath/include/FloatingPoint\hls_hotbm.h:250->C:\scratch\2025.2\hls_product\666\2025.2\src\shared\hls\clib\hlsmath\src\common\hls_hotbm_float.cpp:127->C:\scratch\2025.2\hls_product\666\2025.2\src\shared\hls\clib\hlsmath\src\c++\sincoshotbmfloat.cpp:13->C:\scratch\2025.2\hls_product\666\2025.2\src\shared\hls\clib\hlsmath\src\c++\sincoshotbmfloat.cpp:45->chirp.cpp:86]   --->   Operation 264 'sext' 'sext_ln32' <Predicate = (!icmp_ln60 & and_ln75_1)> <Delay = 0.00>
ST_64 : Operation 265 [1/1] (0.00ns)   --->   "%sext_ln32_1 = sext i22 %trunc_ln2" [C:\scratch\2025.2\hls_product\666\2025.2\src\shared\hls\clib\hlsmath\src\common\hls_hotbm_float.cpp:32->C:\scratch\2025.2\hls_product\666\2025.2\src\shared\hls\clib/hlsmath/include/FloatingPoint\hls_hotbm.h:250->C:\scratch\2025.2\hls_product\666\2025.2\src\shared\hls\clib\hlsmath\src\common\hls_hotbm_float.cpp:127->C:\scratch\2025.2\hls_product\666\2025.2\src\shared\hls\clib\hlsmath\src\c++\sincoshotbmfloat.cpp:13->C:\scratch\2025.2\hls_product\666\2025.2\src\shared\hls\clib\hlsmath\src\c++\sincoshotbmfloat.cpp:45->chirp.cpp:86]   --->   Operation 265 'sext' 'sext_ln32_1' <Predicate = (!icmp_ln60 & and_ln75_1)> <Delay = 0.00>
ST_64 : Operation 266 [1/1] (0.00ns) (grouped into TernaryAdder)   --->   "%add_ln32 = add i30 %sext_ln32, i30 %sext_ln32_1" [C:\scratch\2025.2\hls_product\666\2025.2\src\shared\hls\clib\hlsmath\src\common\hls_hotbm_float.cpp:32->C:\scratch\2025.2\hls_product\666\2025.2\src\shared\hls\clib/hlsmath/include/FloatingPoint\hls_hotbm.h:250->C:\scratch\2025.2\hls_product\666\2025.2\src\shared\hls\clib\hlsmath\src\common\hls_hotbm_float.cpp:127->C:\scratch\2025.2\hls_product\666\2025.2\src\shared\hls\clib\hlsmath\src\c++\sincoshotbmfloat.cpp:13->C:\scratch\2025.2\hls_product\666\2025.2\src\shared\hls\clib\hlsmath\src\c++\sincoshotbmfloat.cpp:45->chirp.cpp:86]   --->   Operation 266 'add' 'add_ln32' <Predicate = (!icmp_ln60 & and_ln75_1)> <Delay = 0.00> <CoreInst = "TAddSub">   --->   Core 10 'TAddSub' <Latency = 0> <II = 1> <Delay = 1.84> <IPBlock> <Opcode : 'add' 'sub'> <InPorts = 3> <OutPorts = 1> <Sync> <CReg>
ST_64 : Operation 267 [1/1] (0.00ns)   --->   "%sext_ln32_2 = sext i14 %trunc_ln3" [C:\scratch\2025.2\hls_product\666\2025.2\src\shared\hls\clib\hlsmath\src\common\hls_hotbm_float.cpp:32->C:\scratch\2025.2\hls_product\666\2025.2\src\shared\hls\clib/hlsmath/include/FloatingPoint\hls_hotbm.h:250->C:\scratch\2025.2\hls_product\666\2025.2\src\shared\hls\clib\hlsmath\src\common\hls_hotbm_float.cpp:127->C:\scratch\2025.2\hls_product\666\2025.2\src\shared\hls\clib\hlsmath\src\c++\sincoshotbmfloat.cpp:13->C:\scratch\2025.2\hls_product\666\2025.2\src\shared\hls\clib\hlsmath\src\c++\sincoshotbmfloat.cpp:45->chirp.cpp:86]   --->   Operation 267 'sext' 'sext_ln32_2' <Predicate = (!icmp_ln60 & and_ln75_1)> <Delay = 0.00>
ST_64 : Operation 268 [1/1] (4.31ns) (root node of TernaryAdder)   --->   "%add_ln32_1 = add i30 %add_ln32, i30 %sext_ln32_2" [C:\scratch\2025.2\hls_product\666\2025.2\src\shared\hls\clib\hlsmath\src\common\hls_hotbm_float.cpp:32->C:\scratch\2025.2\hls_product\666\2025.2\src\shared\hls\clib/hlsmath/include/FloatingPoint\hls_hotbm.h:250->C:\scratch\2025.2\hls_product\666\2025.2\src\shared\hls\clib\hlsmath\src\common\hls_hotbm_float.cpp:127->C:\scratch\2025.2\hls_product\666\2025.2\src\shared\hls\clib\hlsmath\src\c++\sincoshotbmfloat.cpp:13->C:\scratch\2025.2\hls_product\666\2025.2\src\shared\hls\clib\hlsmath\src\c++\sincoshotbmfloat.cpp:45->chirp.cpp:86]   --->   Operation 268 'add' 'add_ln32_1' <Predicate = (!icmp_ln60 & and_ln75_1)> <Delay = 4.31> <CoreInst = "TAddSub">   --->   Core 10 'TAddSub' <Latency = 0> <II = 1> <Delay = 1.84> <IPBlock> <Opcode : 'add' 'sub'> <InPorts = 3> <OutPorts = 1> <Sync> <CReg>

State 65 <SV = 64> <Delay = 6.91>
ST_65 : Operation 269 [1/1] (0.00ns)   --->   "%sext_ln32_3 = sext i30 %add_ln32_1" [C:\scratch\2025.2\hls_product\666\2025.2\src\shared\hls\clib\hlsmath\src\common\hls_hotbm_float.cpp:32->C:\scratch\2025.2\hls_product\666\2025.2\src\shared\hls\clib/hlsmath/include/FloatingPoint\hls_hotbm.h:250->C:\scratch\2025.2\hls_product\666\2025.2\src\shared\hls\clib\hlsmath\src\common\hls_hotbm_float.cpp:127->C:\scratch\2025.2\hls_product\666\2025.2\src\shared\hls\clib\hlsmath\src\c++\sincoshotbmfloat.cpp:13->C:\scratch\2025.2\hls_product\666\2025.2\src\shared\hls\clib\hlsmath\src\c++\sincoshotbmfloat.cpp:45->chirp.cpp:86]   --->   Operation 269 'sext' 'sext_ln32_3' <Predicate = (!icmp_ln60 & and_ln75_1)> <Delay = 0.00>
ST_65 : Operation 270 [1/1] (0.00ns)   --->   "%zext_ln32 = zext i29 %Mx_1" [C:\scratch\2025.2\hls_product\666\2025.2\src\shared\hls\clib\hlsmath\src\common\hls_hotbm_float.cpp:32->C:\scratch\2025.2\hls_product\666\2025.2\src\shared\hls\clib/hlsmath/include/FloatingPoint\hls_hotbm.h:250->C:\scratch\2025.2\hls_product\666\2025.2\src\shared\hls\clib\hlsmath\src\common\hls_hotbm_float.cpp:127->C:\scratch\2025.2\hls_product\666\2025.2\src\shared\hls\clib\hlsmath\src\c++\sincoshotbmfloat.cpp:13->C:\scratch\2025.2\hls_product\666\2025.2\src\shared\hls\clib\hlsmath\src\c++\sincoshotbmfloat.cpp:45->chirp.cpp:86]   --->   Operation 270 'zext' 'zext_ln32' <Predicate = (!icmp_ln60 & and_ln75_1)> <Delay = 0.00>
ST_65 : Operation 271 [2/2] (6.91ns)   --->   "%mul_ln32 = mul i58 %sext_ln32_3, i58 %zext_ln32" [C:\scratch\2025.2\hls_product\666\2025.2\src\shared\hls\clib\hlsmath\src\common\hls_hotbm_float.cpp:32->C:\scratch\2025.2\hls_product\666\2025.2\src\shared\hls\clib/hlsmath/include/FloatingPoint\hls_hotbm.h:250->C:\scratch\2025.2\hls_product\666\2025.2\src\shared\hls\clib\hlsmath\src\common\hls_hotbm_float.cpp:127->C:\scratch\2025.2\hls_product\666\2025.2\src\shared\hls\clib\hlsmath\src\c++\sincoshotbmfloat.cpp:13->C:\scratch\2025.2\hls_product\666\2025.2\src\shared\hls\clib\hlsmath\src\c++\sincoshotbmfloat.cpp:45->chirp.cpp:86]   --->   Operation 271 'mul' 'mul_ln32' <Predicate = (!icmp_ln60 & and_ln75_1)> <Delay = 6.91> <CoreInst = "Multiplier">   --->   Core 3 'Multiplier' <Latency = 1> <II = 1> <Delay = 6.91> <FuncUnit> <Opcode : 'mul'> <InPorts = 2> <OutPorts = 1>

State 66 <SV = 65> <Delay = 6.91>
ST_66 : Operation 272 [1/2] (6.91ns)   --->   "%mul_ln32 = mul i58 %sext_ln32_3, i58 %zext_ln32" [C:\scratch\2025.2\hls_product\666\2025.2\src\shared\hls\clib\hlsmath\src\common\hls_hotbm_float.cpp:32->C:\scratch\2025.2\hls_product\666\2025.2\src\shared\hls\clib/hlsmath/include/FloatingPoint\hls_hotbm.h:250->C:\scratch\2025.2\hls_product\666\2025.2\src\shared\hls\clib\hlsmath\src\common\hls_hotbm_float.cpp:127->C:\scratch\2025.2\hls_product\666\2025.2\src\shared\hls\clib\hlsmath\src\c++\sincoshotbmfloat.cpp:13->C:\scratch\2025.2\hls_product\666\2025.2\src\shared\hls\clib\hlsmath\src\c++\sincoshotbmfloat.cpp:45->chirp.cpp:86]   --->   Operation 272 'mul' 'mul_ln32' <Predicate = (!icmp_ln60 & and_ln75_1)> <Delay = 6.91> <CoreInst = "Multiplier">   --->   Core 3 'Multiplier' <Latency = 1> <II = 1> <Delay = 6.91> <FuncUnit> <Opcode : 'mul'> <InPorts = 2> <OutPorts = 1>
ST_66 : Operation 273 [1/1] (0.00ns)   --->   "%result = partselect i29 @_ssdm_op_PartSelect.i29.i58.i32.i32, i58 %mul_ln32, i32 29, i32 57" [C:\scratch\2025.2\hls_product\666\2025.2\src\shared\hls\clib\hlsmath\src\common\hls_hotbm_float.cpp:32->C:\scratch\2025.2\hls_product\666\2025.2\src\shared\hls\clib/hlsmath/include/FloatingPoint\hls_hotbm.h:250->C:\scratch\2025.2\hls_product\666\2025.2\src\shared\hls\clib\hlsmath\src\common\hls_hotbm_float.cpp:127->C:\scratch\2025.2\hls_product\666\2025.2\src\shared\hls\clib\hlsmath\src\c++\sincoshotbmfloat.cpp:13->C:\scratch\2025.2\hls_product\666\2025.2\src\shared\hls\clib\hlsmath\src\c++\sincoshotbmfloat.cpp:45->chirp.cpp:86]   --->   Operation 273 'partselect' 'result' <Predicate = (!icmp_ln60 & and_ln75_1)> <Delay = 0.00>
ST_66 : Operation 274 [1/1] (0.00ns)   --->   "%tmp_1_i = partselect i16 @_ssdm_op_PartSelect.i16.i58.i32.i32, i58 %mul_ln32, i32 42, i32 57" [C:\scratch\2025.2\hls_product\666\2025.2\src\shared\hls\clib/src/hls\utils/x_hls_float_utils.h:271->C:\scratch\2025.2\hls_product\666\2025.2\src\shared\hls\clib/hlsmath/include/FloatingPoint\hls_hotbm.h:252->C:\scratch\2025.2\hls_product\666\2025.2\src\shared\hls\clib\hlsmath\src\common\hls_hotbm_float.cpp:127->C:\scratch\2025.2\hls_product\666\2025.2\src\shared\hls\clib\hlsmath\src\c++\sincoshotbmfloat.cpp:13->C:\scratch\2025.2\hls_product\666\2025.2\src\shared\hls\clib\hlsmath\src\c++\sincoshotbmfloat.cpp:45->chirp.cpp:86]   --->   Operation 274 'partselect' 'tmp_1_i' <Predicate = (!icmp_ln60 & and_ln75_1)> <Delay = 0.00>
ST_66 : Operation 275 [1/1] (0.00ns)   --->   "%tmp_3_i = partselect i13 @_ssdm_op_PartSelect.i13.i58.i32.i32, i58 %mul_ln32, i32 29, i32 41" [C:\scratch\2025.2\hls_product\666\2025.2\src\shared\hls\clib/src/hls\utils/x_hls_float_utils.h:276->C:\scratch\2025.2\hls_product\666\2025.2\src\shared\hls\clib/hlsmath/include/FloatingPoint\hls_hotbm.h:252->C:\scratch\2025.2\hls_product\666\2025.2\src\shared\hls\clib\hlsmath\src\common\hls_hotbm_float.cpp:127->C:\scratch\2025.2\hls_product\666\2025.2\src\shared\hls\clib\hlsmath\src\c++\sincoshotbmfloat.cpp:13->C:\scratch\2025.2\hls_product\666\2025.2\src\shared\hls\clib\hlsmath\src\c++\sincoshotbmfloat.cpp:45->chirp.cpp:86]   --->   Operation 275 'partselect' 'tmp_3_i' <Predicate = (!icmp_ln60 & and_ln75_1)> <Delay = 0.00>
ST_66 : Operation 276 [1/1] (0.00ns)   --->   "%trunc_ln5 = partselect i28 @_ssdm_op_PartSelect.i28.i58.i32.i32, i58 %mul_ln32, i32 29, i32 56" [C:\scratch\2025.2\hls_product\666\2025.2\src\shared\hls\clib/src/hls\utils/x_hls_float_utils.h:291->C:\scratch\2025.2\hls_product\666\2025.2\src\shared\hls\clib/hlsmath/include/FloatingPoint\hls_hotbm.h:252->C:\scratch\2025.2\hls_product\666\2025.2\src\shared\hls\clib\hlsmath\src\common\hls_hotbm_float.cpp:127->C:\scratch\2025.2\hls_product\666\2025.2\src\shared\hls\clib\hlsmath\src\c++\sincoshotbmfloat.cpp:13->C:\scratch\2025.2\hls_product\666\2025.2\src\shared\hls\clib\hlsmath\src\c++\sincoshotbmfloat.cpp:45->chirp.cpp:86]   --->   Operation 276 'partselect' 'trunc_ln5' <Predicate = (!icmp_ln60 & and_ln75_1 & !and_ln271)> <Delay = 0.00>

State 67 <SV = 66> <Delay = 6.44>
ST_67 : Operation 277 [1/1] (0.00ns)   --->   "%out_bits = bitconcatenate i32 @_ssdm_op_BitConcatenate.i32.i16.i16, i16 %tmp_1_i, i16 32768" [C:\scratch\2025.2\hls_product\666\2025.2\src\shared\hls\clib/src/hls\utils/x_hls_float_utils.h:273->C:\scratch\2025.2\hls_product\666\2025.2\src\shared\hls\clib/hlsmath/include/FloatingPoint\hls_hotbm.h:252->C:\scratch\2025.2\hls_product\666\2025.2\src\shared\hls\clib\hlsmath\src\common\hls_hotbm_float.cpp:127->C:\scratch\2025.2\hls_product\666\2025.2\src\shared\hls\clib\hlsmath\src\c++\sincoshotbmfloat.cpp:13->C:\scratch\2025.2\hls_product\666\2025.2\src\shared\hls\clib\hlsmath\src\c++\sincoshotbmfloat.cpp:45->chirp.cpp:86]   --->   Operation 277 'bitconcatenate' 'out_bits' <Predicate = (!icmp_ln60 & and_ln75_1)> <Delay = 0.00>
ST_67 : Operation 278 [1/1] (0.00ns)   --->   "%out_bits_2 = bitconcatenate i32 @_ssdm_op_BitConcatenate.i32.i13.i19, i13 %tmp_3_i, i19 262144" [C:\scratch\2025.2\hls_product\666\2025.2\src\shared\hls\clib/src/hls\utils/x_hls_float_utils.h:278->C:\scratch\2025.2\hls_product\666\2025.2\src\shared\hls\clib/hlsmath/include/FloatingPoint\hls_hotbm.h:252->C:\scratch\2025.2\hls_product\666\2025.2\src\shared\hls\clib\hlsmath\src\common\hls_hotbm_float.cpp:127->C:\scratch\2025.2\hls_product\666\2025.2\src\shared\hls\clib\hlsmath\src\c++\sincoshotbmfloat.cpp:13->C:\scratch\2025.2\hls_product\666\2025.2\src\shared\hls\clib\hlsmath\src\c++\sincoshotbmfloat.cpp:45->chirp.cpp:86]   --->   Operation 278 'bitconcatenate' 'out_bits_2' <Predicate = (!icmp_ln60 & and_ln75_1)> <Delay = 0.00>
ST_67 : Operation 279 [1/1] (2.12ns)   --->   "%c = ctlz i32 @llvm.ctlz.i32, i32 %out_bits, i1 0" [C:\scratch\2025.2\hls_product\666\2025.2\src\shared\hls\clib/hlsmath/include/FloatingPoint/hls_normalize.h:81->C:\scratch\2025.2\hls_product\666\2025.2\src\shared\hls\clib/src/hls\utils/x_hls_float_utils.h:283->C:\scratch\2025.2\hls_product\666\2025.2\src\shared\hls\clib/hlsmath/include/FloatingPoint\hls_hotbm.h:252->C:\scratch\2025.2\hls_product\666\2025.2\src\shared\hls\clib\hlsmath\src\common\hls_hotbm_float.cpp:127->C:\scratch\2025.2\hls_product\666\2025.2\src\shared\hls\clib\hlsmath\src\c++\sincoshotbmfloat.cpp:13->C:\scratch\2025.2\hls_product\666\2025.2\src\shared\hls\clib\hlsmath\src\c++\sincoshotbmfloat.cpp:45->chirp.cpp:86]   --->   Operation 279 'ctlz' 'c' <Predicate = (!icmp_ln60 & and_ln75_1)> <Delay = 2.12> <CoreInst = "ctlz">   --->   Core 133 'ctlz' <Latency = 0> <II = 1> <Delay = 2.12> <FuncUnit> <Opcode : 'ctlz'> <InPorts = 1> <OutPorts = 1>
ST_67 : Operation 280 [1/1] (0.00ns)   --->   "%trunc_ln281 = trunc i32 %c" [C:\scratch\2025.2\hls_product\666\2025.2\src\shared\hls\clib/src/hls\utils/x_hls_float_utils.h:281->C:\scratch\2025.2\hls_product\666\2025.2\src\shared\hls\clib/hlsmath/include/FloatingPoint\hls_hotbm.h:252->C:\scratch\2025.2\hls_product\666\2025.2\src\shared\hls\clib\hlsmath\src\common\hls_hotbm_float.cpp:127->C:\scratch\2025.2\hls_product\666\2025.2\src\shared\hls\clib\hlsmath\src\c++\sincoshotbmfloat.cpp:13->C:\scratch\2025.2\hls_product\666\2025.2\src\shared\hls\clib\hlsmath\src\c++\sincoshotbmfloat.cpp:45->chirp.cpp:86]   --->   Operation 280 'trunc' 'trunc_ln281' <Predicate = (!icmp_ln60 & and_ln75_1)> <Delay = 0.00>
ST_67 : Operation 281 [1/1] (0.00ns)   --->   "%zext_ln281 = zext i5 %trunc_ln281" [C:\scratch\2025.2\hls_product\666\2025.2\src\shared\hls\clib/src/hls\utils/x_hls_float_utils.h:281->C:\scratch\2025.2\hls_product\666\2025.2\src\shared\hls\clib/hlsmath/include/FloatingPoint\hls_hotbm.h:252->C:\scratch\2025.2\hls_product\666\2025.2\src\shared\hls\clib\hlsmath\src\common\hls_hotbm_float.cpp:127->C:\scratch\2025.2\hls_product\666\2025.2\src\shared\hls\clib\hlsmath\src\c++\sincoshotbmfloat.cpp:13->C:\scratch\2025.2\hls_product\666\2025.2\src\shared\hls\clib\hlsmath\src\c++\sincoshotbmfloat.cpp:45->chirp.cpp:86]   --->   Operation 281 'zext' 'zext_ln281' <Predicate = (!icmp_ln60 & and_ln75_1 & !and_ln271)> <Delay = 0.00>
ST_67 : Operation 282 [1/1] (2.12ns)   --->   "%c_1 = ctlz i32 @llvm.ctlz.i32, i32 %out_bits_2, i1 0" [C:\scratch\2025.2\hls_product\666\2025.2\src\shared\hls\clib/hlsmath/include/FloatingPoint/hls_normalize.h:81->C:\scratch\2025.2\hls_product\666\2025.2\src\shared\hls\clib/src/hls\utils/x_hls_float_utils.h:283->C:\scratch\2025.2\hls_product\666\2025.2\src\shared\hls\clib/hlsmath/include/FloatingPoint\hls_hotbm.h:252->C:\scratch\2025.2\hls_product\666\2025.2\src\shared\hls\clib\hlsmath\src\common\hls_hotbm_float.cpp:127->C:\scratch\2025.2\hls_product\666\2025.2\src\shared\hls\clib\hlsmath\src\c++\sincoshotbmfloat.cpp:13->C:\scratch\2025.2\hls_product\666\2025.2\src\shared\hls\clib\hlsmath\src\c++\sincoshotbmfloat.cpp:45->chirp.cpp:86]   --->   Operation 282 'ctlz' 'c_1' <Predicate = (!icmp_ln60 & and_ln75_1)> <Delay = 2.12> <CoreInst = "ctlz">   --->   Core 133 'ctlz' <Latency = 0> <II = 1> <Delay = 2.12> <FuncUnit> <Opcode : 'ctlz'> <InPorts = 1> <OutPorts = 1>
ST_67 : Operation 283 [1/1] (0.00ns)   --->   "%trunc_ln281_1 = trunc i32 %c_1" [C:\scratch\2025.2\hls_product\666\2025.2\src\shared\hls\clib/src/hls\utils/x_hls_float_utils.h:281->C:\scratch\2025.2\hls_product\666\2025.2\src\shared\hls\clib/hlsmath/include/FloatingPoint\hls_hotbm.h:252->C:\scratch\2025.2\hls_product\666\2025.2\src\shared\hls\clib\hlsmath\src\common\hls_hotbm_float.cpp:127->C:\scratch\2025.2\hls_product\666\2025.2\src\shared\hls\clib\hlsmath\src\c++\sincoshotbmfloat.cpp:13->C:\scratch\2025.2\hls_product\666\2025.2\src\shared\hls\clib\hlsmath\src\c++\sincoshotbmfloat.cpp:45->chirp.cpp:86]   --->   Operation 283 'trunc' 'trunc_ln281_1' <Predicate = (!icmp_ln60 & and_ln75_1)> <Delay = 0.00>
ST_67 : Operation 284 [1/1] (4.31ns)   --->   "%in_shift_1 = shl i28 %trunc_ln5, i28 %zext_ln281" [C:\scratch\2025.2\hls_product\666\2025.2\src\shared\hls\clib/src/hls\utils/x_hls_float_utils.h:291->C:\scratch\2025.2\hls_product\666\2025.2\src\shared\hls\clib/hlsmath/include/FloatingPoint\hls_hotbm.h:252->C:\scratch\2025.2\hls_product\666\2025.2\src\shared\hls\clib\hlsmath\src\common\hls_hotbm_float.cpp:127->C:\scratch\2025.2\hls_product\666\2025.2\src\shared\hls\clib\hlsmath\src\c++\sincoshotbmfloat.cpp:13->C:\scratch\2025.2\hls_product\666\2025.2\src\shared\hls\clib\hlsmath\src\c++\sincoshotbmfloat.cpp:45->chirp.cpp:86]   --->   Operation 284 'shl' 'in_shift_1' <Predicate = (!icmp_ln60 & and_ln75_1 & !and_ln271)> <Delay = 4.31> <CoreInst = "Shifter">   --->   Core 75 'Shifter' <Latency = 0> <II = 1> <Delay = 4.31> <FuncUnit> <Opcode : 'shl' 'lshr' 'ashr'> <InPorts = 2> <OutPorts = 1>
ST_67 : Operation 285 [1/1] (1.78ns)   --->   "%icmp_ln292 = icmp_eq  i5 %trunc_ln281, i5 16" [C:\scratch\2025.2\hls_product\666\2025.2\src\shared\hls\clib/src/hls\utils/x_hls_float_utils.h:292->C:\scratch\2025.2\hls_product\666\2025.2\src\shared\hls\clib/hlsmath/include/FloatingPoint\hls_hotbm.h:252->C:\scratch\2025.2\hls_product\666\2025.2\src\shared\hls\clib\hlsmath\src\common\hls_hotbm_float.cpp:127->C:\scratch\2025.2\hls_product\666\2025.2\src\shared\hls\clib\hlsmath\src\c++\sincoshotbmfloat.cpp:13->C:\scratch\2025.2\hls_product\666\2025.2\src\shared\hls\clib\hlsmath\src\c++\sincoshotbmfloat.cpp:45->chirp.cpp:86]   --->   Operation 285 'icmp' 'icmp_ln292' <Predicate = (!icmp_ln60 & and_ln75_1)> <Delay = 1.78> <CoreInst = "Cmp">   --->   Core 9 'Cmp' <Latency = 0> <II = 1> <Delay = 1.78> <FuncUnit> <Opcode : 'seteq' 'setne' 'setle' 'setge' 'setlt' 'setgt'> <InPorts = 2> <OutPorts = 1>
ST_67 : Operation 286 [1/1] (2.46ns)   --->   "%icmp_ln306 = icmp_eq  i29 %result, i29 0" [C:\scratch\2025.2\hls_product\666\2025.2\src\shared\hls\clib/src/hls\utils/x_hls_float_utils.h:306->C:\scratch\2025.2\hls_product\666\2025.2\src\shared\hls\clib/hlsmath/include/FloatingPoint\hls_hotbm.h:252->C:\scratch\2025.2\hls_product\666\2025.2\src\shared\hls\clib\hlsmath\src\common\hls_hotbm_float.cpp:127->C:\scratch\2025.2\hls_product\666\2025.2\src\shared\hls\clib\hlsmath\src\c++\sincoshotbmfloat.cpp:13->C:\scratch\2025.2\hls_product\666\2025.2\src\shared\hls\clib\hlsmath\src\c++\sincoshotbmfloat.cpp:45->chirp.cpp:86]   --->   Operation 286 'icmp' 'icmp_ln306' <Predicate = (!icmp_ln60 & and_ln75_1)> <Delay = 2.46> <CoreInst = "Cmp">   --->   Core 9 'Cmp' <Latency = 0> <II = 1> <Delay = 2.46> <FuncUnit> <Opcode : 'seteq' 'setne' 'setle' 'setge' 'setlt' 'setgt'> <InPorts = 2> <OutPorts = 1>

State 68 <SV = 67> <Delay = 7.13>
ST_68 : Operation 287 [1/1] (0.00ns)   --->   "%sext_ln252 = sext i8 %Ex_2" [C:\scratch\2025.2\hls_product\666\2025.2\src\shared\hls\clib/hlsmath/include/FloatingPoint\hls_hotbm.h:252->C:\scratch\2025.2\hls_product\666\2025.2\src\shared\hls\clib\hlsmath\src\common\hls_hotbm_float.cpp:127->C:\scratch\2025.2\hls_product\666\2025.2\src\shared\hls\clib\hlsmath\src\c++\sincoshotbmfloat.cpp:13->C:\scratch\2025.2\hls_product\666\2025.2\src\shared\hls\clib\hlsmath\src\c++\sincoshotbmfloat.cpp:45->chirp.cpp:86]   --->   Operation 287 'sext' 'sext_ln252' <Predicate = (!icmp_ln60 & and_ln75_1)> <Delay = 0.00>
ST_68 : Operation 288 [1/1] (0.00ns)   --->   "%zext_ln281_1 = zext i4 %trunc_ln281_1" [C:\scratch\2025.2\hls_product\666\2025.2\src\shared\hls\clib/src/hls\utils/x_hls_float_utils.h:281->C:\scratch\2025.2\hls_product\666\2025.2\src\shared\hls\clib/hlsmath/include/FloatingPoint\hls_hotbm.h:252->C:\scratch\2025.2\hls_product\666\2025.2\src\shared\hls\clib\hlsmath\src\common\hls_hotbm_float.cpp:127->C:\scratch\2025.2\hls_product\666\2025.2\src\shared\hls\clib\hlsmath\src\c++\sincoshotbmfloat.cpp:13->C:\scratch\2025.2\hls_product\666\2025.2\src\shared\hls\clib\hlsmath\src\c++\sincoshotbmfloat.cpp:45->chirp.cpp:86]   --->   Operation 288 'zext' 'zext_ln281_1' <Predicate = (!icmp_ln60 & and_ln75_1 & !and_ln271 & icmp_ln292)> <Delay = 0.00>
ST_68 : Operation 289 [1/1] (0.00ns)   --->   "%shift_1 = bitconcatenate i5 @_ssdm_op_BitConcatenate.i5.i1.i4, i1 1, i4 %trunc_ln281_1" [C:\scratch\2025.2\hls_product\666\2025.2\src\shared\hls\clib/src/hls\utils/x_hls_float_utils.h:290->C:\scratch\2025.2\hls_product\666\2025.2\src\shared\hls\clib/hlsmath/include/FloatingPoint\hls_hotbm.h:252->C:\scratch\2025.2\hls_product\666\2025.2\src\shared\hls\clib\hlsmath\src\common\hls_hotbm_float.cpp:127->C:\scratch\2025.2\hls_product\666\2025.2\src\shared\hls\clib\hlsmath\src\c++\sincoshotbmfloat.cpp:13->C:\scratch\2025.2\hls_product\666\2025.2\src\shared\hls\clib\hlsmath\src\c++\sincoshotbmfloat.cpp:45->chirp.cpp:86]   --->   Operation 289 'bitconcatenate' 'shift_1' <Predicate = (!icmp_ln60 & and_ln75_1 & icmp_ln292)> <Delay = 0.00>
ST_68 : Operation 290 [1/1] (4.31ns)   --->   "%in_shift_2 = shl i28 %in_shift_1, i28 %zext_ln281_1" [C:\scratch\2025.2\hls_product\666\2025.2\src\shared\hls\clib/src/hls\utils/x_hls_float_utils.h:291->C:\scratch\2025.2\hls_product\666\2025.2\src\shared\hls\clib/hlsmath/include/FloatingPoint\hls_hotbm.h:252->C:\scratch\2025.2\hls_product\666\2025.2\src\shared\hls\clib\hlsmath\src\common\hls_hotbm_float.cpp:127->C:\scratch\2025.2\hls_product\666\2025.2\src\shared\hls\clib\hlsmath\src\c++\sincoshotbmfloat.cpp:13->C:\scratch\2025.2\hls_product\666\2025.2\src\shared\hls\clib\hlsmath\src\c++\sincoshotbmfloat.cpp:45->chirp.cpp:86]   --->   Operation 290 'shl' 'in_shift_2' <Predicate = (!icmp_ln60 & and_ln75_1 & !and_ln271 & icmp_ln292)> <Delay = 4.31> <CoreInst = "Shifter">   --->   Core 75 'Shifter' <Latency = 0> <II = 1> <Delay = 4.31> <FuncUnit> <Opcode : 'shl' 'lshr' 'ashr'> <InPorts = 2> <OutPorts = 1>
ST_68 : Operation 291 [1/1] (1.21ns)   --->   "%shift_2 = select i1 %icmp_ln292, i5 %shift_1, i5 %trunc_ln281" [C:\scratch\2025.2\hls_product\666\2025.2\src\shared\hls\clib/src/hls\utils/x_hls_float_utils.h:292->C:\scratch\2025.2\hls_product\666\2025.2\src\shared\hls\clib/hlsmath/include/FloatingPoint\hls_hotbm.h:252->C:\scratch\2025.2\hls_product\666\2025.2\src\shared\hls\clib\hlsmath\src\common\hls_hotbm_float.cpp:127->C:\scratch\2025.2\hls_product\666\2025.2\src\shared\hls\clib\hlsmath\src\c++\sincoshotbmfloat.cpp:13->C:\scratch\2025.2\hls_product\666\2025.2\src\shared\hls\clib\hlsmath\src\c++\sincoshotbmfloat.cpp:45->chirp.cpp:86]   --->   Operation 291 'select' 'shift_2' <Predicate = (!icmp_ln60 & and_ln75_1)> <Delay = 1.21> <CoreInst = "Sel">   --->   Core 73 'Sel' <Latency = 0> <II = 1> <Delay = 1.21> <FuncUnit> <Opcode : 'select'> <InPorts = 3> <OutPorts = 1>
ST_68 : Operation 292 [1/1] (0.00ns)   --->   "%zext_ln286 = zext i5 %shift_2" [C:\scratch\2025.2\hls_product\666\2025.2\src\shared\hls\clib/src/hls\utils/x_hls_float_utils.h:286->C:\scratch\2025.2\hls_product\666\2025.2\src\shared\hls\clib/hlsmath/include/FloatingPoint\hls_hotbm.h:252->C:\scratch\2025.2\hls_product\666\2025.2\src\shared\hls\clib\hlsmath\src\common\hls_hotbm_float.cpp:127->C:\scratch\2025.2\hls_product\666\2025.2\src\shared\hls\clib\hlsmath\src\c++\sincoshotbmfloat.cpp:13->C:\scratch\2025.2\hls_product\666\2025.2\src\shared\hls\clib\hlsmath\src\c++\sincoshotbmfloat.cpp:45->chirp.cpp:86]   --->   Operation 292 'zext' 'zext_ln286' <Predicate = (!icmp_ln60 & and_ln75_1)> <Delay = 0.00>
ST_68 : Operation 293 [1/1] (0.00ns) (grouped into TernaryAdder)   --->   "%add_ln300 = add i9 %sext_ln252, i9 127" [C:\scratch\2025.2\hls_product\666\2025.2\src\shared\hls\clib/src/hls\utils/x_hls_float_utils.h:300->C:\scratch\2025.2\hls_product\666\2025.2\src\shared\hls\clib/hlsmath/include/FloatingPoint\hls_hotbm.h:252->C:\scratch\2025.2\hls_product\666\2025.2\src\shared\hls\clib\hlsmath\src\common\hls_hotbm_float.cpp:127->C:\scratch\2025.2\hls_product\666\2025.2\src\shared\hls\clib\hlsmath\src\c++\sincoshotbmfloat.cpp:13->C:\scratch\2025.2\hls_product\666\2025.2\src\shared\hls\clib\hlsmath\src\c++\sincoshotbmfloat.cpp:45->chirp.cpp:86]   --->   Operation 293 'add' 'add_ln300' <Predicate = (!icmp_ln60 & and_ln75_1)> <Delay = 0.00> <CoreInst = "TAddSub">   --->   Core 10 'TAddSub' <Latency = 0> <II = 1> <Delay = 1.84> <IPBlock> <Opcode : 'add' 'sub'> <InPorts = 3> <OutPorts = 1> <Sync> <CReg>
ST_68 : Operation 294 [1/1] (3.69ns) (root node of TernaryAdder)   --->   "%newexp = sub i9 %add_ln300, i9 %zext_ln286" [C:\scratch\2025.2\hls_product\666\2025.2\src\shared\hls\clib/src/hls\utils/x_hls_float_utils.h:300->C:\scratch\2025.2\hls_product\666\2025.2\src\shared\hls\clib/hlsmath/include/FloatingPoint\hls_hotbm.h:252->C:\scratch\2025.2\hls_product\666\2025.2\src\shared\hls\clib\hlsmath\src\common\hls_hotbm_float.cpp:127->C:\scratch\2025.2\hls_product\666\2025.2\src\shared\hls\clib\hlsmath\src\c++\sincoshotbmfloat.cpp:13->C:\scratch\2025.2\hls_product\666\2025.2\src\shared\hls\clib\hlsmath\src\c++\sincoshotbmfloat.cpp:45->chirp.cpp:86]   --->   Operation 294 'sub' 'newexp' <Predicate = (!icmp_ln60 & and_ln75_1)> <Delay = 3.69> <CoreInst = "TAddSub">   --->   Core 10 'TAddSub' <Latency = 0> <II = 1> <Delay = 1.84> <IPBlock> <Opcode : 'add' 'sub'> <InPorts = 3> <OutPorts = 1> <Sync> <CReg>
ST_68 : Operation 295 [1/1] (0.00ns) (grouped into LUT with out node or_ln282)   --->   "%tmp_9 = bitselect i1 @_ssdm_op_BitSelect.i1.i9.i32, i9 %newexp, i32 8" [C:\scratch\2025.2\hls_product\666\2025.2\src\shared\hls\clib/src/hls\utils/x_hls_float_utils.h:306->C:\scratch\2025.2\hls_product\666\2025.2\src\shared\hls\clib/hlsmath/include/FloatingPoint\hls_hotbm.h:252->C:\scratch\2025.2\hls_product\666\2025.2\src\shared\hls\clib\hlsmath\src\common\hls_hotbm_float.cpp:127->C:\scratch\2025.2\hls_product\666\2025.2\src\shared\hls\clib\hlsmath\src\c++\sincoshotbmfloat.cpp:13->C:\scratch\2025.2\hls_product\666\2025.2\src\shared\hls\clib\hlsmath\src\c++\sincoshotbmfloat.cpp:45->chirp.cpp:86]   --->   Operation 295 'bitselect' 'tmp_9' <Predicate = (!icmp_ln60 & and_ln75_1)> <Delay = 0.00>
ST_68 : Operation 296 [1/1] (0.00ns) (grouped into LUT with out node or_ln282)   --->   "%or_ln306 = or i1 %tmp_9, i1 %icmp_ln306" [C:\scratch\2025.2\hls_product\666\2025.2\src\shared\hls\clib/src/hls\utils/x_hls_float_utils.h:306->C:\scratch\2025.2\hls_product\666\2025.2\src\shared\hls\clib/hlsmath/include/FloatingPoint\hls_hotbm.h:252->C:\scratch\2025.2\hls_product\666\2025.2\src\shared\hls\clib\hlsmath\src\common\hls_hotbm_float.cpp:127->C:\scratch\2025.2\hls_product\666\2025.2\src\shared\hls\clib\hlsmath\src\c++\sincoshotbmfloat.cpp:13->C:\scratch\2025.2\hls_product\666\2025.2\src\shared\hls\clib\hlsmath\src\c++\sincoshotbmfloat.cpp:45->chirp.cpp:86]   --->   Operation 296 'or' 'or_ln306' <Predicate = (!icmp_ln60 & and_ln75_1)> <Delay = 0.00> <CoreInst = "LogicGate">   --->   Core 74 'LogicGate' <Latency = 0> <II = 1> <Delay = 0.97> <FuncUnit> <Opcode : 'and' 'or' 'xor'> <InPorts = 2> <OutPorts = 1>
ST_68 : Operation 297 [1/1] (0.00ns) (grouped into LUT with out node results_exp_1)   --->   "%empty_30 = trunc i9 %newexp" [C:\scratch\2025.2\hls_product\666\2025.2\src\shared\hls\clib/src/hls\utils/x_hls_float_utils.h:300->C:\scratch\2025.2\hls_product\666\2025.2\src\shared\hls\clib/hlsmath/include/FloatingPoint\hls_hotbm.h:252->C:\scratch\2025.2\hls_product\666\2025.2\src\shared\hls\clib\hlsmath\src\common\hls_hotbm_float.cpp:127->C:\scratch\2025.2\hls_product\666\2025.2\src\shared\hls\clib\hlsmath\src\c++\sincoshotbmfloat.cpp:13->C:\scratch\2025.2\hls_product\666\2025.2\src\shared\hls\clib\hlsmath\src\c++\sincoshotbmfloat.cpp:45->chirp.cpp:86]   --->   Operation 297 'trunc' 'empty_30' <Predicate = (!icmp_ln60 & and_ln75_1 & !and_ln271)> <Delay = 0.00>
ST_68 : Operation 298 [1/1] (0.00ns) (grouped into LUT with out node results_sig_1)   --->   "%tmp_5 = partselect i23 @_ssdm_op_PartSelect.i23.i28.i32.i32, i28 %in_shift_2, i32 5, i32 27" [C:\scratch\2025.2\hls_product\666\2025.2\src\shared\hls\clib/src/hls\utils/x_hls_float_utils.h:291->C:\scratch\2025.2\hls_product\666\2025.2\src\shared\hls\clib/hlsmath/include/FloatingPoint\hls_hotbm.h:252->C:\scratch\2025.2\hls_product\666\2025.2\src\shared\hls\clib\hlsmath\src\common\hls_hotbm_float.cpp:127->C:\scratch\2025.2\hls_product\666\2025.2\src\shared\hls\clib\hlsmath\src\c++\sincoshotbmfloat.cpp:13->C:\scratch\2025.2\hls_product\666\2025.2\src\shared\hls\clib\hlsmath\src\c++\sincoshotbmfloat.cpp:45->chirp.cpp:86]   --->   Operation 298 'partselect' 'tmp_5' <Predicate = (!icmp_ln60 & and_ln75_1 & !and_ln271 & icmp_ln292)> <Delay = 0.00>
ST_68 : Operation 299 [1/1] (0.00ns) (grouped into LUT with out node results_sig_1)   --->   "%tmp_6 = partselect i23 @_ssdm_op_PartSelect.i23.i28.i32.i32, i28 %in_shift_1, i32 5, i32 27" [C:\scratch\2025.2\hls_product\666\2025.2\src\shared\hls\clib/src/hls\utils/x_hls_float_utils.h:291->C:\scratch\2025.2\hls_product\666\2025.2\src\shared\hls\clib/hlsmath/include/FloatingPoint\hls_hotbm.h:252->C:\scratch\2025.2\hls_product\666\2025.2\src\shared\hls\clib\hlsmath\src\common\hls_hotbm_float.cpp:127->C:\scratch\2025.2\hls_product\666\2025.2\src\shared\hls\clib\hlsmath\src\c++\sincoshotbmfloat.cpp:13->C:\scratch\2025.2\hls_product\666\2025.2\src\shared\hls\clib\hlsmath\src\c++\sincoshotbmfloat.cpp:45->chirp.cpp:86]   --->   Operation 299 'partselect' 'tmp_6' <Predicate = (!icmp_ln60 & and_ln75_1 & !and_ln271 & !icmp_ln292)> <Delay = 0.00>
ST_68 : Operation 300 [1/1] (0.00ns) (grouped into LUT with out node results_sig_1)   --->   "%empty_31 = select i1 %icmp_ln292, i23 %tmp_5, i23 %tmp_6" [C:\scratch\2025.2\hls_product\666\2025.2\src\shared\hls\clib/src/hls\utils/x_hls_float_utils.h:292->C:\scratch\2025.2\hls_product\666\2025.2\src\shared\hls\clib/hlsmath/include/FloatingPoint\hls_hotbm.h:252->C:\scratch\2025.2\hls_product\666\2025.2\src\shared\hls\clib\hlsmath\src\common\hls_hotbm_float.cpp:127->C:\scratch\2025.2\hls_product\666\2025.2\src\shared\hls\clib\hlsmath\src\c++\sincoshotbmfloat.cpp:13->C:\scratch\2025.2\hls_product\666\2025.2\src\shared\hls\clib\hlsmath\src\c++\sincoshotbmfloat.cpp:45->chirp.cpp:86]   --->   Operation 300 'select' 'empty_31' <Predicate = (!icmp_ln60 & and_ln75_1 & !and_ln271)> <Delay = 0.00> <CoreInst = "Sel">   --->   Core 73 'Sel' <Latency = 0> <II = 1> <Delay = 0.69> <FuncUnit> <Opcode : 'select'> <InPorts = 3> <OutPorts = 1>
ST_68 : Operation 301 [1/1] (0.00ns) (grouped into LUT with out node results_exp_1)   --->   "%select_ln282 = select i1 %icmp_ln282, i8 255, i8 0" [C:\scratch\2025.2\hls_product\666\2025.2\src\shared\hls\clib/hlsmath/include/FloatingPoint\hls_hotbm.h:282->C:\scratch\2025.2\hls_product\666\2025.2\src\shared\hls\clib\hlsmath\src\common\hls_hotbm_float.cpp:127->C:\scratch\2025.2\hls_product\666\2025.2\src\shared\hls\clib\hlsmath\src\c++\sincoshotbmfloat.cpp:13->C:\scratch\2025.2\hls_product\666\2025.2\src\shared\hls\clib\hlsmath\src\c++\sincoshotbmfloat.cpp:45->chirp.cpp:86]   --->   Operation 301 'select' 'select_ln282' <Predicate = (!icmp_ln60 & and_ln75_1 & !and_ln271)> <Delay = 0.00> <CoreInst = "Sel">   --->   Core 73 'Sel' <Latency = 0> <II = 1> <Delay = 0.99> <FuncUnit> <Opcode : 'select'> <InPorts = 3> <OutPorts = 1>
ST_68 : Operation 302 [1/1] (0.97ns) (out node of the LUT)   --->   "%or_ln282 = or i1 %icmp_ln282, i1 %or_ln306" [C:\scratch\2025.2\hls_product\666\2025.2\src\shared\hls\clib/hlsmath/include/FloatingPoint\hls_hotbm.h:282->C:\scratch\2025.2\hls_product\666\2025.2\src\shared\hls\clib\hlsmath\src\common\hls_hotbm_float.cpp:127->C:\scratch\2025.2\hls_product\666\2025.2\src\shared\hls\clib\hlsmath\src\c++\sincoshotbmfloat.cpp:13->C:\scratch\2025.2\hls_product\666\2025.2\src\shared\hls\clib\hlsmath\src\c++\sincoshotbmfloat.cpp:45->chirp.cpp:86]   --->   Operation 302 'or' 'or_ln282' <Predicate = (!icmp_ln60 & and_ln75_1)> <Delay = 0.97> <CoreInst = "LogicGate">   --->   Core 74 'LogicGate' <Latency = 0> <II = 1> <Delay = 0.97> <FuncUnit> <Opcode : 'and' 'or' 'xor'> <InPorts = 2> <OutPorts = 1>
ST_68 : Operation 303 [1/1] (0.00ns) (grouped into LUT with out node results_exp_1)   --->   "%results_exp = select i1 %or_ln282, i8 %select_ln282, i8 %empty_30" [C:\scratch\2025.2\hls_product\666\2025.2\src\shared\hls\clib/hlsmath/include/FloatingPoint\hls_hotbm.h:282->C:\scratch\2025.2\hls_product\666\2025.2\src\shared\hls\clib\hlsmath\src\common\hls_hotbm_float.cpp:127->C:\scratch\2025.2\hls_product\666\2025.2\src\shared\hls\clib\hlsmath\src\c++\sincoshotbmfloat.cpp:13->C:\scratch\2025.2\hls_product\666\2025.2\src\shared\hls\clib\hlsmath\src\c++\sincoshotbmfloat.cpp:45->chirp.cpp:86]   --->   Operation 303 'select' 'results_exp' <Predicate = (!icmp_ln60 & and_ln75_1 & !and_ln271)> <Delay = 0.00> <CoreInst = "Sel">   --->   Core 73 'Sel' <Latency = 0> <II = 1> <Delay = 1.24> <FuncUnit> <Opcode : 'select'> <InPorts = 3> <OutPorts = 1>
ST_68 : Operation 304 [1/1] (0.00ns) (grouped into LUT with out node results_sig_1)   --->   "%select_ln282_2 = select i1 %icmp_ln282, i23 8388607, i23 0" [C:\scratch\2025.2\hls_product\666\2025.2\src\shared\hls\clib/hlsmath/include/FloatingPoint\hls_hotbm.h:282->C:\scratch\2025.2\hls_product\666\2025.2\src\shared\hls\clib\hlsmath\src\common\hls_hotbm_float.cpp:127->C:\scratch\2025.2\hls_product\666\2025.2\src\shared\hls\clib\hlsmath\src\c++\sincoshotbmfloat.cpp:13->C:\scratch\2025.2\hls_product\666\2025.2\src\shared\hls\clib\hlsmath\src\c++\sincoshotbmfloat.cpp:45->chirp.cpp:86]   --->   Operation 304 'select' 'select_ln282_2' <Predicate = (!icmp_ln60 & and_ln75_1 & !and_ln271)> <Delay = 0.00> <CoreInst = "Sel">   --->   Core 73 'Sel' <Latency = 0> <II = 1> <Delay = 0.99> <FuncUnit> <Opcode : 'select'> <InPorts = 3> <OutPorts = 1>
ST_68 : Operation 305 [1/1] (0.00ns) (grouped into LUT with out node results_sig_1)   --->   "%results_sig = select i1 %or_ln282, i23 %select_ln282_2, i23 %empty_31" [C:\scratch\2025.2\hls_product\666\2025.2\src\shared\hls\clib/hlsmath/include/FloatingPoint\hls_hotbm.h:282->C:\scratch\2025.2\hls_product\666\2025.2\src\shared\hls\clib\hlsmath\src\common\hls_hotbm_float.cpp:127->C:\scratch\2025.2\hls_product\666\2025.2\src\shared\hls\clib\hlsmath\src\c++\sincoshotbmfloat.cpp:13->C:\scratch\2025.2\hls_product\666\2025.2\src\shared\hls\clib\hlsmath\src\c++\sincoshotbmfloat.cpp:45->chirp.cpp:86]   --->   Operation 305 'select' 'results_sig' <Predicate = (!icmp_ln60 & and_ln75_1 & !and_ln271)> <Delay = 0.00> <CoreInst = "Sel">   --->   Core 73 'Sel' <Latency = 0> <II = 1> <Delay = 0.69> <FuncUnit> <Opcode : 'select'> <InPorts = 3> <OutPorts = 1>
ST_68 : Operation 306 [1/1] (1.24ns) (out node of the LUT)   --->   "%results_exp_1 = select i1 %and_ln271, i8 127, i8 %results_exp" [C:\scratch\2025.2\hls_product\666\2025.2\src\shared\hls\clib/hlsmath/include/FloatingPoint\hls_hotbm.h:271->C:\scratch\2025.2\hls_product\666\2025.2\src\shared\hls\clib\hlsmath\src\common\hls_hotbm_float.cpp:127->C:\scratch\2025.2\hls_product\666\2025.2\src\shared\hls\clib\hlsmath\src\c++\sincoshotbmfloat.cpp:13->C:\scratch\2025.2\hls_product\666\2025.2\src\shared\hls\clib\hlsmath\src\c++\sincoshotbmfloat.cpp:45->chirp.cpp:86]   --->   Operation 306 'select' 'results_exp_1' <Predicate = (!icmp_ln60 & and_ln75_1)> <Delay = 1.24> <CoreInst = "Sel">   --->   Core 73 'Sel' <Latency = 0> <II = 1> <Delay = 1.24> <FuncUnit> <Opcode : 'select'> <InPorts = 3> <OutPorts = 1>
ST_68 : Operation 307 [1/1] (0.99ns) (out node of the LUT)   --->   "%results_sig_1 = select i1 %and_ln271, i23 0, i23 %results_sig" [C:\scratch\2025.2\hls_product\666\2025.2\src\shared\hls\clib/hlsmath/include/FloatingPoint\hls_hotbm.h:271->C:\scratch\2025.2\hls_product\666\2025.2\src\shared\hls\clib\hlsmath\src\common\hls_hotbm_float.cpp:127->C:\scratch\2025.2\hls_product\666\2025.2\src\shared\hls\clib\hlsmath\src\c++\sincoshotbmfloat.cpp:13->C:\scratch\2025.2\hls_product\666\2025.2\src\shared\hls\clib\hlsmath\src\c++\sincoshotbmfloat.cpp:45->chirp.cpp:86]   --->   Operation 307 'select' 'results_sig_1' <Predicate = (!icmp_ln60 & and_ln75_1)> <Delay = 0.99> <CoreInst = "Sel">   --->   Core 73 'Sel' <Latency = 0> <II = 1> <Delay = 0.69> <FuncUnit> <Opcode : 'select'> <InPorts = 3> <OutPorts = 1>
ST_68 : Operation 317 [1/1] (1.58ns)   --->   "%ret_ln0 = ret"   --->   Operation 317 'ret' 'ret_ln0' <Predicate = (icmp_ln60)> <Delay = 1.58>

State 69 <SV = 68> <Delay = 1.58>
ST_69 : Operation 308 [1/1] (0.00ns)   --->   "%specmemcore_ln375 = specmemcore void @_ssdm_op_SpecMemCore, i100 %ref_4oPi_table_100, i64 666, i64 34, i64 18446744073709551615, i1 0" [C:\scratch\2025.2\hls_product\666\2025.2\src\shared\hls\clib/hlsmath/include/FloatingPoint/hls_range_redux.h:375->C:\scratch\2025.2\hls_product\666\2025.2\src\shared\hls\clib/hlsmath/include/FloatingPoint/hls_range_redux.h:467->C:\scratch\2025.2\hls_product\666\2025.2\src\shared\hls\clib/hlsmath/include/FloatingPoint\hls_hotbm.h:239->C:\scratch\2025.2\hls_product\666\2025.2\src\shared\hls\clib\hlsmath\src\common\hls_hotbm_float.cpp:127->C:\scratch\2025.2\hls_product\666\2025.2\src\shared\hls\clib\hlsmath\src\c++\sincoshotbmfloat.cpp:13->C:\scratch\2025.2\hls_product\666\2025.2\src\shared\hls\clib\hlsmath\src\c++\sincoshotbmfloat.cpp:45->chirp.cpp:86]   --->   Operation 308 'specmemcore' 'specmemcore_ln375' <Predicate = (!icmp_ln60 & and_ln75_1)> <Delay = 0.00>
ST_69 : Operation 309 [1/1] (0.00ns)   --->   "%specmemcore_ln16 = specmemcore void @_ssdm_op_SpecMemCore, i30 %second_order_float_sin_cos_K0, i64 666, i64 34, i64 18446744073709551615, i1 0" [C:\scratch\2025.2\hls_product\666\2025.2\src\shared\hls\clib\hlsmath\src\common\hls_hotbm_float.cpp:16->C:\scratch\2025.2\hls_product\666\2025.2\src\shared\hls\clib/hlsmath/include/FloatingPoint\hls_hotbm.h:250->C:\scratch\2025.2\hls_product\666\2025.2\src\shared\hls\clib\hlsmath\src\common\hls_hotbm_float.cpp:127->C:\scratch\2025.2\hls_product\666\2025.2\src\shared\hls\clib\hlsmath\src\c++\sincoshotbmfloat.cpp:13->C:\scratch\2025.2\hls_product\666\2025.2\src\shared\hls\clib\hlsmath\src\c++\sincoshotbmfloat.cpp:45->chirp.cpp:86]   --->   Operation 309 'specmemcore' 'specmemcore_ln16' <Predicate = (!icmp_ln60 & and_ln75_1)> <Delay = 0.00>
ST_69 : Operation 310 [1/1] (0.00ns)   --->   "%specmemcore_ln17 = specmemcore void @_ssdm_op_SpecMemCore, i23 %second_order_float_sin_cos_K1, i64 666, i64 34, i64 18446744073709551615, i1 0" [C:\scratch\2025.2\hls_product\666\2025.2\src\shared\hls\clib\hlsmath\src\common\hls_hotbm_float.cpp:17->C:\scratch\2025.2\hls_product\666\2025.2\src\shared\hls\clib/hlsmath/include/FloatingPoint\hls_hotbm.h:250->C:\scratch\2025.2\hls_product\666\2025.2\src\shared\hls\clib\hlsmath\src\common\hls_hotbm_float.cpp:127->C:\scratch\2025.2\hls_product\666\2025.2\src\shared\hls\clib\hlsmath\src\c++\sincoshotbmfloat.cpp:13->C:\scratch\2025.2\hls_product\666\2025.2\src\shared\hls\clib\hlsmath\src\c++\sincoshotbmfloat.cpp:45->chirp.cpp:86]   --->   Operation 310 'specmemcore' 'specmemcore_ln17' <Predicate = (!icmp_ln60 & and_ln75_1)> <Delay = 0.00>
ST_69 : Operation 311 [1/1] (0.00ns)   --->   "%specmemcore_ln18 = specmemcore void @_ssdm_op_SpecMemCore, i15 %second_order_float_sin_cos_K2, i64 666, i64 34, i64 18446744073709551615, i1 0" [C:\scratch\2025.2\hls_product\666\2025.2\src\shared\hls\clib\hlsmath\src\common\hls_hotbm_float.cpp:18->C:\scratch\2025.2\hls_product\666\2025.2\src\shared\hls\clib/hlsmath/include/FloatingPoint\hls_hotbm.h:250->C:\scratch\2025.2\hls_product\666\2025.2\src\shared\hls\clib\hlsmath\src\common\hls_hotbm_float.cpp:127->C:\scratch\2025.2\hls_product\666\2025.2\src\shared\hls\clib\hlsmath\src\c++\sincoshotbmfloat.cpp:13->C:\scratch\2025.2\hls_product\666\2025.2\src\shared\hls\clib\hlsmath\src\c++\sincoshotbmfloat.cpp:45->chirp.cpp:86]   --->   Operation 311 'specmemcore' 'specmemcore_ln18' <Predicate = (!icmp_ln60 & and_ln75_1)> <Delay = 0.00>
ST_69 : Operation 312 [1/1] (0.00ns)   --->   "%t_3 = bitconcatenate i32 @_ssdm_op_BitConcatenate.i32.i1.i8.i23, i1 %results_sign_2, i8 %results_exp_1, i23 %results_sig_1" [C:\scratch\2025.2\hls_product\666\2025.2\src\shared\hls\clib/src/hls\utils/x_hls_utils.h:313->C:\scratch\2025.2\hls_product\666\2025.2\src\shared\hls\clib/src/hls\utils/x_hls_utils.h:326->C:\scratch\2025.2\hls_product\666\2025.2\src\shared\hls\clib/src/hls\utils/x_hls_utils.h:347->C:\scratch\2025.2\hls_product\666\2025.2\src\shared\hls\clib/hlsmath/include/FloatingPoint\hls_hotbm.h:287->C:\scratch\2025.2\hls_product\666\2025.2\src\shared\hls\clib\hlsmath\src\common\hls_hotbm_float.cpp:127->C:\scratch\2025.2\hls_product\666\2025.2\src\shared\hls\clib\hlsmath\src\c++\sincoshotbmfloat.cpp:13->C:\scratch\2025.2\hls_product\666\2025.2\src\shared\hls\clib\hlsmath\src\c++\sincoshotbmfloat.cpp:45->chirp.cpp:86]   --->   Operation 312 'bitconcatenate' 't_3' <Predicate = (!icmp_ln60 & and_ln75_1)> <Delay = 0.00>
ST_69 : Operation 313 [1/1] (1.58ns)   --->   "%br_ln88 = br void %for.inc" [chirp.cpp:88]   --->   Operation 313 'br' 'br_ln88' <Predicate = (!icmp_ln60 & and_ln75_1)> <Delay = 1.58>
ST_69 : Operation 314 [1/1] (0.00ns)   --->   "%storemerge = phi i32 %t_3, void %if.then, i32 0, void %for.inc21"   --->   Operation 314 'phi' 'storemerge' <Predicate = true> <Delay = 0.00>
ST_69 : Operation 315 [1/1] ( I:0.00ns O:0.00ns )   --->   "%store_ln85 = store i32 %storemerge, i22 %out_r_addr" [chirp.cpp:85]   --->   Operation 315 'store' 'store_ln85' <Predicate = true> <Delay = 0.00> <CoreInst = "RAM">   --->   Core 81 'RAM' <Latency = 1> <II = 1> <Delay = 3.25> <Storage> <Opcode : 'load' 'store'> <Ports = 2> <Width = 32> <Depth = 4194304> <RAM>
ST_69 : Operation 316 [1/1] (0.00ns)   --->   "%br_ln63 = br void %for.body5" [chirp.cpp:63]   --->   Operation 316 'br' 'br_ln63' <Predicate = true> <Delay = 0.00>


============================================================
+ Verbose Summary: Timing violations
============================================================
Target clock period: 10.000ns, clock uncertainty: 2.700ns.

 <State 1>: 1.588ns
The critical path consists of the following:
	'alloca' operation 62 bit ('indvar_flatten') [16]  (0.000 ns)
	'store' operation ('store_ln0') of constant 0 62 bit on local variable 'indvar_flatten' [26]  (1.588 ns)

 <State 2>: 5.056ns
The critical path consists of the following:
	'load' operation 62 bit ('indvar_flatten_load', chirp.cpp:60) on local variable 'indvar_flatten' [31]  (0.000 ns)
	'add' operation 62 bit ('add_ln60_1', chirp.cpp:60) [39]  (3.469 ns)
	'store' operation ('store_ln60', chirp.cpp:60) of variable 'add_ln60_1', chirp.cpp:60 62 bit on local variable 'indvar_flatten' [209]  (1.588 ns)

 <State 3>: 7.122ns
The critical path consists of the following:
	'load' operation 23 bit ('n_load', chirp.cpp:63) on local variable 'n', chirp.cpp:63 [35]  (0.000 ns)
	'icmp' operation 1 bit ('icmp_ln63', chirp.cpp:63) [38]  (2.552 ns)
	'select' operation 23 bit ('select_ln60', chirp.cpp:60) [42]  (0.698 ns)
	'add' operation 23 bit ('add_ln63', chirp.cpp:63) [208]  (2.285 ns)
	'store' operation ('store_ln63', chirp.cpp:63) of variable 'add_ln63', chirp.cpp:63 23 bit on local variable 'n', chirp.cpp:63 [211]  (1.588 ns)

 <State 4>: 6.413ns
The critical path consists of the following:
	'sitofp' operation 32 bit ('conv', chirp.cpp:71) [52]  (6.413 ns)

 <State 5>: 6.413ns
The critical path consists of the following:
	'sitofp' operation 32 bit ('conv', chirp.cpp:71) [52]  (6.413 ns)

 <State 6>: 6.413ns
The critical path consists of the following:
	'sitofp' operation 32 bit ('conv', chirp.cpp:71) [52]  (6.413 ns)

 <State 7>: 6.413ns
The critical path consists of the following:
	'sitofp' operation 32 bit ('conv', chirp.cpp:71) [52]  (6.413 ns)

 <State 8>: 6.413ns
The critical path consists of the following:
	'sitofp' operation 32 bit ('conv', chirp.cpp:71) [52]  (6.413 ns)

 <State 9>: 6.413ns
The critical path consists of the following:
	'sitofp' operation 32 bit ('conv', chirp.cpp:71) [52]  (6.413 ns)

 <State 10>: 6.075ns
The critical path consists of the following:
	'fdiv' operation 32 bit ('t', chirp.cpp:71) [53]  (6.075 ns)

 <State 11>: 6.075ns
The critical path consists of the following:
	'fdiv' operation 32 bit ('t', chirp.cpp:71) [53]  (6.075 ns)

 <State 12>: 6.075ns
The critical path consists of the following:
	'fdiv' operation 32 bit ('t', chirp.cpp:71) [53]  (6.075 ns)

 <State 13>: 6.075ns
The critical path consists of the following:
	'fdiv' operation 32 bit ('t', chirp.cpp:71) [53]  (6.075 ns)

 <State 14>: 6.075ns
The critical path consists of the following:
	'fdiv' operation 32 bit ('t', chirp.cpp:71) [53]  (6.075 ns)

 <State 15>: 6.075ns
The critical path consists of the following:
	'fdiv' operation 32 bit ('t', chirp.cpp:71) [53]  (6.075 ns)

 <State 16>: 6.075ns
The critical path consists of the following:
	'fdiv' operation 32 bit ('t', chirp.cpp:71) [53]  (6.075 ns)

 <State 17>: 6.075ns
The critical path consists of the following:
	'fdiv' operation 32 bit ('t', chirp.cpp:71) [53]  (6.075 ns)

 <State 18>: 6.075ns
The critical path consists of the following:
	'fdiv' operation 32 bit ('t', chirp.cpp:71) [53]  (6.075 ns)

 <State 19>: 6.075ns
The critical path consists of the following:
	'fdiv' operation 32 bit ('t', chirp.cpp:71) [53]  (6.075 ns)

 <State 20>: 6.075ns
The critical path consists of the following:
	'fdiv' operation 32 bit ('t', chirp.cpp:71) [53]  (6.075 ns)

 <State 21>: 6.075ns
The critical path consists of the following:
	'fdiv' operation 32 bit ('t', chirp.cpp:71) [53]  (6.075 ns)

 <State 22>: 6.075ns
The critical path consists of the following:
	'fdiv' operation 32 bit ('t', chirp.cpp:71) [53]  (6.075 ns)

 <State 23>: 6.075ns
The critical path consists of the following:
	'fdiv' operation 32 bit ('t', chirp.cpp:71) [53]  (6.075 ns)

 <State 24>: 6.075ns
The critical path consists of the following:
	'fdiv' operation 32 bit ('t', chirp.cpp:71) [53]  (6.075 ns)

 <State 25>: 6.075ns
The critical path consists of the following:
	'fdiv' operation 32 bit ('t', chirp.cpp:71) [53]  (6.075 ns)

 <State 26>: 5.431ns
The critical path consists of the following:
	'fcmp' operation 1 bit ('tmp_2', chirp.cpp:75) [64]  (5.431 ns)

 <State 27>: 6.409ns
The critical path consists of the following:
	'fcmp' operation 1 bit ('tmp_2', chirp.cpp:75) [64]  (5.431 ns)
	'and' operation 1 bit ('and_ln75_1', chirp.cpp:75) [66]  (0.978 ns)

 <State 28>: 5.702ns
The critical path consists of the following:
	'fmul' operation 32 bit ('mul9', chirp.cpp:81) [70]  (5.702 ns)

 <State 29>: 5.702ns
The critical path consists of the following:
	'fmul' operation 32 bit ('mul9', chirp.cpp:81) [70]  (5.702 ns)

 <State 30>: 5.702ns
The critical path consists of the following:
	'fmul' operation 32 bit ('mul9', chirp.cpp:81) [70]  (5.702 ns)

 <State 31>: 5.702ns
The critical path consists of the following:
	'fmul' operation 32 bit ('mul', chirp.cpp:81) [69]  (5.702 ns)

 <State 32>: 5.702ns
The critical path consists of the following:
	'fmul' operation 32 bit ('mul', chirp.cpp:81) [69]  (5.702 ns)

 <State 33>: 5.702ns
The critical path consists of the following:
	'fmul' operation 32 bit ('mul', chirp.cpp:81) [69]  (5.702 ns)

 <State 34>: 5.702ns
The critical path consists of the following:
	'fmul' operation 32 bit ('mul', chirp.cpp:81) [69]  (5.702 ns)

 <State 35>: 7.256ns
The critical path consists of the following:
	'fadd' operation 32 bit ('add', chirp.cpp:81) [72]  (7.256 ns)

 <State 36>: 7.256ns
The critical path consists of the following:
	'fadd' operation 32 bit ('add', chirp.cpp:81) [72]  (7.256 ns)

 <State 37>: 7.256ns
The critical path consists of the following:
	'fadd' operation 32 bit ('add', chirp.cpp:81) [72]  (7.256 ns)

 <State 38>: 7.256ns
The critical path consists of the following:
	'fadd' operation 32 bit ('add', chirp.cpp:81) [72]  (7.256 ns)

 <State 39>: 7.256ns
The critical path consists of the following:
	'fadd' operation 32 bit ('add', chirp.cpp:81) [72]  (7.256 ns)

 <State 40>: 4.436ns
The critical path consists of the following:
	'fpext' operation 64 bit ('conv1', chirp.cpp:81) [73]  (4.436 ns)

 <State 41>: 4.436ns
The critical path consists of the following:
	'fpext' operation 64 bit ('conv1', chirp.cpp:81) [73]  (4.436 ns)

 <State 42>: 6.719ns
The critical path consists of the following:
	'dmul' operation 64 bit ('mul2', chirp.cpp:80) [74]  (6.719 ns)

 <State 43>: 6.719ns
The critical path consists of the following:
	'dmul' operation 64 bit ('mul2', chirp.cpp:80) [74]  (6.719 ns)

 <State 44>: 6.719ns
The critical path consists of the following:
	'dmul' operation 64 bit ('mul2', chirp.cpp:80) [74]  (6.719 ns)

 <State 45>: 6.719ns
The critical path consists of the following:
	'dmul' operation 64 bit ('mul2', chirp.cpp:80) [74]  (6.719 ns)

 <State 46>: 6.719ns
The critical path consists of the following:
	'dmul' operation 64 bit ('mul2', chirp.cpp:80) [74]  (6.719 ns)

 <State 47>: 6.719ns
The critical path consists of the following:
	'dmul' operation 64 bit ('mul2', chirp.cpp:80) [74]  (6.719 ns)

 <State 48>: 6.719ns
The critical path consists of the following:
	'dmul' operation 64 bit ('mul2', chirp.cpp:80) [74]  (6.719 ns)

 <State 49>: 5.202ns
The critical path consists of the following:
	'fptrunc' operation 32 bit ('phase', chirp.cpp:80) [75]  (5.202 ns)

 <State 50>: 5.202ns
The critical path consists of the following:
	'fptrunc' operation 32 bit ('phase', chirp.cpp:80) [75]  (5.202 ns)

 <State 51>: 5.466ns
The critical path consists of the following:
	'icmp' operation 1 bit ('closepath', C:\scratch\2025.2\hls_product\666\2025.2\src\shared\hls\clib/hlsmath/include/FloatingPoint/hls_range_redux.h:451->C:\scratch\2025.2\hls_product\666\2025.2\src\shared\hls\clib/hlsmath/include/FloatingPoint\hls_hotbm.h:239->C:\scratch\2025.2\hls_product\666\2025.2\src\shared\hls\clib\hlsmath\src\common\hls_hotbm_float.cpp:127->C:\scratch\2025.2\hls_product\666\2025.2\src\shared\hls\clib\hlsmath\src\c++\sincoshotbmfloat.cpp:13->C:\scratch\2025.2\hls_product\666\2025.2\src\shared\hls\clib\hlsmath\src\c++\sincoshotbmfloat.cpp:45->chirp.cpp:86) [80]  (1.915 ns)
	'select' operation 8 bit ('addr', C:\scratch\2025.2\hls_product\666\2025.2\src\shared\hls\clib/hlsmath/include/FloatingPoint/hls_range_redux.h:376->C:\scratch\2025.2\hls_product\666\2025.2\src\shared\hls\clib/hlsmath/include/FloatingPoint/hls_range_redux.h:467->C:\scratch\2025.2\hls_product\666\2025.2\src\shared\hls\clib/hlsmath/include/FloatingPoint\hls_hotbm.h:239->C:\scratch\2025.2\hls_product\666\2025.2\src\shared\hls\clib\hlsmath\src\common\hls_hotbm_float.cpp:127->C:\scratch\2025.2\hls_product\666\2025.2\src\shared\hls\clib\hlsmath\src\c++\sincoshotbmfloat.cpp:13->C:\scratch\2025.2\hls_product\666\2025.2\src\shared\hls\clib\hlsmath\src\c++\sincoshotbmfloat.cpp:45->chirp.cpp:86) [86]  (1.248 ns)
	'getelementptr' operation 4 bit ('ref_4oPi_table_100_addr', C:\scratch\2025.2\hls_product\666\2025.2\src\shared\hls\clib/hlsmath/include/FloatingPoint/hls_range_redux.h:378->C:\scratch\2025.2\hls_product\666\2025.2\src\shared\hls\clib/hlsmath/include/FloatingPoint/hls_range_redux.h:467->C:\scratch\2025.2\hls_product\666\2025.2\src\shared\hls\clib/hlsmath/include/FloatingPoint\hls_hotbm.h:239->C:\scratch\2025.2\hls_product\666\2025.2\src\shared\hls\clib\hlsmath\src\common\hls_hotbm_float.cpp:127->C:\scratch\2025.2\hls_product\666\2025.2\src\shared\hls\clib\hlsmath\src\c++\sincoshotbmfloat.cpp:13->C:\scratch\2025.2\hls_product\666\2025.2\src\shared\hls\clib\hlsmath\src\c++\sincoshotbmfloat.cpp:45->chirp.cpp:86) [89]  (0.000 ns)
	'load' operation 100 bit ('table_100', C:\scratch\2025.2\hls_product\666\2025.2\src\shared\hls\clib/hlsmath/include/FloatingPoint/hls_range_redux.h:378->C:\scratch\2025.2\hls_product\666\2025.2\src\shared\hls\clib/hlsmath/include/FloatingPoint/hls_range_redux.h:467->C:\scratch\2025.2\hls_product\666\2025.2\src\shared\hls\clib/hlsmath/include/FloatingPoint\hls_hotbm.h:239->C:\scratch\2025.2\hls_product\666\2025.2\src\shared\hls\clib\hlsmath\src\common\hls_hotbm_float.cpp:127->C:\scratch\2025.2\hls_product\666\2025.2\src\shared\hls\clib\hlsmath\src\c++\sincoshotbmfloat.cpp:13->C:\scratch\2025.2\hls_product\666\2025.2\src\shared\hls\clib\hlsmath\src\c++\sincoshotbmfloat.cpp:45->chirp.cpp:86) on array 'ref_4oPi_table_100' [90]  (2.303 ns)

 <State 52>: 7.074ns
The critical path consists of the following:
	'load' operation 100 bit ('table_100', C:\scratch\2025.2\hls_product\666\2025.2\src\shared\hls\clib/hlsmath/include/FloatingPoint/hls_range_redux.h:378->C:\scratch\2025.2\hls_product\666\2025.2\src\shared\hls\clib/hlsmath/include/FloatingPoint/hls_range_redux.h:467->C:\scratch\2025.2\hls_product\666\2025.2\src\shared\hls\clib/hlsmath/include/FloatingPoint\hls_hotbm.h:239->C:\scratch\2025.2\hls_product\666\2025.2\src\shared\hls\clib\hlsmath\src\common\hls_hotbm_float.cpp:127->C:\scratch\2025.2\hls_product\666\2025.2\src\shared\hls\clib\hlsmath\src\c++\sincoshotbmfloat.cpp:13->C:\scratch\2025.2\hls_product\666\2025.2\src\shared\hls\clib\hlsmath\src\c++\sincoshotbmfloat.cpp:45->chirp.cpp:86) on array 'ref_4oPi_table_100' [90]  (2.303 ns)
	'shl' operation 100 bit ('shl_ln379', C:\scratch\2025.2\hls_product\666\2025.2\src\shared\hls\clib/hlsmath/include/FloatingPoint/hls_range_redux.h:379->C:\scratch\2025.2\hls_product\666\2025.2\src\shared\hls\clib/hlsmath/include/FloatingPoint/hls_range_redux.h:467->C:\scratch\2025.2\hls_product\666\2025.2\src\shared\hls\clib/hlsmath/include/FloatingPoint\hls_hotbm.h:239->C:\scratch\2025.2\hls_product\666\2025.2\src\shared\hls\clib\hlsmath\src\common\hls_hotbm_float.cpp:127->C:\scratch\2025.2\hls_product\666\2025.2\src\shared\hls\clib\hlsmath\src\c++\sincoshotbmfloat.cpp:13->C:\scratch\2025.2\hls_product\666\2025.2\src\shared\hls\clib\hlsmath\src\c++\sincoshotbmfloat.cpp:45->chirp.cpp:86) [93]  (4.771 ns)

 <State 53>: 6.978ns
The critical path consists of the following:
	'mul' operation 80 bit ('h', C:\scratch\2025.2\hls_product\666\2025.2\src\shared\hls\clib/hlsmath/include/FloatingPoint/hls_range_redux.h:468->C:\scratch\2025.2\hls_product\666\2025.2\src\shared\hls\clib/hlsmath/include/FloatingPoint\hls_hotbm.h:239->C:\scratch\2025.2\hls_product\666\2025.2\src\shared\hls\clib\hlsmath\src\common\hls_hotbm_float.cpp:127->C:\scratch\2025.2\hls_product\666\2025.2\src\shared\hls\clib\hlsmath\src\c++\sincoshotbmfloat.cpp:13->C:\scratch\2025.2\hls_product\666\2025.2\src\shared\hls\clib\hlsmath\src\c++\sincoshotbmfloat.cpp:45->chirp.cpp:86) [96]  (6.978 ns)

 <State 54>: 6.978ns
The critical path consists of the following:
	'mul' operation 80 bit ('h', C:\scratch\2025.2\hls_product\666\2025.2\src\shared\hls\clib/hlsmath/include/FloatingPoint/hls_range_redux.h:468->C:\scratch\2025.2\hls_product\666\2025.2\src\shared\hls\clib/hlsmath/include/FloatingPoint\hls_hotbm.h:239->C:\scratch\2025.2\hls_product\666\2025.2\src\shared\hls\clib\hlsmath\src\common\hls_hotbm_float.cpp:127->C:\scratch\2025.2\hls_product\666\2025.2\src\shared\hls\clib\hlsmath\src\c++\sincoshotbmfloat.cpp:13->C:\scratch\2025.2\hls_product\666\2025.2\src\shared\hls\clib\hlsmath\src\c++\sincoshotbmfloat.cpp:45->chirp.cpp:86) [96]  (6.978 ns)

 <State 55>: 6.978ns
The critical path consists of the following:
	'mul' operation 80 bit ('h', C:\scratch\2025.2\hls_product\666\2025.2\src\shared\hls\clib/hlsmath/include/FloatingPoint/hls_range_redux.h:468->C:\scratch\2025.2\hls_product\666\2025.2\src\shared\hls\clib/hlsmath/include/FloatingPoint\hls_hotbm.h:239->C:\scratch\2025.2\hls_product\666\2025.2\src\shared\hls\clib\hlsmath\src\common\hls_hotbm_float.cpp:127->C:\scratch\2025.2\hls_product\666\2025.2\src\shared\hls\clib\hlsmath\src\c++\sincoshotbmfloat.cpp:13->C:\scratch\2025.2\hls_product\666\2025.2\src\shared\hls\clib\hlsmath\src\c++\sincoshotbmfloat.cpp:45->chirp.cpp:86) [96]  (6.978 ns)

 <State 56>: 6.978ns
The critical path consists of the following:
	'mul' operation 80 bit ('h', C:\scratch\2025.2\hls_product\666\2025.2\src\shared\hls\clib/hlsmath/include/FloatingPoint/hls_range_redux.h:468->C:\scratch\2025.2\hls_product\666\2025.2\src\shared\hls\clib/hlsmath/include/FloatingPoint\hls_hotbm.h:239->C:\scratch\2025.2\hls_product\666\2025.2\src\shared\hls\clib\hlsmath\src\common\hls_hotbm_float.cpp:127->C:\scratch\2025.2\hls_product\666\2025.2\src\shared\hls\clib\hlsmath\src\c++\sincoshotbmfloat.cpp:13->C:\scratch\2025.2\hls_product\666\2025.2\src\shared\hls\clib\hlsmath\src\c++\sincoshotbmfloat.cpp:45->chirp.cpp:86) [96]  (6.978 ns)

 <State 57>: 6.978ns
The critical path consists of the following:
	'mul' operation 80 bit ('h', C:\scratch\2025.2\hls_product\666\2025.2\src\shared\hls\clib/hlsmath/include/FloatingPoint/hls_range_redux.h:468->C:\scratch\2025.2\hls_product\666\2025.2\src\shared\hls\clib/hlsmath/include/FloatingPoint\hls_hotbm.h:239->C:\scratch\2025.2\hls_product\666\2025.2\src\shared\hls\clib\hlsmath\src\common\hls_hotbm_float.cpp:127->C:\scratch\2025.2\hls_product\666\2025.2\src\shared\hls\clib\hlsmath\src\c++\sincoshotbmfloat.cpp:13->C:\scratch\2025.2\hls_product\666\2025.2\src\shared\hls\clib\hlsmath\src\c++\sincoshotbmfloat.cpp:45->chirp.cpp:86) [96]  (6.978 ns)

 <State 58>: 5.348ns
The critical path consists of the following:
	'select' operation 3 bit ('k', C:\scratch\2025.2\hls_product\666\2025.2\src\shared\hls\clib/hlsmath/include/FloatingPoint/hls_range_redux.h:451->C:\scratch\2025.2\hls_product\666\2025.2\src\shared\hls\clib/hlsmath/include/FloatingPoint\hls_hotbm.h:239->C:\scratch\2025.2\hls_product\666\2025.2\src\shared\hls\clib\hlsmath\src\common\hls_hotbm_float.cpp:127->C:\scratch\2025.2\hls_product\666\2025.2\src\shared\hls\clib\hlsmath\src\c++\sincoshotbmfloat.cpp:13->C:\scratch\2025.2\hls_product\666\2025.2\src\shared\hls\clib\hlsmath\src\c++\sincoshotbmfloat.cpp:45->chirp.cpp:86) [99]  (0.980 ns)
	'sparsemux' operation 1 bit ('sin_basis', C:\scratch\2025.2\hls_product\666\2025.2\src\shared\hls\clib/hlsmath/include/FloatingPoint\hls_hotbm.h:242->C:\scratch\2025.2\hls_product\666\2025.2\src\shared\hls\clib\hlsmath\src\common\hls_hotbm_float.cpp:127->C:\scratch\2025.2\hls_product\666\2025.2\src\shared\hls\clib\hlsmath\src\c++\sincoshotbmfloat.cpp:13->C:\scratch\2025.2\hls_product\666\2025.2\src\shared\hls\clib\hlsmath\src\c++\sincoshotbmfloat.cpp:45->chirp.cpp:86) [120]  (2.304 ns)
	'select' operation 1 bit ('results.sign', C:\scratch\2025.2\hls_product\666\2025.2\src\shared\hls\clib/hlsmath/include/FloatingPoint\hls_hotbm.h:242->C:\scratch\2025.2\hls_product\666\2025.2\src\shared\hls\clib\hlsmath\src\common\hls_hotbm_float.cpp:127->C:\scratch\2025.2\hls_product\666\2025.2\src\shared\hls\clib\hlsmath\src\c++\sincoshotbmfloat.cpp:13->C:\scratch\2025.2\hls_product\666\2025.2\src\shared\hls\clib\hlsmath\src\c++\sincoshotbmfloat.cpp:45->chirp.cpp:86) [187]  (0.000 ns)
	'and' operation 1 bit ('results.sign', C:\scratch\2025.2\hls_product\666\2025.2\src\shared\hls\clib/hlsmath/include/FloatingPoint\hls_hotbm.h:282->C:\scratch\2025.2\hls_product\666\2025.2\src\shared\hls\clib\hlsmath\src\common\hls_hotbm_float.cpp:127->C:\scratch\2025.2\hls_product\666\2025.2\src\shared\hls\clib\hlsmath\src\c++\sincoshotbmfloat.cpp:13->C:\scratch\2025.2\hls_product\666\2025.2\src\shared\hls\clib\hlsmath\src\c++\sincoshotbmfloat.cpp:45->chirp.cpp:86) [193]  (0.000 ns)
	'and' operation 1 bit ('results.sign', C:\scratch\2025.2\hls_product\666\2025.2\src\shared\hls\clib/hlsmath/include/FloatingPoint\hls_hotbm.h:282->C:\scratch\2025.2\hls_product\666\2025.2\src\shared\hls\clib\hlsmath\src\common\hls_hotbm_float.cpp:127->C:\scratch\2025.2\hls_product\666\2025.2\src\shared\hls\clib\hlsmath\src\c++\sincoshotbmfloat.cpp:13->C:\scratch\2025.2\hls_product\666\2025.2\src\shared\hls\clib\hlsmath\src\c++\sincoshotbmfloat.cpp:45->chirp.cpp:86) [200]  (2.064 ns)

 <State 59>: 6.665ns
The critical path consists of the following:
	'ctlz' operation 30 bit ('Mx_zeros', C:\scratch\2025.2\hls_product\666\2025.2\src\shared\hls\clib/hlsmath/include/FloatingPoint/hls_normalize.h:75->C:\scratch\2025.2\hls_product\666\2025.2\src\shared\hls\clib/hlsmath/include/FloatingPoint/hls_range_redux.h:495->C:\scratch\2025.2\hls_product\666\2025.2\src\shared\hls\clib/hlsmath/include/FloatingPoint\hls_hotbm.h:239->C:\scratch\2025.2\hls_product\666\2025.2\src\shared\hls\clib\hlsmath\src\common\hls_hotbm_float.cpp:127->C:\scratch\2025.2\hls_product\666\2025.2\src\shared\hls\clib\hlsmath\src\c++\sincoshotbmfloat.cpp:13->C:\scratch\2025.2\hls_product\666\2025.2\src\shared\hls\clib\hlsmath\src\c++\sincoshotbmfloat.cpp:45->chirp.cpp:86) [105]  (2.060 ns)
	'shl' operation 58 bit ('shl_ln504', C:\scratch\2025.2\hls_product\666\2025.2\src\shared\hls\clib/hlsmath/include/FloatingPoint/hls_range_redux.h:504->C:\scratch\2025.2\hls_product\666\2025.2\src\shared\hls\clib/hlsmath/include/FloatingPoint\hls_hotbm.h:239->C:\scratch\2025.2\hls_product\666\2025.2\src\shared\hls\clib\hlsmath\src\common\hls_hotbm_float.cpp:127->C:\scratch\2025.2\hls_product\666\2025.2\src\shared\hls\clib\hlsmath\src\c++\sincoshotbmfloat.cpp:13->C:\scratch\2025.2\hls_product\666\2025.2\src\shared\hls\clib\hlsmath\src\c++\sincoshotbmfloat.cpp:45->chirp.cpp:86) [107]  (4.605 ns)

 <State 60>: 6.285ns
The critical path consists of the following:
	'select' operation 8 bit ('select_ln506', C:\scratch\2025.2\hls_product\666\2025.2\src\shared\hls\clib/hlsmath/include/FloatingPoint/hls_range_redux.h:506->C:\scratch\2025.2\hls_product\666\2025.2\src\shared\hls\clib/hlsmath/include/FloatingPoint\hls_hotbm.h:239->C:\scratch\2025.2\hls_product\666\2025.2\src\shared\hls\clib\hlsmath\src\common\hls_hotbm_float.cpp:127->C:\scratch\2025.2\hls_product\666\2025.2\src\shared\hls\clib\hlsmath\src\c++\sincoshotbmfloat.cpp:13->C:\scratch\2025.2\hls_product\666\2025.2\src\shared\hls\clib\hlsmath\src\c++\sincoshotbmfloat.cpp:45->chirp.cpp:86) [113]  (1.248 ns)
	'shl' operation 32 bit ('shl_ln506', C:\scratch\2025.2\hls_product\666\2025.2\src\shared\hls\clib/hlsmath/include/FloatingPoint/hls_range_redux.h:506->C:\scratch\2025.2\hls_product\666\2025.2\src\shared\hls\clib/hlsmath/include/FloatingPoint\hls_hotbm.h:239->C:\scratch\2025.2\hls_product\666\2025.2\src\shared\hls\clib\hlsmath\src\common\hls_hotbm_float.cpp:127->C:\scratch\2025.2\hls_product\666\2025.2\src\shared\hls\clib\hlsmath\src\c++\sincoshotbmfloat.cpp:13->C:\scratch\2025.2\hls_product\666\2025.2\src\shared\hls\clib\hlsmath\src\c++\sincoshotbmfloat.cpp:45->chirp.cpp:86) [117]  (4.339 ns)
	'select' operation 32 bit ('select_ln506_1', C:\scratch\2025.2\hls_product\666\2025.2\src\shared\hls\clib/hlsmath/include/FloatingPoint/hls_range_redux.h:506->C:\scratch\2025.2\hls_product\666\2025.2\src\shared\hls\clib/hlsmath/include/FloatingPoint\hls_hotbm.h:239->C:\scratch\2025.2\hls_product\666\2025.2\src\shared\hls\clib\hlsmath\src\common\hls_hotbm_float.cpp:127->C:\scratch\2025.2\hls_product\666\2025.2\src\shared\hls\clib\hlsmath\src\c++\sincoshotbmfloat.cpp:13->C:\scratch\2025.2\hls_product\666\2025.2\src\shared\hls\clib\hlsmath\src\c++\sincoshotbmfloat.cpp:45->chirp.cpp:86) [118]  (0.698 ns)

 <State 61>: 2.322ns
The critical path consists of the following:
	'getelementptr' operation 8 bit ('second_order_float_sin_cos_K0_addr', C:\scratch\2025.2\hls_product\666\2025.2\src\shared\hls\clib\hlsmath\src\common\hls_hotbm_float.cpp:28->C:\scratch\2025.2\hls_product\666\2025.2\src\shared\hls\clib/hlsmath/include/FloatingPoint\hls_hotbm.h:250->C:\scratch\2025.2\hls_product\666\2025.2\src\shared\hls\clib\hlsmath\src\common\hls_hotbm_float.cpp:127->C:\scratch\2025.2\hls_product\666\2025.2\src\shared\hls\clib\hlsmath\src\c++\sincoshotbmfloat.cpp:13->C:\scratch\2025.2\hls_product\666\2025.2\src\shared\hls\clib\hlsmath\src\c++\sincoshotbmfloat.cpp:45->chirp.cpp:86) [134]  (0.000 ns)
	'load' operation 30 bit ('second_order_float_sin_cos_K0_load', C:\scratch\2025.2\hls_product\666\2025.2\src\shared\hls\clib\hlsmath\src\common\hls_hotbm_float.cpp:28->C:\scratch\2025.2\hls_product\666\2025.2\src\shared\hls\clib/hlsmath/include/FloatingPoint\hls_hotbm.h:250->C:\scratch\2025.2\hls_product\666\2025.2\src\shared\hls\clib\hlsmath\src\common\hls_hotbm_float.cpp:127->C:\scratch\2025.2\hls_product\666\2025.2\src\shared\hls\clib\hlsmath\src\c++\sincoshotbmfloat.cpp:13->C:\scratch\2025.2\hls_product\666\2025.2\src\shared\hls\clib\hlsmath\src\c++\sincoshotbmfloat.cpp:45->chirp.cpp:86) on array 'second_order_float_sin_cos_K0' [135]  (2.322 ns)

 <State 62>: 5.590ns
The critical path consists of the following:
	'mul' operation 30 bit ('mul_ln23', C:\scratch\2025.2\hls_product\666\2025.2\src\shared\hls\clib\hlsmath\src\common\hls_hotbm_float.cpp:23->C:\scratch\2025.2\hls_product\666\2025.2\src\shared\hls\clib/hlsmath/include/FloatingPoint\hls_hotbm.h:250->C:\scratch\2025.2\hls_product\666\2025.2\src\shared\hls\clib\hlsmath\src\common\hls_hotbm_float.cpp:127->C:\scratch\2025.2\hls_product\666\2025.2\src\shared\hls\clib\hlsmath\src\c++\sincoshotbmfloat.cpp:13->C:\scratch\2025.2\hls_product\666\2025.2\src\shared\hls\clib\hlsmath\src\c++\sincoshotbmfloat.cpp:45->chirp.cpp:86) [129]  (5.590 ns)

 <State 63>: 6.430ns
The critical path consists of the following:
	'mul' operation 45 bit ('mul_ln29', C:\scratch\2025.2\hls_product\666\2025.2\src\shared\hls\clib\hlsmath\src\common\hls_hotbm_float.cpp:29->C:\scratch\2025.2\hls_product\666\2025.2\src\shared\hls\clib/hlsmath/include/FloatingPoint\hls_hotbm.h:250->C:\scratch\2025.2\hls_product\666\2025.2\src\shared\hls\clib\hlsmath\src\common\hls_hotbm_float.cpp:127->C:\scratch\2025.2\hls_product\666\2025.2\src\shared\hls\clib\hlsmath\src\c++\sincoshotbmfloat.cpp:13->C:\scratch\2025.2\hls_product\666\2025.2\src\shared\hls\clib\hlsmath\src\c++\sincoshotbmfloat.cpp:45->chirp.cpp:86) [141]  (6.430 ns)

 <State 64>: 4.312ns
The critical path consists of the following:
	'add' operation 30 bit ('add_ln32', C:\scratch\2025.2\hls_product\666\2025.2\src\shared\hls\clib\hlsmath\src\common\hls_hotbm_float.cpp:32->C:\scratch\2025.2\hls_product\666\2025.2\src\shared\hls\clib/hlsmath/include/FloatingPoint\hls_hotbm.h:250->C:\scratch\2025.2\hls_product\666\2025.2\src\shared\hls\clib\hlsmath\src\common\hls_hotbm_float.cpp:127->C:\scratch\2025.2\hls_product\666\2025.2\src\shared\hls\clib\hlsmath\src\c++\sincoshotbmfloat.cpp:13->C:\scratch\2025.2\hls_product\666\2025.2\src\shared\hls\clib\hlsmath\src\c++\sincoshotbmfloat.cpp:45->chirp.cpp:86) [150]  (0.000 ns)
	'add' operation 30 bit ('add_ln32_1', C:\scratch\2025.2\hls_product\666\2025.2\src\shared\hls\clib\hlsmath\src\common\hls_hotbm_float.cpp:32->C:\scratch\2025.2\hls_product\666\2025.2\src\shared\hls\clib/hlsmath/include/FloatingPoint\hls_hotbm.h:250->C:\scratch\2025.2\hls_product\666\2025.2\src\shared\hls\clib\hlsmath\src\common\hls_hotbm_float.cpp:127->C:\scratch\2025.2\hls_product\666\2025.2\src\shared\hls\clib\hlsmath\src\c++\sincoshotbmfloat.cpp:13->C:\scratch\2025.2\hls_product\666\2025.2\src\shared\hls\clib\hlsmath\src\c++\sincoshotbmfloat.cpp:45->chirp.cpp:86) [152]  (4.312 ns)

 <State 65>: 6.912ns
The critical path consists of the following:
	'mul' operation 58 bit ('mul_ln32', C:\scratch\2025.2\hls_product\666\2025.2\src\shared\hls\clib\hlsmath\src\common\hls_hotbm_float.cpp:32->C:\scratch\2025.2\hls_product\666\2025.2\src\shared\hls\clib/hlsmath/include/FloatingPoint\hls_hotbm.h:250->C:\scratch\2025.2\hls_product\666\2025.2\src\shared\hls\clib\hlsmath\src\common\hls_hotbm_float.cpp:127->C:\scratch\2025.2\hls_product\666\2025.2\src\shared\hls\clib\hlsmath\src\c++\sincoshotbmfloat.cpp:13->C:\scratch\2025.2\hls_product\666\2025.2\src\shared\hls\clib\hlsmath\src\c++\sincoshotbmfloat.cpp:45->chirp.cpp:86) [155]  (6.912 ns)

 <State 66>: 6.912ns
The critical path consists of the following:
	'mul' operation 58 bit ('mul_ln32', C:\scratch\2025.2\hls_product\666\2025.2\src\shared\hls\clib\hlsmath\src\common\hls_hotbm_float.cpp:32->C:\scratch\2025.2\hls_product\666\2025.2\src\shared\hls\clib/hlsmath/include/FloatingPoint\hls_hotbm.h:250->C:\scratch\2025.2\hls_product\666\2025.2\src\shared\hls\clib\hlsmath\src\common\hls_hotbm_float.cpp:127->C:\scratch\2025.2\hls_product\666\2025.2\src\shared\hls\clib\hlsmath\src\c++\sincoshotbmfloat.cpp:13->C:\scratch\2025.2\hls_product\666\2025.2\src\shared\hls\clib\hlsmath\src\c++\sincoshotbmfloat.cpp:45->chirp.cpp:86) [155]  (6.912 ns)

 <State 67>: 6.441ns
The critical path consists of the following:
	'ctlz' operation 32 bit ('c', C:\scratch\2025.2\hls_product\666\2025.2\src\shared\hls\clib/hlsmath/include/FloatingPoint/hls_normalize.h:81->C:\scratch\2025.2\hls_product\666\2025.2\src\shared\hls\clib/src/hls\utils/x_hls_float_utils.h:283->C:\scratch\2025.2\hls_product\666\2025.2\src\shared\hls\clib/hlsmath/include/FloatingPoint\hls_hotbm.h:252->C:\scratch\2025.2\hls_product\666\2025.2\src\shared\hls\clib\hlsmath\src\common\hls_hotbm_float.cpp:127->C:\scratch\2025.2\hls_product\666\2025.2\src\shared\hls\clib\hlsmath\src\c++\sincoshotbmfloat.cpp:13->C:\scratch\2025.2\hls_product\666\2025.2\src\shared\hls\clib\hlsmath\src\c++\sincoshotbmfloat.cpp:45->chirp.cpp:86) [162]  (2.129 ns)
	'shl' operation 28 bit ('in_shift', C:\scratch\2025.2\hls_product\666\2025.2\src\shared\hls\clib/src/hls\utils/x_hls_float_utils.h:291->C:\scratch\2025.2\hls_product\666\2025.2\src\shared\hls\clib/hlsmath/include/FloatingPoint\hls_hotbm.h:252->C:\scratch\2025.2\hls_product\666\2025.2\src\shared\hls\clib\hlsmath\src\common\hls_hotbm_float.cpp:127->C:\scratch\2025.2\hls_product\666\2025.2\src\shared\hls\clib\hlsmath\src\c++\sincoshotbmfloat.cpp:13->C:\scratch\2025.2\hls_product\666\2025.2\src\shared\hls\clib\hlsmath\src\c++\sincoshotbmfloat.cpp:45->chirp.cpp:86) [169]  (4.312 ns)

 <State 68>: 7.139ns
The critical path consists of the following:
	'select' operation 5 bit ('shift', C:\scratch\2025.2\hls_product\666\2025.2\src\shared\hls\clib/src/hls\utils/x_hls_float_utils.h:292->C:\scratch\2025.2\hls_product\666\2025.2\src\shared\hls\clib/hlsmath/include/FloatingPoint\hls_hotbm.h:252->C:\scratch\2025.2\hls_product\666\2025.2\src\shared\hls\clib\hlsmath\src\common\hls_hotbm_float.cpp:127->C:\scratch\2025.2\hls_product\666\2025.2\src\shared\hls\clib\hlsmath\src\c++\sincoshotbmfloat.cpp:13->C:\scratch\2025.2\hls_product\666\2025.2\src\shared\hls\clib\hlsmath\src\c++\sincoshotbmfloat.cpp:45->chirp.cpp:86) [173]  (1.215 ns)
	'sub' operation 9 bit ('newexp', C:\scratch\2025.2\hls_product\666\2025.2\src\shared\hls\clib/src/hls\utils/x_hls_float_utils.h:300->C:\scratch\2025.2\hls_product\666\2025.2\src\shared\hls\clib/hlsmath/include/FloatingPoint\hls_hotbm.h:252->C:\scratch\2025.2\hls_product\666\2025.2\src\shared\hls\clib\hlsmath\src\common\hls_hotbm_float.cpp:127->C:\scratch\2025.2\hls_product\666\2025.2\src\shared\hls\clib\hlsmath\src\c++\sincoshotbmfloat.cpp:13->C:\scratch\2025.2\hls_product\666\2025.2\src\shared\hls\clib\hlsmath\src\c++\sincoshotbmfloat.cpp:45->chirp.cpp:86) [176]  (3.698 ns)
	'or' operation 1 bit ('or_ln306', C:\scratch\2025.2\hls_product\666\2025.2\src\shared\hls\clib/src/hls\utils/x_hls_float_utils.h:306->C:\scratch\2025.2\hls_product\666\2025.2\src\shared\hls\clib/hlsmath/include/FloatingPoint\hls_hotbm.h:252->C:\scratch\2025.2\hls_product\666\2025.2\src\shared\hls\clib\hlsmath\src\common\hls_hotbm_float.cpp:127->C:\scratch\2025.2\hls_product\666\2025.2\src\shared\hls\clib\hlsmath\src\c++\sincoshotbmfloat.cpp:13->C:\scratch\2025.2\hls_product\666\2025.2\src\shared\hls\clib\hlsmath\src\c++\sincoshotbmfloat.cpp:45->chirp.cpp:86) [179]  (0.000 ns)
	'or' operation 1 bit ('or_ln282', C:\scratch\2025.2\hls_product\666\2025.2\src\shared\hls\clib/hlsmath/include/FloatingPoint\hls_hotbm.h:282->C:\scratch\2025.2\hls_product\666\2025.2\src\shared\hls\clib\hlsmath\src\common\hls_hotbm_float.cpp:127->C:\scratch\2025.2\hls_product\666\2025.2\src\shared\hls\clib\hlsmath\src\c++\sincoshotbmfloat.cpp:13->C:\scratch\2025.2\hls_product\666\2025.2\src\shared\hls\clib\hlsmath\src\c++\sincoshotbmfloat.cpp:45->chirp.cpp:86) [195]  (0.978 ns)
	'select' operation 8 bit ('results.exp', C:\scratch\2025.2\hls_product\666\2025.2\src\shared\hls\clib/hlsmath/include/FloatingPoint\hls_hotbm.h:282->C:\scratch\2025.2\hls_product\666\2025.2\src\shared\hls\clib\hlsmath\src\common\hls_hotbm_float.cpp:127->C:\scratch\2025.2\hls_product\666\2025.2\src\shared\hls\clib\hlsmath\src\c++\sincoshotbmfloat.cpp:13->C:\scratch\2025.2\hls_product\666\2025.2\src\shared\hls\clib\hlsmath\src\c++\sincoshotbmfloat.cpp:45->chirp.cpp:86) [196]  (0.000 ns)
	'select' operation 8 bit ('results.exp', C:\scratch\2025.2\hls_product\666\2025.2\src\shared\hls\clib/hlsmath/include/FloatingPoint\hls_hotbm.h:271->C:\scratch\2025.2\hls_product\666\2025.2\src\shared\hls\clib\hlsmath\src\common\hls_hotbm_float.cpp:127->C:\scratch\2025.2\hls_product\666\2025.2\src\shared\hls\clib\hlsmath\src\c++\sincoshotbmfloat.cpp:13->C:\scratch\2025.2\hls_product\666\2025.2\src\shared\hls\clib\hlsmath\src\c++\sincoshotbmfloat.cpp:45->chirp.cpp:86) [201]  (1.248 ns)

 <State 69>: 1.588ns
The critical path consists of the following:
	multiplexor before 'phi' operation 32 bit ('t') with incoming values : ('t', C:\scratch\2025.2\hls_product\666\2025.2\src\shared\hls\clib/src/hls\utils/x_hls_utils.h:313->C:\scratch\2025.2\hls_product\666\2025.2\src\shared\hls\clib/src/hls\utils/x_hls_utils.h:326->C:\scratch\2025.2\hls_product\666\2025.2\src\shared\hls\clib/src/hls\utils/x_hls_utils.h:347->C:\scratch\2025.2\hls_product\666\2025.2\src\shared\hls\clib/hlsmath/include/FloatingPoint\hls_hotbm.h:287->C:\scratch\2025.2\hls_product\666\2025.2\src\shared\hls\clib\hlsmath\src\common\hls_hotbm_float.cpp:127->C:\scratch\2025.2\hls_product\666\2025.2\src\shared\hls\clib\hlsmath\src\c++\sincoshotbmfloat.cpp:13->C:\scratch\2025.2\hls_product\666\2025.2\src\shared\hls\clib\hlsmath\src\c++\sincoshotbmfloat.cpp:45->chirp.cpp:86) [206]  (1.588 ns)
	'phi' operation 32 bit ('t') with incoming values : ('t', C:\scratch\2025.2\hls_product\666\2025.2\src\shared\hls\clib/src/hls\utils/x_hls_utils.h:313->C:\scratch\2025.2\hls_product\666\2025.2\src\shared\hls\clib/src/hls\utils/x_hls_utils.h:326->C:\scratch\2025.2\hls_product\666\2025.2\src\shared\hls\clib/src/hls\utils/x_hls_utils.h:347->C:\scratch\2025.2\hls_product\666\2025.2\src\shared\hls\clib/hlsmath/include/FloatingPoint\hls_hotbm.h:287->C:\scratch\2025.2\hls_product\666\2025.2\src\shared\hls\clib\hlsmath\src\common\hls_hotbm_float.cpp:127->C:\scratch\2025.2\hls_product\666\2025.2\src\shared\hls\clib\hlsmath\src\c++\sincoshotbmfloat.cpp:13->C:\scratch\2025.2\hls_product\666\2025.2\src\shared\hls\clib\hlsmath\src\c++\sincoshotbmfloat.cpp:45->chirp.cpp:86) [206]  (0.000 ns)


============================================================
+ Verbose Summary: Binding
============================================================
N/A
* FSMD analyzer results:
  - Output states:
 - Input state : 
  - Chain level:
	State 1
	State 2
	State 3
	State 4
	State 5
	State 6
	State 7
	State 8
	State 9
	State 10
	State 11
	State 12
	State 13
	State 14
	State 15
	State 16
	State 17
	State 18
	State 19
	State 20
	State 21
	State 22
	State 23
	State 24
	State 25
	State 26
	State 27
	State 28
	State 29
	State 30
	State 31
	State 32
	State 33
	State 34
	State 35
	State 36
	State 37
	State 38
	State 39
	State 40
	State 41
	State 42
	State 43
	State 44
	State 45
	State 46
	State 47
	State 48
	State 49
	State 50
	State 51
	State 52
	State 53
	State 54
	State 55
	State 56
	State 57
	State 58
	State 59
	State 60
	State 61
	State 62
	State 63
	State 64
	State 65
	State 66
	State 67
	State 68
	State 69


============================================================
+ Verbose Summary: Datapath Resource usage 
============================================================
N/A
