Copyright 1986-2022 Xilinx, Inc. All Rights Reserved. Copyright 2022-2025 Advanced Micro Devices, Inc. All Rights Reserved.
------------------------------------------------------------------------------------------------------------------------------------------------------------------------------------------------------------------------------------------------
| Tool Version : Vivado v.2025.2 (win64) Build 6299465 Fri Nov 14 19:35:11 GMT 2025
| Date         : Tue Aug 18 15:04:17 2026
| Host         : BHARADWAJ running 64-bit major release  (build 9200)
| Command      : report_timing_summary -max_paths 10 -routable_nets -report_unconstrained -file bd_0_wrapper_timing_summary_routed.rpt -pb bd_0_wrapper_timing_summary_routed.pb -rpx bd_0_wrapper_timing_summary_routed.rpx -warn_on_violation
| Design       : bd_0_wrapper
| Device       : 7z020-clg484
| Speed File   : -1  PRODUCTION 1.12 2019-11-22
| Design State : Routed
------------------------------------------------------------------------------------------------------------------------------------------------------------------------------------------------------------------------------------------------

Timing Summary Report

------------------------------------------------------------------------------------------------
| Timer Settings
| --------------
------------------------------------------------------------------------------------------------

  Enable Multi Corner Analysis               :  Yes
  Enable Pessimism Removal                   :  Yes
  Pessimism Removal Resolution               :  Nearest Common Node
  Enable Input Delay Default Clock           :  No
  Enable Preset / Clear Arcs                 :  No
  Disable Flight Delays                      :  No
  Ignore I/O Paths                           :  No
  Timing Early Launch at Borrowing Latches   :  No
  Borrow Time for Max Delay Exceptions       :  Yes
  Merge Timing Exceptions                    :  Yes
  Inter-SLR Compensation                     :  Conservative

  Corner  Analyze    Analyze    
  Name    Max Paths  Min Paths  
  ------  ---------  ---------  
  Slow    Yes        Yes        
  Fast    Yes        Yes        


------------------------------------------------------------------------------------------------
| Report Methodology
| ------------------
------------------------------------------------------------------------------------------------

Rule       Severity  Description                    Violations  
---------  --------  -----------------------------  ----------  
TIMING-18  Warning   Missing input or output delay  253         

Note: This report is based on the most recent report_methodology run and may not be up-to-date. Run report_methodology on the current design for the latest report.



check_timing report

Table of Contents
-----------------
1. checking no_clock (0)
2. checking constant_clock (0)
3. checking pulse_width_clock (0)
4. checking unconstrained_internal_endpoints (0)
5. checking no_input_delay (194)
6. checking no_output_delay (59)
7. checking multiple_clock (0)
8. checking generated_clocks (0)
9. checking loops (0)
10. checking partial_input_delay (0)
11. checking partial_output_delay (0)
12. checking latch_loops (0)

1. checking no_clock (0)
------------------------
 There are 0 register/latch pins with no clock.


2. checking constant_clock (0)
------------------------------
 There are 0 register/latch pins with constant_clock.


3. checking pulse_width_clock (0)
---------------------------------
 There are 0 register/latch pins which need pulse_width check


4. checking unconstrained_internal_endpoints (0)
------------------------------------------------
 There are 0 pins that are not constrained for maximum delay.

 There are 0 pins that are not constrained for maximum delay due to constant clock.


5. checking no_input_delay (194)
--------------------------------
 There are 194 input ports with no input delay specified. (HIGH)

 There are 0 input ports with no input delay but user has a false path constraint.


6. checking no_output_delay (59)
--------------------------------
 There are 59 ports with no output delay specified. (HIGH)

 There are 0 ports with no output delay but user has a false path constraint

 There are 0 ports with no output delay but with a timing clock defined on it or propagating through it


7. checking multiple_clock (0)
------------------------------
 There are 0 register/latch pins with multiple clocks.


8. checking generated_clocks (0)
--------------------------------
 There are 0 generated clocks that are not connected to a clock source.


9. checking loops (0)
---------------------
 There are 0 combinational loops in the design.


10. checking partial_input_delay (0)
------------------------------------
 There are 0 input ports with partial input delay specified.


11. checking partial_output_delay (0)
-------------------------------------
 There are 0 ports with partial output delay specified.


12. checking latch_loops (0)
----------------------------
 There are 0 combinational latch loops in the design through latch input



------------------------------------------------------------------------------------------------
| Design Timing Summary
| ---------------------
------------------------------------------------------------------------------------------------

    WNS(ns)      TNS(ns)  TNS Failing Endpoints  TNS Total Endpoints      WHS(ns)      THS(ns)  THS Failing Endpoints  THS Total Endpoints     WPWS(ns)     TPWS(ns)  TPWS Failing Endpoints  TPWS Total Endpoints  
    -------      -------  ---------------------  -------------------      -------      -------  ---------------------  -------------------     --------     --------  ----------------------  --------------------  
      1.152        0.000                      0                 5433        0.053        0.000                      0                 5433        4.020        0.000                       0                  3504  


All user specified timing constraints are met.


------------------------------------------------------------------------------------------------
| Clock Summary
| -------------
------------------------------------------------------------------------------------------------

Clock   Waveform(ns)       Period(ns)      Frequency(MHz)
-----   ------------       ----------      --------------
ap_clk  {0.000 5.000}      10.000          100.000         


------------------------------------------------------------------------------------------------
| Intra Clock Table
| -----------------
------------------------------------------------------------------------------------------------

Clock             WNS(ns)      TNS(ns)  TNS Failing Endpoints  TNS Total Endpoints      WHS(ns)      THS(ns)  THS Failing Endpoints  THS Total Endpoints     WPWS(ns)     TPWS(ns)  TPWS Failing Endpoints  TPWS Total Endpoints  
-----             -------      -------  ---------------------  -------------------      -------      -------  ---------------------  -------------------     --------     --------  ----------------------  --------------------  
ap_clk              1.152        0.000                      0                 5433        0.053        0.000                      0                 5433        4.020        0.000                       0                  3504  


------------------------------------------------------------------------------------------------
| Inter Clock Table
| -----------------
------------------------------------------------------------------------------------------------

From Clock    To Clock          WNS(ns)      TNS(ns)  TNS Failing Endpoints  TNS Total Endpoints      WHS(ns)      THS(ns)  THS Failing Endpoints  THS Total Endpoints  
----------    --------          -------      -------  ---------------------  -------------------      -------      -------  ---------------------  -------------------  


------------------------------------------------------------------------------------------------
| Other Path Groups Table
| -----------------------
------------------------------------------------------------------------------------------------

Path Group    From Clock    To Clock          WNS(ns)      TNS(ns)  TNS Failing Endpoints  TNS Total Endpoints      WHS(ns)      THS(ns)  THS Failing Endpoints  THS Total Endpoints  
----------    ----------    --------          -------      -------  ---------------------  -------------------      -------      -------  ---------------------  -------------------  


------------------------------------------------------------------------------------------------
| User Ignored Path Table
| -----------------------
------------------------------------------------------------------------------------------------

Path Group    From Clock    To Clock    
----------    ----------    --------    


------------------------------------------------------------------------------------------------
| Unconstrained Path Table
| ------------------------
------------------------------------------------------------------------------------------------

Path Group    From Clock    To Clock    
----------    ----------    --------    
(none)                                    
(none)        ap_clk                      
(none)                      ap_clk        


------------------------------------------------------------------------------------------------
| Timing Details
| --------------
------------------------------------------------------------------------------------------------


---------------------------------------------------------------------------------------------------
From Clock:  ap_clk
  To Clock:  ap_clk

Setup :            0  Failing Endpoints,  Worst Slack        1.152ns,  Total Violation        0.000ns
Hold  :            0  Failing Endpoints,  Worst Slack        0.053ns,  Total Violation        0.000ns
PW    :            0  Failing Endpoints,  Worst Slack        4.020ns,  Total Violation        0.000ns
---------------------------------------------------------------------------------------------------


Max Delay Paths
--------------------------------------------------------------------------------------
Slack (MET) :             1.152ns  (required time - arrival time)
  Source:                 bd_0_wrapper/bd_0/bd_0_hls_inst_0/bd_0_hls_inst_0_chirp/bd_0_hls_inst_0_chirp_chirp_Pipeline_VITIS_LOOP_60_1_VITIS_LOOP_63_2/bd_0_hls_inst_0_chirp_fadd_32ns_32ns_32_5_full_dsp_1/bd_0_hls_inst_0_chirp_fadd_32ns_32ns_32_5_full_dsp_1_ip/<hidden>/<hidden>/<hidden>/<hidden>/<hidden>/<hidden>/<hidden>
                            (rising edge-triggered cell FDRE clocked by ap_clk  {rise@0.000ns fall@5.000ns period=10.000ns})
  Destination:            bd_0_wrapper/bd_0/bd_0_hls_inst_0/bd_0_hls_inst_0_chirp/bd_0_hls_inst_0_chirp_chirp_Pipeline_VITIS_LOOP_60_1_VITIS_LOOP_63_2/bd_0_hls_inst_0_chirp_fadd_32ns_32ns_32_5_full_dsp_1/bd_0_hls_inst_0_chirp_fadd_32ns_32ns_32_5_full_dsp_1_ip/<hidden>/<hidden>/<hidden>/<hidden>/<hidden>/<hidden>
                            (rising edge-triggered cell DSP48E1 clocked by ap_clk  {rise@0.000ns fall@5.000ns period=10.000ns})
  Path Group:             ap_clk
  Path Type:              Setup (Max at Slow Process Corner)
  Requirement:            10.000ns  (ap_clk rise@10.000ns - ap_clk rise@0.000ns)
  Data Path Delay:        3.207ns  (logic 0.642ns (20.018%)  route 2.565ns (79.982%))
  Logic Levels:           1  (LUT6=1)
  Clock Path Skew:        -0.049ns (DCD - SCD + CPR)
    Destination Clock Delay (DCD):    0.924ns = ( 10.924 - 10.000 ) 
    Source Clock Delay      (SCD):    0.973ns
    Clock Pessimism Removal (CPR):    0.000ns
  Clock Uncertainty:      0.035ns  ((TSJ^2 + TIJ^2)^1/2 + DJ) / 2 + PE
    Total System Jitter     (TSJ):    0.071ns
    Total Input Jitter      (TIJ):    0.000ns
    Discrete Jitter          (DJ):    0.000ns
    Phase Error              (PE):    0.000ns

    Location             Delay type                Incr(ns)  Path(ns)    Netlist Resource(s)
  -------------------------------------------------------------------    -------------------
                         (clock ap_clk rise edge)     0.000     0.000 r  
                                                      0.000     0.000 r  ap_clk (IN)
                         net (fo=3516, unset)         0.973     0.973    bd_0_wrapper/bd_0/bd_0_hls_inst_0/bd_0_hls_inst_0_chirp/bd_0_hls_inst_0_chirp_chirp_Pipeline_VITIS_LOOP_60_1_VITIS_LOOP_63_2/bd_0_hls_inst_0_chirp_fadd_32ns_32ns_32_5_full_dsp_1/bd_0_hls_inst_0_chirp_fadd_32ns_32ns_32_5_full_dsp_1_ip/<hidden>/<hidden>/<hidden>/<hidden>/<hidden>/<hidden>/<hidden>
    SLICE_X54Y78         FDRE                                         r  bd_0_wrapper/bd_0/bd_0_hls_inst_0/bd_0_hls_inst_0_chirp/bd_0_hls_inst_0_chirp_chirp_Pipeline_VITIS_LOOP_60_1_VITIS_LOOP_63_2/bd_0_hls_inst_0_chirp_fadd_32ns_32ns_32_5_full_dsp_1/bd_0_hls_inst_0_chirp_fadd_32ns_32ns_32_5_full_dsp_1_ip/<hidden>/<hidden>/<hidden>/<hidden>/<hidden>/<hidden>/<hidden>
  -------------------------------------------------------------------    -------------------
    SLICE_X54Y78         FDRE (Prop_fdre_C_Q)         0.518     1.491 r  bd_0_wrapper/bd_0/bd_0_hls_inst_0/bd_0_hls_inst_0_chirp/bd_0_hls_inst_0_chirp_chirp_Pipeline_VITIS_LOOP_60_1_VITIS_LOOP_63_2/bd_0_hls_inst_0_chirp_fadd_32ns_32ns_32_5_full_dsp_1/bd_0_hls_inst_0_chirp_fadd_32ns_32ns_32_5_full_dsp_1_ip/<hidden>/<hidden>/<hidden>/<hidden>/<hidden>/<hidden>/<hidden>
                         net (fo=20, routed)          1.527     3.018    bd_0_wrapper/bd_0/bd_0_hls_inst_0/bd_0_hls_inst_0_chirp/bd_0_hls_inst_0_chirp_chirp_Pipeline_VITIS_LOOP_60_1_VITIS_LOOP_63_2/bd_0_hls_inst_0_chirp_fadd_32ns_32ns_32_5_full_dsp_1/bd_0_hls_inst_0_chirp_fadd_32ns_32ns_32_5_full_dsp_1_ip/<hidden>/<hidden>/<hidden>/<hidden>/<hidden>/<hidden>/<hidden>
    SLICE_X49Y74         LUT6 (Prop_lut6_I1_O)        0.124     3.142 r  bd_0_wrapper/bd_0/bd_0_hls_inst_0/bd_0_hls_inst_0_chirp/bd_0_hls_inst_0_chirp_chirp_Pipeline_VITIS_LOOP_60_1_VITIS_LOOP_63_2/bd_0_hls_inst_0_chirp_fadd_32ns_32ns_32_5_full_dsp_1/bd_0_hls_inst_0_chirp_fadd_32ns_32ns_32_5_full_dsp_1_ip/<hidden>/<hidden>/<hidden>/<hidden>/<hidden>/<hidden>/<hidden>
                         net (fo=2, routed)           1.038     4.180    bd_0_wrapper/bd_0/bd_0_hls_inst_0/bd_0_hls_inst_0_chirp/bd_0_hls_inst_0_chirp_chirp_Pipeline_VITIS_LOOP_60_1_VITIS_LOOP_63_2/bd_0_hls_inst_0_chirp_fadd_32ns_32ns_32_5_full_dsp_1/bd_0_hls_inst_0_chirp_fadd_32ns_32ns_32_5_full_dsp_1_ip/<hidden>/<hidden>/<hidden>/<hidden>/<hidden>/<hidden>
    DSP48_X2Y29          DSP48E1                                      r  bd_0_wrapper/bd_0/bd_0_hls_inst_0/bd_0_hls_inst_0_chirp/bd_0_hls_inst_0_chirp_chirp_Pipeline_VITIS_LOOP_60_1_VITIS_LOOP_63_2/bd_0_hls_inst_0_chirp_fadd_32ns_32ns_32_5_full_dsp_1/bd_0_hls_inst_0_chirp_fadd_32ns_32ns_32_5_full_dsp_1_ip/<hidden>/<hidden>/<hidden>/<hidden>/<hidden>/<hidden>
  -------------------------------------------------------------------    -------------------

                         (clock ap_clk rise edge)    10.000    10.000 r  
                                                      0.000    10.000 r  ap_clk (IN)
                         net (fo=3516, unset)         0.924    10.924    bd_0_wrapper/bd_0/bd_0_hls_inst_0/bd_0_hls_inst_0_chirp/bd_0_hls_inst_0_chirp_chirp_Pipeline_VITIS_LOOP_60_1_VITIS_LOOP_63_2/bd_0_hls_inst_0_chirp_fadd_32ns_32ns_32_5_full_dsp_1/bd_0_hls_inst_0_chirp_fadd_32ns_32ns_32_5_full_dsp_1_ip/<hidden>/<hidden>/<hidden>/<hidden>/<hidden>/<hidden>
    DSP48_X2Y29          DSP48E1                                      r  bd_0_wrapper/bd_0/bd_0_hls_inst_0/bd_0_hls_inst_0_chirp/bd_0_hls_inst_0_chirp_chirp_Pipeline_VITIS_LOOP_60_1_VITIS_LOOP_63_2/bd_0_hls_inst_0_chirp_fadd_32ns_32ns_32_5_full_dsp_1/bd_0_hls_inst_0_chirp_fadd_32ns_32ns_32_5_full_dsp_1_ip/<hidden>/<hidden>/<hidden>/<hidden>/<hidden>/<hidden>
                         clock pessimism              0.000    10.924    
                         clock uncertainty           -0.035    10.889    
    DSP48_X2Y29          DSP48E1 (Setup_dsp48e1_CLK_INMODE[1])
                                                     -5.557     5.332    bd_0_wrapper/bd_0/bd_0_hls_inst_0/bd_0_hls_inst_0_chirp/bd_0_hls_inst_0_chirp_chirp_Pipeline_VITIS_LOOP_60_1_VITIS_LOOP_63_2/bd_0_hls_inst_0_chirp_fadd_32ns_32ns_32_5_full_dsp_1/bd_0_hls_inst_0_chirp_fadd_32ns_32ns_32_5_full_dsp_1_ip/<hidden>/<hidden>/<hidden>/<hidden>/<hidden>/<hidden>
  -------------------------------------------------------------------
                         required time                          5.332    
                         arrival time                          -4.180    
  -------------------------------------------------------------------
                         slack                                  1.152    

Slack (MET) :             1.238ns  (required time - arrival time)
  Source:                 bd_0_wrapper/bd_0/bd_0_hls_inst_0/bd_0_hls_inst_0_chirp/bd_0_hls_inst_0_chirp_chirp_Pipeline_VITIS_LOOP_60_1_VITIS_LOOP_63_2/bd_0_hls_inst_0_chirp_fadd_32ns_32ns_32_5_full_dsp_1/bd_0_hls_inst_0_chirp_fadd_32ns_32ns_32_5_full_dsp_1_ip/<hidden>/<hidden>/<hidden>/<hidden>/<hidden>/<hidden>/<hidden>/<hidden>
                            (rising edge-triggered cell FDRE clocked by ap_clk  {rise@0.000ns fall@5.000ns period=10.000ns})
  Destination:            bd_0_wrapper/bd_0/bd_0_hls_inst_0/bd_0_hls_inst_0_chirp/bd_0_hls_inst_0_chirp_chirp_Pipeline_VITIS_LOOP_60_1_VITIS_LOOP_63_2/bd_0_hls_inst_0_chirp_fadd_32ns_32ns_32_5_full_dsp_1/bd_0_hls_inst_0_chirp_fadd_32ns_32ns_32_5_full_dsp_1_ip/<hidden>/<hidden>/<hidden>/<hidden>/<hidden>/<hidden>
                            (rising edge-triggered cell DSP48E1 clocked by ap_clk  {rise@0.000ns fall@5.000ns period=10.000ns})
  Path Group:             ap_clk
  Path Type:              Setup (Max at Slow Process Corner)
  Requirement:            10.000ns  (ap_clk rise@10.000ns - ap_clk rise@0.000ns)
  Data Path Delay:        3.204ns  (logic 0.580ns (18.104%)  route 2.624ns (81.896%))
  Logic Levels:           1  (LUT3=1)
  Clock Path Skew:        -0.049ns (DCD - SCD + CPR)
    Destination Clock Delay (DCD):    0.924ns = ( 10.924 - 10.000 ) 
    Source Clock Delay      (SCD):    0.973ns
    Clock Pessimism Removal (CPR):    0.000ns
  Clock Uncertainty:      0.035ns  ((TSJ^2 + TIJ^2)^1/2 + DJ) / 2 + PE
    Total System Jitter     (TSJ):    0.071ns
    Total Input Jitter      (TIJ):    0.000ns
    Discrete Jitter          (DJ):    0.000ns
    Phase Error              (PE):    0.000ns

    Location             Delay type                Incr(ns)  Path(ns)    Netlist Resource(s)
  -------------------------------------------------------------------    -------------------
                         (clock ap_clk rise edge)     0.000     0.000 r  
                                                      0.000     0.000 r  ap_clk (IN)
                         net (fo=3516, unset)         0.973     0.973    bd_0_wrapper/bd_0/bd_0_hls_inst_0/bd_0_hls_inst_0_chirp/bd_0_hls_inst_0_chirp_chirp_Pipeline_VITIS_LOOP_60_1_VITIS_LOOP_63_2/bd_0_hls_inst_0_chirp_fadd_32ns_32ns_32_5_full_dsp_1/bd_0_hls_inst_0_chirp_fadd_32ns_32ns_32_5_full_dsp_1_ip/<hidden>/<hidden>/<hidden>/<hidden>/<hidden>/<hidden>/<hidden>/<hidden>
    SLICE_X52Y75         FDRE                                         r  bd_0_wrapper/bd_0/bd_0_hls_inst_0/bd_0_hls_inst_0_chirp/bd_0_hls_inst_0_chirp_chirp_Pipeline_VITIS_LOOP_60_1_VITIS_LOOP_63_2/bd_0_hls_inst_0_chirp_fadd_32ns_32ns_32_5_full_dsp_1/bd_0_hls_inst_0_chirp_fadd_32ns_32ns_32_5_full_dsp_1_ip/<hidden>/<hidden>/<hidden>/<hidden>/<hidden>/<hidden>/<hidden>/<hidden>
  -------------------------------------------------------------------    -------------------
    SLICE_X52Y75         FDRE (Prop_fdre_C_Q)         0.456     1.429 r  bd_0_wrapper/bd_0/bd_0_hls_inst_0/bd_0_hls_inst_0_chirp/bd_0_hls_inst_0_chirp_chirp_Pipeline_VITIS_LOOP_60_1_VITIS_LOOP_63_2/bd_0_hls_inst_0_chirp_fadd_32ns_32ns_32_5_full_dsp_1/bd_0_hls_inst_0_chirp_fadd_32ns_32ns_32_5_full_dsp_1_ip/<hidden>/<hidden>/<hidden>/<hidden>/<hidden>/<hidden>/<hidden>/<hidden>
                         net (fo=53, routed)          1.408     2.837    bd_0_wrapper/bd_0/bd_0_hls_inst_0/bd_0_hls_inst_0_chirp/bd_0_hls_inst_0_chirp_chirp_Pipeline_VITIS_LOOP_60_1_VITIS_LOOP_63_2/bd_0_hls_inst_0_chirp_fadd_32ns_32ns_32_5_full_dsp_1/bd_0_hls_inst_0_chirp_fadd_32ns_32ns_32_5_full_dsp_1_ip/<hidden>/<hidden>/<hidden>/<hidden>/<hidden>/<hidden>
    SLICE_X53Y70         LUT3 (Prop_lut3_I1_O)        0.124     2.961 r  bd_0_wrapper/bd_0/bd_0_hls_inst_0/bd_0_hls_inst_0_chirp/bd_0_hls_inst_0_chirp_chirp_Pipeline_VITIS_LOOP_60_1_VITIS_LOOP_63_2/bd_0_hls_inst_0_chirp_fadd_32ns_32ns_32_5_full_dsp_1/bd_0_hls_inst_0_chirp_fadd_32ns_32ns_32_5_full_dsp_1_ip/<hidden>/<hidden>/<hidden>/<hidden>/<hidden>/<hidden>
                         net (fo=2, routed)           1.216     4.177    bd_0_wrapper/bd_0/bd_0_hls_inst_0/bd_0_hls_inst_0_chirp/bd_0_hls_inst_0_chirp_chirp_Pipeline_VITIS_LOOP_60_1_VITIS_LOOP_63_2/bd_0_hls_inst_0_chirp_fadd_32ns_32ns_32_5_full_dsp_1/bd_0_hls_inst_0_chirp_fadd_32ns_32ns_32_5_full_dsp_1_ip/<hidden>/<hidden>/<hidden>/<hidden>/<hidden>/<hidden>
    DSP48_X2Y29          DSP48E1                                      r  bd_0_wrapper/bd_0/bd_0_hls_inst_0/bd_0_hls_inst_0_chirp/bd_0_hls_inst_0_chirp_chirp_Pipeline_VITIS_LOOP_60_1_VITIS_LOOP_63_2/bd_0_hls_inst_0_chirp_fadd_32ns_32ns_32_5_full_dsp_1/bd_0_hls_inst_0_chirp_fadd_32ns_32ns_32_5_full_dsp_1_ip/<hidden>/<hidden>/<hidden>/<hidden>/<hidden>/<hidden>
  -------------------------------------------------------------------    -------------------

                         (clock ap_clk rise edge)    10.000    10.000 r  
                                                      0.000    10.000 r  ap_clk (IN)
                         net (fo=3516, unset)         0.924    10.924    bd_0_wrapper/bd_0/bd_0_hls_inst_0/bd_0_hls_inst_0_chirp/bd_0_hls_inst_0_chirp_chirp_Pipeline_VITIS_LOOP_60_1_VITIS_LOOP_63_2/bd_0_hls_inst_0_chirp_fadd_32ns_32ns_32_5_full_dsp_1/bd_0_hls_inst_0_chirp_fadd_32ns_32ns_32_5_full_dsp_1_ip/<hidden>/<hidden>/<hidden>/<hidden>/<hidden>/<hidden>
    DSP48_X2Y29          DSP48E1                                      r  bd_0_wrapper/bd_0/bd_0_hls_inst_0/bd_0_hls_inst_0_chirp/bd_0_hls_inst_0_chirp_chirp_Pipeline_VITIS_LOOP_60_1_VITIS_LOOP_63_2/bd_0_hls_inst_0_chirp_fadd_32ns_32ns_32_5_full_dsp_1/bd_0_hls_inst_0_chirp_fadd_32ns_32ns_32_5_full_dsp_1_ip/<hidden>/<hidden>/<hidden>/<hidden>/<hidden>/<hidden>
                         clock pessimism              0.000    10.924    
                         clock uncertainty           -0.035    10.889    
    DSP48_X2Y29          DSP48E1 (Setup_dsp48e1_CLK_A[15])
                                                     -5.474     5.415    bd_0_wrapper/bd_0/bd_0_hls_inst_0/bd_0_hls_inst_0_chirp/bd_0_hls_inst_0_chirp_chirp_Pipeline_VITIS_LOOP_60_1_VITIS_LOOP_63_2/bd_0_hls_inst_0_chirp_fadd_32ns_32ns_32_5_full_dsp_1/bd_0_hls_inst_0_chirp_fadd_32ns_32ns_32_5_full_dsp_1_ip/<hidden>/<hidden>/<hidden>/<hidden>/<hidden>/<hidden>
  -------------------------------------------------------------------
                         required time                          5.415    
                         arrival time                          -4.177    
  -------------------------------------------------------------------
                         slack                                  1.238    

Slack (MET) :             1.292ns  (required time - arrival time)
  Source:                 bd_0_wrapper/bd_0/bd_0_hls_inst_0/bd_0_hls_inst_0_chirp/bd_0_hls_inst_0_chirp_chirp_Pipeline_VITIS_LOOP_60_1_VITIS_LOOP_63_2/bd_0_hls_inst_0_chirp_fadd_32ns_32ns_32_5_full_dsp_1/bd_0_hls_inst_0_chirp_fadd_32ns_32ns_32_5_full_dsp_1_ip/<hidden>/<hidden>/<hidden>/<hidden>/<hidden>/<hidden>/<hidden>
                            (rising edge-triggered cell FDRE clocked by ap_clk  {rise@0.000ns fall@5.000ns period=10.000ns})
  Destination:            bd_0_wrapper/bd_0/bd_0_hls_inst_0/bd_0_hls_inst_0_chirp/bd_0_hls_inst_0_chirp_chirp_Pipeline_VITIS_LOOP_60_1_VITIS_LOOP_63_2/bd_0_hls_inst_0_chirp_fadd_32ns_32ns_32_5_full_dsp_1/bd_0_hls_inst_0_chirp_fadd_32ns_32ns_32_5_full_dsp_1_ip/<hidden>/<hidden>/<hidden>/<hidden>/<hidden>/<hidden>
                            (rising edge-triggered cell DSP48E1 clocked by ap_clk  {rise@0.000ns fall@5.000ns period=10.000ns})
  Path Group:             ap_clk
  Path Type:              Setup (Max at Slow Process Corner)
  Requirement:            10.000ns  (ap_clk rise@10.000ns - ap_clk rise@0.000ns)
  Data Path Delay:        3.067ns  (logic 0.642ns (20.931%)  route 2.425ns (79.069%))
  Logic Levels:           1  (LUT6=1)
  Clock Path Skew:        -0.049ns (DCD - SCD + CPR)
    Destination Clock Delay (DCD):    0.924ns = ( 10.924 - 10.000 ) 
    Source Clock Delay      (SCD):    0.973ns
    Clock Pessimism Removal (CPR):    0.000ns
  Clock Uncertainty:      0.035ns  ((TSJ^2 + TIJ^2)^1/2 + DJ) / 2 + PE
    Total System Jitter     (TSJ):    0.071ns
    Total Input Jitter      (TIJ):    0.000ns
    Discrete Jitter          (DJ):    0.000ns
    Phase Error              (PE):    0.000ns

    Location             Delay type                Incr(ns)  Path(ns)    Netlist Resource(s)
  -------------------------------------------------------------------    -------------------
                         (clock ap_clk rise edge)     0.000     0.000 r  
                                                      0.000     0.000 r  ap_clk (IN)
                         net (fo=3516, unset)         0.973     0.973    bd_0_wrapper/bd_0/bd_0_hls_inst_0/bd_0_hls_inst_0_chirp/bd_0_hls_inst_0_chirp_chirp_Pipeline_VITIS_LOOP_60_1_VITIS_LOOP_63_2/bd_0_hls_inst_0_chirp_fadd_32ns_32ns_32_5_full_dsp_1/bd_0_hls_inst_0_chirp_fadd_32ns_32ns_32_5_full_dsp_1_ip/<hidden>/<hidden>/<hidden>/<hidden>/<hidden>/<hidden>/<hidden>
    SLICE_X54Y78         FDRE                                         r  bd_0_wrapper/bd_0/bd_0_hls_inst_0/bd_0_hls_inst_0_chirp/bd_0_hls_inst_0_chirp_chirp_Pipeline_VITIS_LOOP_60_1_VITIS_LOOP_63_2/bd_0_hls_inst_0_chirp_fadd_32ns_32ns_32_5_full_dsp_1/bd_0_hls_inst_0_chirp_fadd_32ns_32ns_32_5_full_dsp_1_ip/<hidden>/<hidden>/<hidden>/<hidden>/<hidden>/<hidden>/<hidden>
  -------------------------------------------------------------------    -------------------
    SLICE_X54Y78         FDRE (Prop_fdre_C_Q)         0.518     1.491 r  bd_0_wrapper/bd_0/bd_0_hls_inst_0/bd_0_hls_inst_0_chirp/bd_0_hls_inst_0_chirp_chirp_Pipeline_VITIS_LOOP_60_1_VITIS_LOOP_63_2/bd_0_hls_inst_0_chirp_fadd_32ns_32ns_32_5_full_dsp_1/bd_0_hls_inst_0_chirp_fadd_32ns_32ns_32_5_full_dsp_1_ip/<hidden>/<hidden>/<hidden>/<hidden>/<hidden>/<hidden>/<hidden>
                         net (fo=20, routed)          1.527     3.018    bd_0_wrapper/bd_0/bd_0_hls_inst_0/bd_0_hls_inst_0_chirp/bd_0_hls_inst_0_chirp_chirp_Pipeline_VITIS_LOOP_60_1_VITIS_LOOP_63_2/bd_0_hls_inst_0_chirp_fadd_32ns_32ns_32_5_full_dsp_1/bd_0_hls_inst_0_chirp_fadd_32ns_32ns_32_5_full_dsp_1_ip/<hidden>/<hidden>/<hidden>/<hidden>/<hidden>/<hidden>/<hidden>
    SLICE_X49Y74         LUT6 (Prop_lut6_I1_O)        0.124     3.142 r  bd_0_wrapper/bd_0/bd_0_hls_inst_0/bd_0_hls_inst_0_chirp/bd_0_hls_inst_0_chirp_chirp_Pipeline_VITIS_LOOP_60_1_VITIS_LOOP_63_2/bd_0_hls_inst_0_chirp_fadd_32ns_32ns_32_5_full_dsp_1/bd_0_hls_inst_0_chirp_fadd_32ns_32ns_32_5_full_dsp_1_ip/<hidden>/<hidden>/<hidden>/<hidden>/<hidden>/<hidden>/<hidden>
                         net (fo=2, routed)           0.898     4.040    bd_0_wrapper/bd_0/bd_0_hls_inst_0/bd_0_hls_inst_0_chirp/bd_0_hls_inst_0_chirp_chirp_Pipeline_VITIS_LOOP_60_1_VITIS_LOOP_63_2/bd_0_hls_inst_0_chirp_fadd_32ns_32ns_32_5_full_dsp_1/bd_0_hls_inst_0_chirp_fadd_32ns_32ns_32_5_full_dsp_1_ip/<hidden>/<hidden>/<hidden>/<hidden>/<hidden>/<hidden>
    DSP48_X2Y29          DSP48E1                                      r  bd_0_wrapper/bd_0/bd_0_hls_inst_0/bd_0_hls_inst_0_chirp/bd_0_hls_inst_0_chirp_chirp_Pipeline_VITIS_LOOP_60_1_VITIS_LOOP_63_2/bd_0_hls_inst_0_chirp_fadd_32ns_32ns_32_5_full_dsp_1/bd_0_hls_inst_0_chirp_fadd_32ns_32ns_32_5_full_dsp_1_ip/<hidden>/<hidden>/<hidden>/<hidden>/<hidden>/<hidden>
  -------------------------------------------------------------------    -------------------

                         (clock ap_clk rise edge)    10.000    10.000 r  
                                                      0.000    10.000 r  ap_clk (IN)
                         net (fo=3516, unset)         0.924    10.924    bd_0_wrapper/bd_0/bd_0_hls_inst_0/bd_0_hls_inst_0_chirp/bd_0_hls_inst_0_chirp_chirp_Pipeline_VITIS_LOOP_60_1_VITIS_LOOP_63_2/bd_0_hls_inst_0_chirp_fadd_32ns_32ns_32_5_full_dsp_1/bd_0_hls_inst_0_chirp_fadd_32ns_32ns_32_5_full_dsp_1_ip/<hidden>/<hidden>/<hidden>/<hidden>/<hidden>/<hidden>
    DSP48_X2Y29          DSP48E1                                      r  bd_0_wrapper/bd_0/bd_0_hls_inst_0/bd_0_hls_inst_0_chirp/bd_0_hls_inst_0_chirp_chirp_Pipeline_VITIS_LOOP_60_1_VITIS_LOOP_63_2/bd_0_hls_inst_0_chirp_fadd_32ns_32ns_32_5_full_dsp_1/bd_0_hls_inst_0_chirp_fadd_32ns_32ns_32_5_full_dsp_1_ip/<hidden>/<hidden>/<hidden>/<hidden>/<hidden>/<hidden>
                         clock pessimism              0.000    10.924    
                         clock uncertainty           -0.035    10.889    
    DSP48_X2Y29          DSP48E1 (Setup_dsp48e1_CLK_INMODE[2])
                                                     -5.557     5.332    bd_0_wrapper/bd_0/bd_0_hls_inst_0/bd_0_hls_inst_0_chirp/bd_0_hls_inst_0_chirp_chirp_Pipeline_VITIS_LOOP_60_1_VITIS_LOOP_63_2/bd_0_hls_inst_0_chirp_fadd_32ns_32ns_32_5_full_dsp_1/bd_0_hls_inst_0_chirp_fadd_32ns_32ns_32_5_full_dsp_1_ip/<hidden>/<hidden>/<hidden>/<hidden>/<hidden>/<hidden>
  -------------------------------------------------------------------
                         required time                          5.332    
                         arrival time                          -4.040    
  -------------------------------------------------------------------
                         slack                                  1.292    

Slack (MET) :             1.340ns  (required time - arrival time)
  Source:                 bd_0_wrapper/bd_0/bd_0_hls_inst_0/bd_0_hls_inst_0_chirp/bd_0_hls_inst_0_chirp_chirp_Pipeline_VITIS_LOOP_60_1_VITIS_LOOP_63_2/bd_0_hls_inst_0_chirp_fadd_32ns_32ns_32_5_full_dsp_1/bd_0_hls_inst_0_chirp_fadd_32ns_32ns_32_5_full_dsp_1_ip/<hidden>/<hidden>/<hidden>/<hidden>/<hidden>/<hidden>/<hidden>/<hidden>
                            (rising edge-triggered cell FDRE clocked by ap_clk  {rise@0.000ns fall@5.000ns period=10.000ns})
  Destination:            bd_0_wrapper/bd_0/bd_0_hls_inst_0/bd_0_hls_inst_0_chirp/bd_0_hls_inst_0_chirp_chirp_Pipeline_VITIS_LOOP_60_1_VITIS_LOOP_63_2/bd_0_hls_inst_0_chirp_fadd_32ns_32ns_32_5_full_dsp_1/bd_0_hls_inst_0_chirp_fadd_32ns_32ns_32_5_full_dsp_1_ip/<hidden>/<hidden>/<hidden>/<hidden>/<hidden>/<hidden>
                            (rising edge-triggered cell DSP48E1 clocked by ap_clk  {rise@0.000ns fall@5.000ns period=10.000ns})
  Path Group:             ap_clk
  Path Type:              Setup (Max at Slow Process Corner)
  Requirement:            10.000ns  (ap_clk rise@10.000ns - ap_clk rise@0.000ns)
  Data Path Delay:        3.102ns  (logic 0.580ns (18.695%)  route 2.522ns (81.305%))
  Logic Levels:           1  (LUT3=1)
  Clock Path Skew:        -0.049ns (DCD - SCD + CPR)
    Destination Clock Delay (DCD):    0.924ns = ( 10.924 - 10.000 ) 
    Source Clock Delay      (SCD):    0.973ns
    Clock Pessimism Removal (CPR):    0.000ns
  Clock Uncertainty:      0.035ns  ((TSJ^2 + TIJ^2)^1/2 + DJ) / 2 + PE
    Total System Jitter     (TSJ):    0.071ns
    Total Input Jitter      (TIJ):    0.000ns
    Discrete Jitter          (DJ):    0.000ns
    Phase Error              (PE):    0.000ns

    Location             Delay type                Incr(ns)  Path(ns)    Netlist Resource(s)
  -------------------------------------------------------------------    -------------------
                         (clock ap_clk rise edge)     0.000     0.000 r  
                                                      0.000     0.000 r  ap_clk (IN)
                         net (fo=3516, unset)         0.973     0.973    bd_0_wrapper/bd_0/bd_0_hls_inst_0/bd_0_hls_inst_0_chirp/bd_0_hls_inst_0_chirp_chirp_Pipeline_VITIS_LOOP_60_1_VITIS_LOOP_63_2/bd_0_hls_inst_0_chirp_fadd_32ns_32ns_32_5_full_dsp_1/bd_0_hls_inst_0_chirp_fadd_32ns_32ns_32_5_full_dsp_1_ip/<hidden>/<hidden>/<hidden>/<hidden>/<hidden>/<hidden>/<hidden>/<hidden>
    SLICE_X52Y75         FDRE                                         r  bd_0_wrapper/bd_0/bd_0_hls_inst_0/bd_0_hls_inst_0_chirp/bd_0_hls_inst_0_chirp_chirp_Pipeline_VITIS_LOOP_60_1_VITIS_LOOP_63_2/bd_0_hls_inst_0_chirp_fadd_32ns_32ns_32_5_full_dsp_1/bd_0_hls_inst_0_chirp_fadd_32ns_32ns_32_5_full_dsp_1_ip/<hidden>/<hidden>/<hidden>/<hidden>/<hidden>/<hidden>/<hidden>/<hidden>
  -------------------------------------------------------------------    -------------------
    SLICE_X52Y75         FDRE (Prop_fdre_C_Q)         0.456     1.429 r  bd_0_wrapper/bd_0/bd_0_hls_inst_0/bd_0_hls_inst_0_chirp/bd_0_hls_inst_0_chirp_chirp_Pipeline_VITIS_LOOP_60_1_VITIS_LOOP_63_2/bd_0_hls_inst_0_chirp_fadd_32ns_32ns_32_5_full_dsp_1/bd_0_hls_inst_0_chirp_fadd_32ns_32ns_32_5_full_dsp_1_ip/<hidden>/<hidden>/<hidden>/<hidden>/<hidden>/<hidden>/<hidden>/<hidden>
                         net (fo=53, routed)          1.406     2.835    bd_0_wrapper/bd_0/bd_0_hls_inst_0/bd_0_hls_inst_0_chirp/bd_0_hls_inst_0_chirp_chirp_Pipeline_VITIS_LOOP_60_1_VITIS_LOOP_63_2/bd_0_hls_inst_0_chirp_fadd_32ns_32ns_32_5_full_dsp_1/bd_0_hls_inst_0_chirp_fadd_32ns_32ns_32_5_full_dsp_1_ip/<hidden>/<hidden>/<hidden>/<hidden>/<hidden>/<hidden>
    SLICE_X53Y70         LUT3 (Prop_lut3_I1_O)        0.124     2.959 r  bd_0_wrapper/bd_0/bd_0_hls_inst_0/bd_0_hls_inst_0_chirp/bd_0_hls_inst_0_chirp_chirp_Pipeline_VITIS_LOOP_60_1_VITIS_LOOP_63_2/bd_0_hls_inst_0_chirp_fadd_32ns_32ns_32_5_full_dsp_1/bd_0_hls_inst_0_chirp_fadd_32ns_32ns_32_5_full_dsp_1_ip/<hidden>/<hidden>/<hidden>/<hidden>/<hidden>/<hidden>
                         net (fo=1, routed)           1.117     4.075    bd_0_wrapper/bd_0/bd_0_hls_inst_0/bd_0_hls_inst_0_chirp/bd_0_hls_inst_0_chirp_chirp_Pipeline_VITIS_LOOP_60_1_VITIS_LOOP_63_2/bd_0_hls_inst_0_chirp_fadd_32ns_32ns_32_5_full_dsp_1/bd_0_hls_inst_0_chirp_fadd_32ns_32ns_32_5_full_dsp_1_ip/<hidden>/<hidden>/<hidden>/<hidden>/<hidden>/<hidden>
    DSP48_X2Y29          DSP48E1                                      r  bd_0_wrapper/bd_0/bd_0_hls_inst_0/bd_0_hls_inst_0_chirp/bd_0_hls_inst_0_chirp_chirp_Pipeline_VITIS_LOOP_60_1_VITIS_LOOP_63_2/bd_0_hls_inst_0_chirp_fadd_32ns_32ns_32_5_full_dsp_1/bd_0_hls_inst_0_chirp_fadd_32ns_32ns_32_5_full_dsp_1_ip/<hidden>/<hidden>/<hidden>/<hidden>/<hidden>/<hidden>
  -------------------------------------------------------------------    -------------------

                         (clock ap_clk rise edge)    10.000    10.000 r  
                                                      0.000    10.000 r  ap_clk (IN)
                         net (fo=3516, unset)         0.924    10.924    bd_0_wrapper/bd_0/bd_0_hls_inst_0/bd_0_hls_inst_0_chirp/bd_0_hls_inst_0_chirp_chirp_Pipeline_VITIS_LOOP_60_1_VITIS_LOOP_63_2/bd_0_hls_inst_0_chirp_fadd_32ns_32ns_32_5_full_dsp_1/bd_0_hls_inst_0_chirp_fadd_32ns_32ns_32_5_full_dsp_1_ip/<hidden>/<hidden>/<hidden>/<hidden>/<hidden>/<hidden>
    DSP48_X2Y29          DSP48E1                                      r  bd_0_wrapper/bd_0/bd_0_hls_inst_0/bd_0_hls_inst_0_chirp/bd_0_hls_inst_0_chirp_chirp_Pipeline_VITIS_LOOP_60_1_VITIS_LOOP_63_2/bd_0_hls_inst_0_chirp_fadd_32ns_32ns_32_5_full_dsp_1/bd_0_hls_inst_0_chirp_fadd_32ns_32ns_32_5_full_dsp_1_ip/<hidden>/<hidden>/<hidden>/<hidden>/<hidden>/<hidden>
                         clock pessimism              0.000    10.924    
                         clock uncertainty           -0.035    10.889    
    DSP48_X2Y29          DSP48E1 (Setup_dsp48e1_CLK_A[0])
                                                     -5.474     5.415    bd_0_wrapper/bd_0/bd_0_hls_inst_0/bd_0_hls_inst_0_chirp/bd_0_hls_inst_0_chirp_chirp_Pipeline_VITIS_LOOP_60_1_VITIS_LOOP_63_2/bd_0_hls_inst_0_chirp_fadd_32ns_32ns_32_5_full_dsp_1/bd_0_hls_inst_0_chirp_fadd_32ns_32ns_32_5_full_dsp_1_ip/<hidden>/<hidden>/<hidden>/<hidden>/<hidden>/<hidden>
  -------------------------------------------------------------------
                         required time                          5.415    
                         arrival time                          -4.075    
  -------------------------------------------------------------------
                         slack                                  1.340    

Slack (MET) :             1.354ns  (required time - arrival time)
  Source:                 bd_0_wrapper/bd_0/bd_0_hls_inst_0/bd_0_hls_inst_0_chirp/bd_0_hls_inst_0_chirp_chirp_Pipeline_VITIS_LOOP_60_1_VITIS_LOOP_63_2/bd_0_hls_inst_0_chirp_fadd_32ns_32ns_32_5_full_dsp_1/bd_0_hls_inst_0_chirp_fadd_32ns_32ns_32_5_full_dsp_1_ip/<hidden>/<hidden>/<hidden>/<hidden>/<hidden>/<hidden>/<hidden>/<hidden>
                            (rising edge-triggered cell FDRE clocked by ap_clk  {rise@0.000ns fall@5.000ns period=10.000ns})
  Destination:            bd_0_wrapper/bd_0/bd_0_hls_inst_0/bd_0_hls_inst_0_chirp/bd_0_hls_inst_0_chirp_chirp_Pipeline_VITIS_LOOP_60_1_VITIS_LOOP_63_2/bd_0_hls_inst_0_chirp_fadd_32ns_32ns_32_5_full_dsp_1/bd_0_hls_inst_0_chirp_fadd_32ns_32ns_32_5_full_dsp_1_ip/<hidden>/<hidden>/<hidden>/<hidden>/<hidden>/<hidden>
                            (rising edge-triggered cell DSP48E1 clocked by ap_clk  {rise@0.000ns fall@5.000ns period=10.000ns})
  Path Group:             ap_clk
  Path Type:              Setup (Max at Slow Process Corner)
  Requirement:            10.000ns  (ap_clk rise@10.000ns - ap_clk rise@0.000ns)
  Data Path Delay:        3.088ns  (logic 0.580ns (18.785%)  route 2.508ns (81.215%))
  Logic Levels:           1  (LUT3=1)
  Clock Path Skew:        -0.049ns (DCD - SCD + CPR)
    Destination Clock Delay (DCD):    0.924ns = ( 10.924 - 10.000 ) 
    Source Clock Delay      (SCD):    0.973ns
    Clock Pessimism Removal (CPR):    0.000ns
  Clock Uncertainty:      0.035ns  ((TSJ^2 + TIJ^2)^1/2 + DJ) / 2 + PE
    Total System Jitter     (TSJ):    0.071ns
    Total Input Jitter      (TIJ):    0.000ns
    Discrete Jitter          (DJ):    0.000ns
    Phase Error              (PE):    0.000ns

    Location             Delay type                Incr(ns)  Path(ns)    Netlist Resource(s)
  -------------------------------------------------------------------    -------------------
                         (clock ap_clk rise edge)     0.000     0.000 r  
                                                      0.000     0.000 r  ap_clk (IN)
                         net (fo=3516, unset)         0.973     0.973    bd_0_wrapper/bd_0/bd_0_hls_inst_0/bd_0_hls_inst_0_chirp/bd_0_hls_inst_0_chirp_chirp_Pipeline_VITIS_LOOP_60_1_VITIS_LOOP_63_2/bd_0_hls_inst_0_chirp_fadd_32ns_32ns_32_5_full_dsp_1/bd_0_hls_inst_0_chirp_fadd_32ns_32ns_32_5_full_dsp_1_ip/<hidden>/<hidden>/<hidden>/<hidden>/<hidden>/<hidden>/<hidden>/<hidden>
    SLICE_X52Y75         FDRE                                         r  bd_0_wrapper/bd_0/bd_0_hls_inst_0/bd_0_hls_inst_0_chirp/bd_0_hls_inst_0_chirp_chirp_Pipeline_VITIS_LOOP_60_1_VITIS_LOOP_63_2/bd_0_hls_inst_0_chirp_fadd_32ns_32ns_32_5_full_dsp_1/bd_0_hls_inst_0_chirp_fadd_32ns_32ns_32_5_full_dsp_1_ip/<hidden>/<hidden>/<hidden>/<hidden>/<hidden>/<hidden>/<hidden>/<hidden>
  -------------------------------------------------------------------    -------------------
    SLICE_X52Y75         FDRE (Prop_fdre_C_Q)         0.456     1.429 r  bd_0_wrapper/bd_0/bd_0_hls_inst_0/bd_0_hls_inst_0_chirp/bd_0_hls_inst_0_chirp_chirp_Pipeline_VITIS_LOOP_60_1_VITIS_LOOP_63_2/bd_0_hls_inst_0_chirp_fadd_32ns_32ns_32_5_full_dsp_1/bd_0_hls_inst_0_chirp_fadd_32ns_32ns_32_5_full_dsp_1_ip/<hidden>/<hidden>/<hidden>/<hidden>/<hidden>/<hidden>/<hidden>/<hidden>
                         net (fo=53, routed)          1.408     2.837    bd_0_wrapper/bd_0/bd_0_hls_inst_0/bd_0_hls_inst_0_chirp/bd_0_hls_inst_0_chirp_chirp_Pipeline_VITIS_LOOP_60_1_VITIS_LOOP_63_2/bd_0_hls_inst_0_chirp_fadd_32ns_32ns_32_5_full_dsp_1/bd_0_hls_inst_0_chirp_fadd_32ns_32ns_32_5_full_dsp_1_ip/<hidden>/<hidden>/<hidden>/<hidden>/<hidden>/<hidden>
    SLICE_X52Y70         LUT3 (Prop_lut3_I1_O)        0.124     2.961 r  bd_0_wrapper/bd_0/bd_0_hls_inst_0/bd_0_hls_inst_0_chirp/bd_0_hls_inst_0_chirp_chirp_Pipeline_VITIS_LOOP_60_1_VITIS_LOOP_63_2/bd_0_hls_inst_0_chirp_fadd_32ns_32ns_32_5_full_dsp_1/bd_0_hls_inst_0_chirp_fadd_32ns_32ns_32_5_full_dsp_1_ip/<hidden>/<hidden>/<hidden>/<hidden>/<hidden>/<hidden>
                         net (fo=1, routed)           1.100     4.061    bd_0_wrapper/bd_0/bd_0_hls_inst_0/bd_0_hls_inst_0_chirp/bd_0_hls_inst_0_chirp_chirp_Pipeline_VITIS_LOOP_60_1_VITIS_LOOP_63_2/bd_0_hls_inst_0_chirp_fadd_32ns_32ns_32_5_full_dsp_1/bd_0_hls_inst_0_chirp_fadd_32ns_32ns_32_5_full_dsp_1_ip/<hidden>/<hidden>/<hidden>/<hidden>/<hidden>/<hidden>
    DSP48_X2Y29          DSP48E1                                      r  bd_0_wrapper/bd_0/bd_0_hls_inst_0/bd_0_hls_inst_0_chirp/bd_0_hls_inst_0_chirp_chirp_Pipeline_VITIS_LOOP_60_1_VITIS_LOOP_63_2/bd_0_hls_inst_0_chirp_fadd_32ns_32ns_32_5_full_dsp_1/bd_0_hls_inst_0_chirp_fadd_32ns_32ns_32_5_full_dsp_1_ip/<hidden>/<hidden>/<hidden>/<hidden>/<hidden>/<hidden>
  -------------------------------------------------------------------    -------------------

                         (clock ap_clk rise edge)    10.000    10.000 r  
                                                      0.000    10.000 r  ap_clk (IN)
                         net (fo=3516, unset)         0.924    10.924    bd_0_wrapper/bd_0/bd_0_hls_inst_0/bd_0_hls_inst_0_chirp/bd_0_hls_inst_0_chirp_chirp_Pipeline_VITIS_LOOP_60_1_VITIS_LOOP_63_2/bd_0_hls_inst_0_chirp_fadd_32ns_32ns_32_5_full_dsp_1/bd_0_hls_inst_0_chirp_fadd_32ns_32ns_32_5_full_dsp_1_ip/<hidden>/<hidden>/<hidden>/<hidden>/<hidden>/<hidden>
    DSP48_X2Y29          DSP48E1                                      r  bd_0_wrapper/bd_0/bd_0_hls_inst_0/bd_0_hls_inst_0_chirp/bd_0_hls_inst_0_chirp_chirp_Pipeline_VITIS_LOOP_60_1_VITIS_LOOP_63_2/bd_0_hls_inst_0_chirp_fadd_32ns_32ns_32_5_full_dsp_1/bd_0_hls_inst_0_chirp_fadd_32ns_32ns_32_5_full_dsp_1_ip/<hidden>/<hidden>/<hidden>/<hidden>/<hidden>/<hidden>
                         clock pessimism              0.000    10.924    
                         clock uncertainty           -0.035    10.889    
    DSP48_X2Y29          DSP48E1 (Setup_dsp48e1_CLK_A[7])
                                                     -5.474     5.415    bd_0_wrapper/bd_0/bd_0_hls_inst_0/bd_0_hls_inst_0_chirp/bd_0_hls_inst_0_chirp_chirp_Pipeline_VITIS_LOOP_60_1_VITIS_LOOP_63_2/bd_0_hls_inst_0_chirp_fadd_32ns_32ns_32_5_full_dsp_1/bd_0_hls_inst_0_chirp_fadd_32ns_32ns_32_5_full_dsp_1_ip/<hidden>/<hidden>/<hidden>/<hidden>/<hidden>/<hidden>
  -------------------------------------------------------------------
                         required time                          5.415    
                         arrival time                          -4.061    
  -------------------------------------------------------------------
                         slack                                  1.354    

Slack (MET) :             1.387ns  (required time - arrival time)
  Source:                 bd_0_wrapper/bd_0/bd_0_hls_inst_0/bd_0_hls_inst_0_chirp/bd_0_hls_inst_0_chirp_chirp_Pipeline_VITIS_LOOP_60_1_VITIS_LOOP_63_2/bd_0_hls_inst_0_chirp_fadd_32ns_32ns_32_5_full_dsp_1/bd_0_hls_inst_0_chirp_fadd_32ns_32ns_32_5_full_dsp_1_ip/<hidden>/<hidden>/<hidden>/<hidden>/<hidden>/<hidden>/<hidden>/<hidden>
                            (rising edge-triggered cell FDRE clocked by ap_clk  {rise@0.000ns fall@5.000ns period=10.000ns})
  Destination:            bd_0_wrapper/bd_0/bd_0_hls_inst_0/bd_0_hls_inst_0_chirp/bd_0_hls_inst_0_chirp_chirp_Pipeline_VITIS_LOOP_60_1_VITIS_LOOP_63_2/bd_0_hls_inst_0_chirp_fadd_32ns_32ns_32_5_full_dsp_1/bd_0_hls_inst_0_chirp_fadd_32ns_32ns_32_5_full_dsp_1_ip/<hidden>/<hidden>/<hidden>/<hidden>/<hidden>/<hidden>
                            (rising edge-triggered cell DSP48E1 clocked by ap_clk  {rise@0.000ns fall@5.000ns period=10.000ns})
  Path Group:             ap_clk
  Path Type:              Setup (Max at Slow Process Corner)
  Requirement:            10.000ns  (ap_clk rise@10.000ns - ap_clk rise@0.000ns)
  Data Path Delay:        3.055ns  (logic 0.580ns (18.987%)  route 2.475ns (81.013%))
  Logic Levels:           1  (LUT3=1)
  Clock Path Skew:        -0.049ns (DCD - SCD + CPR)
    Destination Clock Delay (DCD):    0.924ns = ( 10.924 - 10.000 ) 
    Source Clock Delay      (SCD):    0.973ns
    Clock Pessimism Removal (CPR):    0.000ns
  Clock Uncertainty:      0.035ns  ((TSJ^2 + TIJ^2)^1/2 + DJ) / 2 + PE
    Total System Jitter     (TSJ):    0.071ns
    Total Input Jitter      (TIJ):    0.000ns
    Discrete Jitter          (DJ):    0.000ns
    Phase Error              (PE):    0.000ns

    Location             Delay type                Incr(ns)  Path(ns)    Netlist Resource(s)
  -------------------------------------------------------------------    -------------------
                         (clock ap_clk rise edge)     0.000     0.000 r  
                                                      0.000     0.000 r  ap_clk (IN)
                         net (fo=3516, unset)         0.973     0.973    bd_0_wrapper/bd_0/bd_0_hls_inst_0/bd_0_hls_inst_0_chirp/bd_0_hls_inst_0_chirp_chirp_Pipeline_VITIS_LOOP_60_1_VITIS_LOOP_63_2/bd_0_hls_inst_0_chirp_fadd_32ns_32ns_32_5_full_dsp_1/bd_0_hls_inst_0_chirp_fadd_32ns_32ns_32_5_full_dsp_1_ip/<hidden>/<hidden>/<hidden>/<hidden>/<hidden>/<hidden>/<hidden>/<hidden>
    SLICE_X52Y75         FDRE                                         r  bd_0_wrapper/bd_0/bd_0_hls_inst_0/bd_0_hls_inst_0_chirp/bd_0_hls_inst_0_chirp_chirp_Pipeline_VITIS_LOOP_60_1_VITIS_LOOP_63_2/bd_0_hls_inst_0_chirp_fadd_32ns_32ns_32_5_full_dsp_1/bd_0_hls_inst_0_chirp_fadd_32ns_32ns_32_5_full_dsp_1_ip/<hidden>/<hidden>/<hidden>/<hidden>/<hidden>/<hidden>/<hidden>/<hidden>
  -------------------------------------------------------------------    -------------------
    SLICE_X52Y75         FDRE (Prop_fdre_C_Q)         0.456     1.429 r  bd_0_wrapper/bd_0/bd_0_hls_inst_0/bd_0_hls_inst_0_chirp/bd_0_hls_inst_0_chirp_chirp_Pipeline_VITIS_LOOP_60_1_VITIS_LOOP_63_2/bd_0_hls_inst_0_chirp_fadd_32ns_32ns_32_5_full_dsp_1/bd_0_hls_inst_0_chirp_fadd_32ns_32ns_32_5_full_dsp_1_ip/<hidden>/<hidden>/<hidden>/<hidden>/<hidden>/<hidden>/<hidden>/<hidden>
                         net (fo=53, routed)          1.415     2.844    bd_0_wrapper/bd_0/bd_0_hls_inst_0/bd_0_hls_inst_0_chirp/bd_0_hls_inst_0_chirp_chirp_Pipeline_VITIS_LOOP_60_1_VITIS_LOOP_63_2/bd_0_hls_inst_0_chirp_fadd_32ns_32ns_32_5_full_dsp_1/bd_0_hls_inst_0_chirp_fadd_32ns_32ns_32_5_full_dsp_1_ip/<hidden>/<hidden>/<hidden>/<hidden>/<hidden>/<hidden>
    SLICE_X52Y70         LUT3 (Prop_lut3_I1_O)        0.124     2.968 r  bd_0_wrapper/bd_0/bd_0_hls_inst_0/bd_0_hls_inst_0_chirp/bd_0_hls_inst_0_chirp_chirp_Pipeline_VITIS_LOOP_60_1_VITIS_LOOP_63_2/bd_0_hls_inst_0_chirp_fadd_32ns_32ns_32_5_full_dsp_1/bd_0_hls_inst_0_chirp_fadd_32ns_32ns_32_5_full_dsp_1_ip/<hidden>/<hidden>/<hidden>/<hidden>/<hidden>/<hidden>
                         net (fo=1, routed)           1.060     4.028    bd_0_wrapper/bd_0/bd_0_hls_inst_0/bd_0_hls_inst_0_chirp/bd_0_hls_inst_0_chirp_chirp_Pipeline_VITIS_LOOP_60_1_VITIS_LOOP_63_2/bd_0_hls_inst_0_chirp_fadd_32ns_32ns_32_5_full_dsp_1/bd_0_hls_inst_0_chirp_fadd_32ns_32ns_32_5_full_dsp_1_ip/<hidden>/<hidden>/<hidden>/<hidden>/<hidden>/<hidden>
    DSP48_X2Y29          DSP48E1                                      r  bd_0_wrapper/bd_0/bd_0_hls_inst_0/bd_0_hls_inst_0_chirp/bd_0_hls_inst_0_chirp_chirp_Pipeline_VITIS_LOOP_60_1_VITIS_LOOP_63_2/bd_0_hls_inst_0_chirp_fadd_32ns_32ns_32_5_full_dsp_1/bd_0_hls_inst_0_chirp_fadd_32ns_32ns_32_5_full_dsp_1_ip/<hidden>/<hidden>/<hidden>/<hidden>/<hidden>/<hidden>
  -------------------------------------------------------------------    -------------------

                         (clock ap_clk rise edge)    10.000    10.000 r  
                                                      0.000    10.000 r  ap_clk (IN)
                         net (fo=3516, unset)         0.924    10.924    bd_0_wrapper/bd_0/bd_0_hls_inst_0/bd_0_hls_inst_0_chirp/bd_0_hls_inst_0_chirp_chirp_Pipeline_VITIS_LOOP_60_1_VITIS_LOOP_63_2/bd_0_hls_inst_0_chirp_fadd_32ns_32ns_32_5_full_dsp_1/bd_0_hls_inst_0_chirp_fadd_32ns_32ns_32_5_full_dsp_1_ip/<hidden>/<hidden>/<hidden>/<hidden>/<hidden>/<hidden>
    DSP48_X2Y29          DSP48E1                                      r  bd_0_wrapper/bd_0/bd_0_hls_inst_0/bd_0_hls_inst_0_chirp/bd_0_hls_inst_0_chirp_chirp_Pipeline_VITIS_LOOP_60_1_VITIS_LOOP_63_2/bd_0_hls_inst_0_chirp_fadd_32ns_32ns_32_5_full_dsp_1/bd_0_hls_inst_0_chirp_fadd_32ns_32ns_32_5_full_dsp_1_ip/<hidden>/<hidden>/<hidden>/<hidden>/<hidden>/<hidden>
                         clock pessimism              0.000    10.924    
                         clock uncertainty           -0.035    10.889    
    DSP48_X2Y29          DSP48E1 (Setup_dsp48e1_CLK_A[5])
                                                     -5.474     5.415    bd_0_wrapper/bd_0/bd_0_hls_inst_0/bd_0_hls_inst_0_chirp/bd_0_hls_inst_0_chirp_chirp_Pipeline_VITIS_LOOP_60_1_VITIS_LOOP_63_2/bd_0_hls_inst_0_chirp_fadd_32ns_32ns_32_5_full_dsp_1/bd_0_hls_inst_0_chirp_fadd_32ns_32ns_32_5_full_dsp_1_ip/<hidden>/<hidden>/<hidden>/<hidden>/<hidden>/<hidden>
  -------------------------------------------------------------------
                         required time                          5.415    
                         arrival time                          -4.028    
  -------------------------------------------------------------------
                         slack                                  1.387    

Slack (MET) :             1.389ns  (required time - arrival time)
  Source:                 bd_0_wrapper/bd_0/bd_0_hls_inst_0/bd_0_hls_inst_0_chirp/bd_0_hls_inst_0_chirp_chirp_Pipeline_VITIS_LOOP_60_1_VITIS_LOOP_63_2/bd_0_hls_inst_0_chirp_fadd_32ns_32ns_32_5_full_dsp_1/bd_0_hls_inst_0_chirp_fadd_32ns_32ns_32_5_full_dsp_1_ip/<hidden>/<hidden>/<hidden>/<hidden>/<hidden>/<hidden>/<hidden>/<hidden>
                            (rising edge-triggered cell FDRE clocked by ap_clk  {rise@0.000ns fall@5.000ns period=10.000ns})
  Destination:            bd_0_wrapper/bd_0/bd_0_hls_inst_0/bd_0_hls_inst_0_chirp/bd_0_hls_inst_0_chirp_chirp_Pipeline_VITIS_LOOP_60_1_VITIS_LOOP_63_2/bd_0_hls_inst_0_chirp_fadd_32ns_32ns_32_5_full_dsp_1/bd_0_hls_inst_0_chirp_fadd_32ns_32ns_32_5_full_dsp_1_ip/<hidden>/<hidden>/<hidden>/<hidden>/<hidden>/<hidden>
                            (rising edge-triggered cell DSP48E1 clocked by ap_clk  {rise@0.000ns fall@5.000ns period=10.000ns})
  Path Group:             ap_clk
  Path Type:              Setup (Max at Slow Process Corner)
  Requirement:            10.000ns  (ap_clk rise@10.000ns - ap_clk rise@0.000ns)
  Data Path Delay:        3.185ns  (logic 0.580ns (18.211%)  route 2.605ns (81.789%))
  Logic Levels:           1  (LUT3=1)
  Clock Path Skew:        -0.049ns (DCD - SCD + CPR)
    Destination Clock Delay (DCD):    0.924ns = ( 10.924 - 10.000 ) 
    Source Clock Delay      (SCD):    0.973ns
    Clock Pessimism Removal (CPR):    0.000ns
  Clock Uncertainty:      0.035ns  ((TSJ^2 + TIJ^2)^1/2 + DJ) / 2 + PE
    Total System Jitter     (TSJ):    0.071ns
    Total Input Jitter      (TIJ):    0.000ns
    Discrete Jitter          (DJ):    0.000ns
    Phase Error              (PE):    0.000ns

    Location             Delay type                Incr(ns)  Path(ns)    Netlist Resource(s)
  -------------------------------------------------------------------    -------------------
                         (clock ap_clk rise edge)     0.000     0.000 r  
                                                      0.000     0.000 r  ap_clk (IN)
                         net (fo=3516, unset)         0.973     0.973    bd_0_wrapper/bd_0/bd_0_hls_inst_0/bd_0_hls_inst_0_chirp/bd_0_hls_inst_0_chirp_chirp_Pipeline_VITIS_LOOP_60_1_VITIS_LOOP_63_2/bd_0_hls_inst_0_chirp_fadd_32ns_32ns_32_5_full_dsp_1/bd_0_hls_inst_0_chirp_fadd_32ns_32ns_32_5_full_dsp_1_ip/<hidden>/<hidden>/<hidden>/<hidden>/<hidden>/<hidden>/<hidden>/<hidden>
    SLICE_X52Y75         FDRE                                         r  bd_0_wrapper/bd_0/bd_0_hls_inst_0/bd_0_hls_inst_0_chirp/bd_0_hls_inst_0_chirp_chirp_Pipeline_VITIS_LOOP_60_1_VITIS_LOOP_63_2/bd_0_hls_inst_0_chirp_fadd_32ns_32ns_32_5_full_dsp_1/bd_0_hls_inst_0_chirp_fadd_32ns_32ns_32_5_full_dsp_1_ip/<hidden>/<hidden>/<hidden>/<hidden>/<hidden>/<hidden>/<hidden>/<hidden>
  -------------------------------------------------------------------    -------------------
    SLICE_X52Y75         FDRE (Prop_fdre_C_Q)         0.456     1.429 r  bd_0_wrapper/bd_0/bd_0_hls_inst_0/bd_0_hls_inst_0_chirp/bd_0_hls_inst_0_chirp_chirp_Pipeline_VITIS_LOOP_60_1_VITIS_LOOP_63_2/bd_0_hls_inst_0_chirp_fadd_32ns_32ns_32_5_full_dsp_1/bd_0_hls_inst_0_chirp_fadd_32ns_32ns_32_5_full_dsp_1_ip/<hidden>/<hidden>/<hidden>/<hidden>/<hidden>/<hidden>/<hidden>/<hidden>
                         net (fo=53, routed)          1.027     2.456    bd_0_wrapper/bd_0/bd_0_hls_inst_0/bd_0_hls_inst_0_chirp/bd_0_hls_inst_0_chirp_chirp_Pipeline_VITIS_LOOP_60_1_VITIS_LOOP_63_2/bd_0_hls_inst_0_chirp_fadd_32ns_32ns_32_5_full_dsp_1/bd_0_hls_inst_0_chirp_fadd_32ns_32ns_32_5_full_dsp_1_ip/<hidden>/<hidden>/<hidden>/<hidden>/<hidden>/<hidden>
    SLICE_X51Y74         LUT3 (Prop_lut3_I1_O)        0.124     2.580 r  bd_0_wrapper/bd_0/bd_0_hls_inst_0/bd_0_hls_inst_0_chirp/bd_0_hls_inst_0_chirp_chirp_Pipeline_VITIS_LOOP_60_1_VITIS_LOOP_63_2/bd_0_hls_inst_0_chirp_fadd_32ns_32ns_32_5_full_dsp_1/bd_0_hls_inst_0_chirp_fadd_32ns_32ns_32_5_full_dsp_1_ip/<hidden>/<hidden>/<hidden>/<hidden>/<hidden>/<hidden>
                         net (fo=2, routed)           1.578     4.158    bd_0_wrapper/bd_0/bd_0_hls_inst_0/bd_0_hls_inst_0_chirp/bd_0_hls_inst_0_chirp_chirp_Pipeline_VITIS_LOOP_60_1_VITIS_LOOP_63_2/bd_0_hls_inst_0_chirp_fadd_32ns_32ns_32_5_full_dsp_1/bd_0_hls_inst_0_chirp_fadd_32ns_32ns_32_5_full_dsp_1_ip/<hidden>/<hidden>/<hidden>/<hidden>/<hidden>/<hidden>
    DSP48_X2Y29          DSP48E1                                      r  bd_0_wrapper/bd_0/bd_0_hls_inst_0/bd_0_hls_inst_0_chirp/bd_0_hls_inst_0_chirp_chirp_Pipeline_VITIS_LOOP_60_1_VITIS_LOOP_63_2/bd_0_hls_inst_0_chirp_fadd_32ns_32ns_32_5_full_dsp_1/bd_0_hls_inst_0_chirp_fadd_32ns_32ns_32_5_full_dsp_1_ip/<hidden>/<hidden>/<hidden>/<hidden>/<hidden>/<hidden>
  -------------------------------------------------------------------    -------------------

                         (clock ap_clk rise edge)    10.000    10.000 r  
                                                      0.000    10.000 r  ap_clk (IN)
                         net (fo=3516, unset)         0.924    10.924    bd_0_wrapper/bd_0/bd_0_hls_inst_0/bd_0_hls_inst_0_chirp/bd_0_hls_inst_0_chirp_chirp_Pipeline_VITIS_LOOP_60_1_VITIS_LOOP_63_2/bd_0_hls_inst_0_chirp_fadd_32ns_32ns_32_5_full_dsp_1/bd_0_hls_inst_0_chirp_fadd_32ns_32ns_32_5_full_dsp_1_ip/<hidden>/<hidden>/<hidden>/<hidden>/<hidden>/<hidden>
    DSP48_X2Y29          DSP48E1                                      r  bd_0_wrapper/bd_0/bd_0_hls_inst_0/bd_0_hls_inst_0_chirp/bd_0_hls_inst_0_chirp_chirp_Pipeline_VITIS_LOOP_60_1_VITIS_LOOP_63_2/bd_0_hls_inst_0_chirp_fadd_32ns_32ns_32_5_full_dsp_1/bd_0_hls_inst_0_chirp_fadd_32ns_32ns_32_5_full_dsp_1_ip/<hidden>/<hidden>/<hidden>/<hidden>/<hidden>/<hidden>
                         clock pessimism              0.000    10.924    
                         clock uncertainty           -0.035    10.889    
    DSP48_X2Y29          DSP48E1 (Setup_dsp48e1_CLK_D[8])
                                                     -5.342     5.547    bd_0_wrapper/bd_0/bd_0_hls_inst_0/bd_0_hls_inst_0_chirp/bd_0_hls_inst_0_chirp_chirp_Pipeline_VITIS_LOOP_60_1_VITIS_LOOP_63_2/bd_0_hls_inst_0_chirp_fadd_32ns_32ns_32_5_full_dsp_1/bd_0_hls_inst_0_chirp_fadd_32ns_32ns_32_5_full_dsp_1_ip/<hidden>/<hidden>/<hidden>/<hidden>/<hidden>/<hidden>
  -------------------------------------------------------------------
                         required time                          5.547    
                         arrival time                          -4.158    
  -------------------------------------------------------------------
                         slack                                  1.389    

Slack (MET) :             1.395ns  (required time - arrival time)
  Source:                 bd_0_wrapper/bd_0/bd_0_hls_inst_0/bd_0_hls_inst_0_chirp/bd_0_hls_inst_0_chirp_chirp_Pipeline_VITIS_LOOP_60_1_VITIS_LOOP_63_2/bd_0_hls_inst_0_chirp_fadd_32ns_32ns_32_5_full_dsp_1/bd_0_hls_inst_0_chirp_fadd_32ns_32ns_32_5_full_dsp_1_ip/<hidden>/<hidden>/<hidden>/<hidden>/<hidden>/<hidden>/<hidden>/<hidden>
                            (rising edge-triggered cell FDRE clocked by ap_clk  {rise@0.000ns fall@5.000ns period=10.000ns})
  Destination:            bd_0_wrapper/bd_0/bd_0_hls_inst_0/bd_0_hls_inst_0_chirp/bd_0_hls_inst_0_chirp_chirp_Pipeline_VITIS_LOOP_60_1_VITIS_LOOP_63_2/bd_0_hls_inst_0_chirp_fadd_32ns_32ns_32_5_full_dsp_1/bd_0_hls_inst_0_chirp_fadd_32ns_32ns_32_5_full_dsp_1_ip/<hidden>/<hidden>/<hidden>/<hidden>/<hidden>/<hidden>
                            (rising edge-triggered cell DSP48E1 clocked by ap_clk  {rise@0.000ns fall@5.000ns period=10.000ns})
  Path Group:             ap_clk
  Path Type:              Setup (Max at Slow Process Corner)
  Requirement:            10.000ns  (ap_clk rise@10.000ns - ap_clk rise@0.000ns)
  Data Path Delay:        3.179ns  (logic 0.580ns (18.244%)  route 2.599ns (81.756%))
  Logic Levels:           1  (LUT3=1)
  Clock Path Skew:        -0.049ns (DCD - SCD + CPR)
    Destination Clock Delay (DCD):    0.924ns = ( 10.924 - 10.000 ) 
    Source Clock Delay      (SCD):    0.973ns
    Clock Pessimism Removal (CPR):    0.000ns
  Clock Uncertainty:      0.035ns  ((TSJ^2 + TIJ^2)^1/2 + DJ) / 2 + PE
    Total System Jitter     (TSJ):    0.071ns
    Total Input Jitter      (TIJ):    0.000ns
    Discrete Jitter          (DJ):    0.000ns
    Phase Error              (PE):    0.000ns

    Location             Delay type                Incr(ns)  Path(ns)    Netlist Resource(s)
  -------------------------------------------------------------------    -------------------
                         (clock ap_clk rise edge)     0.000     0.000 r  
                                                      0.000     0.000 r  ap_clk (IN)
                         net (fo=3516, unset)         0.973     0.973    bd_0_wrapper/bd_0/bd_0_hls_inst_0/bd_0_hls_inst_0_chirp/bd_0_hls_inst_0_chirp_chirp_Pipeline_VITIS_LOOP_60_1_VITIS_LOOP_63_2/bd_0_hls_inst_0_chirp_fadd_32ns_32ns_32_5_full_dsp_1/bd_0_hls_inst_0_chirp_fadd_32ns_32ns_32_5_full_dsp_1_ip/<hidden>/<hidden>/<hidden>/<hidden>/<hidden>/<hidden>/<hidden>/<hidden>
    SLICE_X52Y75         FDRE                                         r  bd_0_wrapper/bd_0/bd_0_hls_inst_0/bd_0_hls_inst_0_chirp/bd_0_hls_inst_0_chirp_chirp_Pipeline_VITIS_LOOP_60_1_VITIS_LOOP_63_2/bd_0_hls_inst_0_chirp_fadd_32ns_32ns_32_5_full_dsp_1/bd_0_hls_inst_0_chirp_fadd_32ns_32ns_32_5_full_dsp_1_ip/<hidden>/<hidden>/<hidden>/<hidden>/<hidden>/<hidden>/<hidden>/<hidden>
  -------------------------------------------------------------------    -------------------
    SLICE_X52Y75         FDRE (Prop_fdre_C_Q)         0.456     1.429 r  bd_0_wrapper/bd_0/bd_0_hls_inst_0/bd_0_hls_inst_0_chirp/bd_0_hls_inst_0_chirp_chirp_Pipeline_VITIS_LOOP_60_1_VITIS_LOOP_63_2/bd_0_hls_inst_0_chirp_fadd_32ns_32ns_32_5_full_dsp_1/bd_0_hls_inst_0_chirp_fadd_32ns_32ns_32_5_full_dsp_1_ip/<hidden>/<hidden>/<hidden>/<hidden>/<hidden>/<hidden>/<hidden>/<hidden>
                         net (fo=53, routed)          1.084     2.513    bd_0_wrapper/bd_0/bd_0_hls_inst_0/bd_0_hls_inst_0_chirp/bd_0_hls_inst_0_chirp_chirp_Pipeline_VITIS_LOOP_60_1_VITIS_LOOP_63_2/bd_0_hls_inst_0_chirp_fadd_32ns_32ns_32_5_full_dsp_1/bd_0_hls_inst_0_chirp_fadd_32ns_32ns_32_5_full_dsp_1_ip/<hidden>/<hidden>/<hidden>/<hidden>/<hidden>/<hidden>
    SLICE_X50Y72         LUT3 (Prop_lut3_I1_O)        0.124     2.637 r  bd_0_wrapper/bd_0/bd_0_hls_inst_0/bd_0_hls_inst_0_chirp/bd_0_hls_inst_0_chirp_chirp_Pipeline_VITIS_LOOP_60_1_VITIS_LOOP_63_2/bd_0_hls_inst_0_chirp_fadd_32ns_32ns_32_5_full_dsp_1/bd_0_hls_inst_0_chirp_fadd_32ns_32ns_32_5_full_dsp_1_ip/<hidden>/<hidden>/<hidden>/<hidden>/<hidden>/<hidden>
                         net (fo=2, routed)           1.515     4.152    bd_0_wrapper/bd_0/bd_0_hls_inst_0/bd_0_hls_inst_0_chirp/bd_0_hls_inst_0_chirp_chirp_Pipeline_VITIS_LOOP_60_1_VITIS_LOOP_63_2/bd_0_hls_inst_0_chirp_fadd_32ns_32ns_32_5_full_dsp_1/bd_0_hls_inst_0_chirp_fadd_32ns_32ns_32_5_full_dsp_1_ip/<hidden>/<hidden>/<hidden>/<hidden>/<hidden>/<hidden>
    DSP48_X2Y29          DSP48E1                                      r  bd_0_wrapper/bd_0/bd_0_hls_inst_0/bd_0_hls_inst_0_chirp/bd_0_hls_inst_0_chirp_chirp_Pipeline_VITIS_LOOP_60_1_VITIS_LOOP_63_2/bd_0_hls_inst_0_chirp_fadd_32ns_32ns_32_5_full_dsp_1/bd_0_hls_inst_0_chirp_fadd_32ns_32ns_32_5_full_dsp_1_ip/<hidden>/<hidden>/<hidden>/<hidden>/<hidden>/<hidden>
  -------------------------------------------------------------------    -------------------

                         (clock ap_clk rise edge)    10.000    10.000 r  
                                                      0.000    10.000 r  ap_clk (IN)
                         net (fo=3516, unset)         0.924    10.924    bd_0_wrapper/bd_0/bd_0_hls_inst_0/bd_0_hls_inst_0_chirp/bd_0_hls_inst_0_chirp_chirp_Pipeline_VITIS_LOOP_60_1_VITIS_LOOP_63_2/bd_0_hls_inst_0_chirp_fadd_32ns_32ns_32_5_full_dsp_1/bd_0_hls_inst_0_chirp_fadd_32ns_32ns_32_5_full_dsp_1_ip/<hidden>/<hidden>/<hidden>/<hidden>/<hidden>/<hidden>
    DSP48_X2Y29          DSP48E1                                      r  bd_0_wrapper/bd_0/bd_0_hls_inst_0/bd_0_hls_inst_0_chirp/bd_0_hls_inst_0_chirp_chirp_Pipeline_VITIS_LOOP_60_1_VITIS_LOOP_63_2/bd_0_hls_inst_0_chirp_fadd_32ns_32ns_32_5_full_dsp_1/bd_0_hls_inst_0_chirp_fadd_32ns_32ns_32_5_full_dsp_1_ip/<hidden>/<hidden>/<hidden>/<hidden>/<hidden>/<hidden>
                         clock pessimism              0.000    10.924    
                         clock uncertainty           -0.035    10.889    
    DSP48_X2Y29          DSP48E1 (Setup_dsp48e1_CLK_D[0])
                                                     -5.342     5.547    bd_0_wrapper/bd_0/bd_0_hls_inst_0/bd_0_hls_inst_0_chirp/bd_0_hls_inst_0_chirp_chirp_Pipeline_VITIS_LOOP_60_1_VITIS_LOOP_63_2/bd_0_hls_inst_0_chirp_fadd_32ns_32ns_32_5_full_dsp_1/bd_0_hls_inst_0_chirp_fadd_32ns_32ns_32_5_full_dsp_1_ip/<hidden>/<hidden>/<hidden>/<hidden>/<hidden>/<hidden>
  -------------------------------------------------------------------
                         required time                          5.547    
                         arrival time                          -4.152    
  -------------------------------------------------------------------
                         slack                                  1.395    

Slack (MET) :             1.421ns  (required time - arrival time)
  Source:                 bd_0_wrapper/bd_0/bd_0_hls_inst_0/bd_0_hls_inst_0_chirp/bd_0_hls_inst_0_chirp_chirp_Pipeline_VITIS_LOOP_60_1_VITIS_LOOP_63_2/bd_0_hls_inst_0_chirp_fadd_32ns_32ns_32_5_full_dsp_1/bd_0_hls_inst_0_chirp_fadd_32ns_32ns_32_5_full_dsp_1_ip/<hidden>/<hidden>/<hidden>/<hidden>/<hidden>/<hidden>/<hidden>/<hidden>
                            (rising edge-triggered cell FDRE clocked by ap_clk  {rise@0.000ns fall@5.000ns period=10.000ns})
  Destination:            bd_0_wrapper/bd_0/bd_0_hls_inst_0/bd_0_hls_inst_0_chirp/bd_0_hls_inst_0_chirp_chirp_Pipeline_VITIS_LOOP_60_1_VITIS_LOOP_63_2/bd_0_hls_inst_0_chirp_fadd_32ns_32ns_32_5_full_dsp_1/bd_0_hls_inst_0_chirp_fadd_32ns_32ns_32_5_full_dsp_1_ip/<hidden>/<hidden>/<hidden>/<hidden>/<hidden>/<hidden>
                            (rising edge-triggered cell DSP48E1 clocked by ap_clk  {rise@0.000ns fall@5.000ns period=10.000ns})
  Path Group:             ap_clk
  Path Type:              Setup (Max at Slow Process Corner)
  Requirement:            10.000ns  (ap_clk rise@10.000ns - ap_clk rise@0.000ns)
  Data Path Delay:        3.153ns  (logic 0.580ns (18.397%)  route 2.573ns (81.603%))
  Logic Levels:           1  (LUT3=1)
  Clock Path Skew:        -0.049ns (DCD - SCD + CPR)
    Destination Clock Delay (DCD):    0.924ns = ( 10.924 - 10.000 ) 
    Source Clock Delay      (SCD):    0.973ns
    Clock Pessimism Removal (CPR):    0.000ns
  Clock Uncertainty:      0.035ns  ((TSJ^2 + TIJ^2)^1/2 + DJ) / 2 + PE
    Total System Jitter     (TSJ):    0.071ns
    Total Input Jitter      (TIJ):    0.000ns
    Discrete Jitter          (DJ):    0.000ns
    Phase Error              (PE):    0.000ns

    Location             Delay type                Incr(ns)  Path(ns)    Netlist Resource(s)
  -------------------------------------------------------------------    -------------------
                         (clock ap_clk rise edge)     0.000     0.000 r  
                                                      0.000     0.000 r  ap_clk (IN)
                         net (fo=3516, unset)         0.973     0.973    bd_0_wrapper/bd_0/bd_0_hls_inst_0/bd_0_hls_inst_0_chirp/bd_0_hls_inst_0_chirp_chirp_Pipeline_VITIS_LOOP_60_1_VITIS_LOOP_63_2/bd_0_hls_inst_0_chirp_fadd_32ns_32ns_32_5_full_dsp_1/bd_0_hls_inst_0_chirp_fadd_32ns_32ns_32_5_full_dsp_1_ip/<hidden>/<hidden>/<hidden>/<hidden>/<hidden>/<hidden>/<hidden>/<hidden>
    SLICE_X52Y75         FDRE                                         r  bd_0_wrapper/bd_0/bd_0_hls_inst_0/bd_0_hls_inst_0_chirp/bd_0_hls_inst_0_chirp_chirp_Pipeline_VITIS_LOOP_60_1_VITIS_LOOP_63_2/bd_0_hls_inst_0_chirp_fadd_32ns_32ns_32_5_full_dsp_1/bd_0_hls_inst_0_chirp_fadd_32ns_32ns_32_5_full_dsp_1_ip/<hidden>/<hidden>/<hidden>/<hidden>/<hidden>/<hidden>/<hidden>/<hidden>
  -------------------------------------------------------------------    -------------------
    SLICE_X52Y75         FDRE (Prop_fdre_C_Q)         0.456     1.429 r  bd_0_wrapper/bd_0/bd_0_hls_inst_0/bd_0_hls_inst_0_chirp/bd_0_hls_inst_0_chirp_chirp_Pipeline_VITIS_LOOP_60_1_VITIS_LOOP_63_2/bd_0_hls_inst_0_chirp_fadd_32ns_32ns_32_5_full_dsp_1/bd_0_hls_inst_0_chirp_fadd_32ns_32ns_32_5_full_dsp_1_ip/<hidden>/<hidden>/<hidden>/<hidden>/<hidden>/<hidden>/<hidden>/<hidden>
                         net (fo=53, routed)          0.935     2.364    bd_0_wrapper/bd_0/bd_0_hls_inst_0/bd_0_hls_inst_0_chirp/bd_0_hls_inst_0_chirp_chirp_Pipeline_VITIS_LOOP_60_1_VITIS_LOOP_63_2/bd_0_hls_inst_0_chirp_fadd_32ns_32ns_32_5_full_dsp_1/bd_0_hls_inst_0_chirp_fadd_32ns_32ns_32_5_full_dsp_1_ip/<hidden>/<hidden>/<hidden>/<hidden>/<hidden>/<hidden>
    SLICE_X50Y74         LUT3 (Prop_lut3_I1_O)        0.124     2.488 r  bd_0_wrapper/bd_0/bd_0_hls_inst_0/bd_0_hls_inst_0_chirp/bd_0_hls_inst_0_chirp_chirp_Pipeline_VITIS_LOOP_60_1_VITIS_LOOP_63_2/bd_0_hls_inst_0_chirp_fadd_32ns_32ns_32_5_full_dsp_1/bd_0_hls_inst_0_chirp_fadd_32ns_32ns_32_5_full_dsp_1_ip/<hidden>/<hidden>/<hidden>/<hidden>/<hidden>/<hidden>
                         net (fo=2, routed)           1.638     4.126    bd_0_wrapper/bd_0/bd_0_hls_inst_0/bd_0_hls_inst_0_chirp/bd_0_hls_inst_0_chirp_chirp_Pipeline_VITIS_LOOP_60_1_VITIS_LOOP_63_2/bd_0_hls_inst_0_chirp_fadd_32ns_32ns_32_5_full_dsp_1/bd_0_hls_inst_0_chirp_fadd_32ns_32ns_32_5_full_dsp_1_ip/<hidden>/<hidden>/<hidden>/<hidden>/<hidden>/<hidden>
    DSP48_X2Y29          DSP48E1                                      r  bd_0_wrapper/bd_0/bd_0_hls_inst_0/bd_0_hls_inst_0_chirp/bd_0_hls_inst_0_chirp_chirp_Pipeline_VITIS_LOOP_60_1_VITIS_LOOP_63_2/bd_0_hls_inst_0_chirp_fadd_32ns_32ns_32_5_full_dsp_1/bd_0_hls_inst_0_chirp_fadd_32ns_32ns_32_5_full_dsp_1_ip/<hidden>/<hidden>/<hidden>/<hidden>/<hidden>/<hidden>
  -------------------------------------------------------------------    -------------------

                         (clock ap_clk rise edge)    10.000    10.000 r  
                                                      0.000    10.000 r  ap_clk (IN)
                         net (fo=3516, unset)         0.924    10.924    bd_0_wrapper/bd_0/bd_0_hls_inst_0/bd_0_hls_inst_0_chirp/bd_0_hls_inst_0_chirp_chirp_Pipeline_VITIS_LOOP_60_1_VITIS_LOOP_63_2/bd_0_hls_inst_0_chirp_fadd_32ns_32ns_32_5_full_dsp_1/bd_0_hls_inst_0_chirp_fadd_32ns_32ns_32_5_full_dsp_1_ip/<hidden>/<hidden>/<hidden>/<hidden>/<hidden>/<hidden>
    DSP48_X2Y29          DSP48E1                                      r  bd_0_wrapper/bd_0/bd_0_hls_inst_0/bd_0_hls_inst_0_chirp/bd_0_hls_inst_0_chirp_chirp_Pipeline_VITIS_LOOP_60_1_VITIS_LOOP_63_2/bd_0_hls_inst_0_chirp_fadd_32ns_32ns_32_5_full_dsp_1/bd_0_hls_inst_0_chirp_fadd_32ns_32ns_32_5_full_dsp_1_ip/<hidden>/<hidden>/<hidden>/<hidden>/<hidden>/<hidden>
                         clock pessimism              0.000    10.924    
                         clock uncertainty           -0.035    10.889    
    DSP48_X2Y29          DSP48E1 (Setup_dsp48e1_CLK_D[4])
                                                     -5.342     5.547    bd_0_wrapper/bd_0/bd_0_hls_inst_0/bd_0_hls_inst_0_chirp/bd_0_hls_inst_0_chirp_chirp_Pipeline_VITIS_LOOP_60_1_VITIS_LOOP_63_2/bd_0_hls_inst_0_chirp_fadd_32ns_32ns_32_5_full_dsp_1/bd_0_hls_inst_0_chirp_fadd_32ns_32ns_32_5_full_dsp_1_ip/<hidden>/<hidden>/<hidden>/<hidden>/<hidden>/<hidden>
  -------------------------------------------------------------------
                         required time                          5.547    
                         arrival time                          -4.126    
  -------------------------------------------------------------------
                         slack                                  1.421    

Slack (MET) :             1.470ns  (required time - arrival time)
  Source:                 bd_0_wrapper/bd_0/bd_0_hls_inst_0/bd_0_hls_inst_0_chirp/bd_0_hls_inst_0_chirp_chirp_Pipeline_VITIS_LOOP_60_1_VITIS_LOOP_63_2/bd_0_hls_inst_0_chirp_fadd_32ns_32ns_32_5_full_dsp_1/bd_0_hls_inst_0_chirp_fadd_32ns_32ns_32_5_full_dsp_1_ip/<hidden>/<hidden>/<hidden>/<hidden>/<hidden>/<hidden>/<hidden>/<hidden>
                            (rising edge-triggered cell FDRE clocked by ap_clk  {rise@0.000ns fall@5.000ns period=10.000ns})
  Destination:            bd_0_wrapper/bd_0/bd_0_hls_inst_0/bd_0_hls_inst_0_chirp/bd_0_hls_inst_0_chirp_chirp_Pipeline_VITIS_LOOP_60_1_VITIS_LOOP_63_2/bd_0_hls_inst_0_chirp_fadd_32ns_32ns_32_5_full_dsp_1/bd_0_hls_inst_0_chirp_fadd_32ns_32ns_32_5_full_dsp_1_ip/<hidden>/<hidden>/<hidden>/<hidden>/<hidden>/<hidden>
                            (rising edge-triggered cell DSP48E1 clocked by ap_clk  {rise@0.000ns fall@5.000ns period=10.000ns})
  Path Group:             ap_clk
  Path Type:              Setup (Max at Slow Process Corner)
  Requirement:            10.000ns  (ap_clk rise@10.000ns - ap_clk rise@0.000ns)
  Data Path Delay:        2.972ns  (logic 0.580ns (19.513%)  route 2.392ns (80.487%))
  Logic Levels:           1  (LUT3=1)
  Clock Path Skew:        -0.049ns (DCD - SCD + CPR)
    Destination Clock Delay (DCD):    0.924ns = ( 10.924 - 10.000 ) 
    Source Clock Delay      (SCD):    0.973ns
    Clock Pessimism Removal (CPR):    0.000ns
  Clock Uncertainty:      0.035ns  ((TSJ^2 + TIJ^2)^1/2 + DJ) / 2 + PE
    Total System Jitter     (TSJ):    0.071ns
    Total Input Jitter      (TIJ):    0.000ns
    Discrete Jitter          (DJ):    0.000ns
    Phase Error              (PE):    0.000ns

    Location             Delay type                Incr(ns)  Path(ns)    Netlist Resource(s)
  -------------------------------------------------------------------    -------------------
                         (clock ap_clk rise edge)     0.000     0.000 r  
                                                      0.000     0.000 r  ap_clk (IN)
                         net (fo=3516, unset)         0.973     0.973    bd_0_wrapper/bd_0/bd_0_hls_inst_0/bd_0_hls_inst_0_chirp/bd_0_hls_inst_0_chirp_chirp_Pipeline_VITIS_LOOP_60_1_VITIS_LOOP_63_2/bd_0_hls_inst_0_chirp_fadd_32ns_32ns_32_5_full_dsp_1/bd_0_hls_inst_0_chirp_fadd_32ns_32ns_32_5_full_dsp_1_ip/<hidden>/<hidden>/<hidden>/<hidden>/<hidden>/<hidden>/<hidden>/<hidden>
    SLICE_X52Y75         FDRE                                         r  bd_0_wrapper/bd_0/bd_0_hls_inst_0/bd_0_hls_inst_0_chirp/bd_0_hls_inst_0_chirp_chirp_Pipeline_VITIS_LOOP_60_1_VITIS_LOOP_63_2/bd_0_hls_inst_0_chirp_fadd_32ns_32ns_32_5_full_dsp_1/bd_0_hls_inst_0_chirp_fadd_32ns_32ns_32_5_full_dsp_1_ip/<hidden>/<hidden>/<hidden>/<hidden>/<hidden>/<hidden>/<hidden>/<hidden>
  -------------------------------------------------------------------    -------------------
    SLICE_X52Y75         FDRE (Prop_fdre_C_Q)         0.456     1.429 r  bd_0_wrapper/bd_0/bd_0_hls_inst_0/bd_0_hls_inst_0_chirp/bd_0_hls_inst_0_chirp_chirp_Pipeline_VITIS_LOOP_60_1_VITIS_LOOP_63_2/bd_0_hls_inst_0_chirp_fadd_32ns_32ns_32_5_full_dsp_1/bd_0_hls_inst_0_chirp_fadd_32ns_32ns_32_5_full_dsp_1_ip/<hidden>/<hidden>/<hidden>/<hidden>/<hidden>/<hidden>/<hidden>/<hidden>
                         net (fo=53, routed)          1.280     2.709    bd_0_wrapper/bd_0/bd_0_hls_inst_0/bd_0_hls_inst_0_chirp/bd_0_hls_inst_0_chirp_chirp_Pipeline_VITIS_LOOP_60_1_VITIS_LOOP_63_2/bd_0_hls_inst_0_chirp_fadd_32ns_32ns_32_5_full_dsp_1/bd_0_hls_inst_0_chirp_fadd_32ns_32ns_32_5_full_dsp_1_ip/<hidden>/<hidden>/<hidden>/<hidden>/<hidden>/<hidden>
    SLICE_X50Y71         LUT3 (Prop_lut3_I1_O)        0.124     2.833 r  bd_0_wrapper/bd_0/bd_0_hls_inst_0/bd_0_hls_inst_0_chirp/bd_0_hls_inst_0_chirp_chirp_Pipeline_VITIS_LOOP_60_1_VITIS_LOOP_63_2/bd_0_hls_inst_0_chirp_fadd_32ns_32ns_32_5_full_dsp_1/bd_0_hls_inst_0_chirp_fadd_32ns_32ns_32_5_full_dsp_1_ip/<hidden>/<hidden>/<hidden>/<hidden>/<hidden>/<hidden>
                         net (fo=1, routed)           1.113     3.945    bd_0_wrapper/bd_0/bd_0_hls_inst_0/bd_0_hls_inst_0_chirp/bd_0_hls_inst_0_chirp_chirp_Pipeline_VITIS_LOOP_60_1_VITIS_LOOP_63_2/bd_0_hls_inst_0_chirp_fadd_32ns_32ns_32_5_full_dsp_1/bd_0_hls_inst_0_chirp_fadd_32ns_32ns_32_5_full_dsp_1_ip/<hidden>/<hidden>/<hidden>/<hidden>/<hidden>/<hidden>
    DSP48_X2Y29          DSP48E1                                      r  bd_0_wrapper/bd_0/bd_0_hls_inst_0/bd_0_hls_inst_0_chirp/bd_0_hls_inst_0_chirp_chirp_Pipeline_VITIS_LOOP_60_1_VITIS_LOOP_63_2/bd_0_hls_inst_0_chirp_fadd_32ns_32ns_32_5_full_dsp_1/bd_0_hls_inst_0_chirp_fadd_32ns_32ns_32_5_full_dsp_1_ip/<hidden>/<hidden>/<hidden>/<hidden>/<hidden>/<hidden>
  -------------------------------------------------------------------    -------------------

                         (clock ap_clk rise edge)    10.000    10.000 r  
                                                      0.000    10.000 r  ap_clk (IN)
                         net (fo=3516, unset)         0.924    10.924    bd_0_wrapper/bd_0/bd_0_hls_inst_0/bd_0_hls_inst_0_chirp/bd_0_hls_inst_0_chirp_chirp_Pipeline_VITIS_LOOP_60_1_VITIS_LOOP_63_2/bd_0_hls_inst_0_chirp_fadd_32ns_32ns_32_5_full_dsp_1/bd_0_hls_inst_0_chirp_fadd_32ns_32ns_32_5_full_dsp_1_ip/<hidden>/<hidden>/<hidden>/<hidden>/<hidden>/<hidden>
    DSP48_X2Y29          DSP48E1                                      r  bd_0_wrapper/bd_0/bd_0_hls_inst_0/bd_0_hls_inst_0_chirp/bd_0_hls_inst_0_chirp_chirp_Pipeline_VITIS_LOOP_60_1_VITIS_LOOP_63_2/bd_0_hls_inst_0_chirp_fadd_32ns_32ns_32_5_full_dsp_1/bd_0_hls_inst_0_chirp_fadd_32ns_32ns_32_5_full_dsp_1_ip/<hidden>/<hidden>/<hidden>/<hidden>/<hidden>/<hidden>
                         clock pessimism              0.000    10.924    
                         clock uncertainty           -0.035    10.889    
    DSP48_X2Y29          DSP48E1 (Setup_dsp48e1_CLK_A[2])
                                                     -5.474     5.415    bd_0_wrapper/bd_0/bd_0_hls_inst_0/bd_0_hls_inst_0_chirp/bd_0_hls_inst_0_chirp_chirp_Pipeline_VITIS_LOOP_60_1_VITIS_LOOP_63_2/bd_0_hls_inst_0_chirp_fadd_32ns_32ns_32_5_full_dsp_1/bd_0_hls_inst_0_chirp_fadd_32ns_32ns_32_5_full_dsp_1_ip/<hidden>/<hidden>/<hidden>/<hidden>/<hidden>/<hidden>
  -------------------------------------------------------------------
                         required time                          5.415    
                         arrival time                          -3.945    
  -------------------------------------------------------------------
                         slack                                  1.470    





Min Delay Paths
--------------------------------------------------------------------------------------
Slack (MET) :             0.053ns  (arrival time - required time)
  Source:                 bd_0_i/hls_inst/inst/grp_chirp_Pipeline_VITIS_LOOP_60_1_VITIS_LOOP_63_2_fu_92/select_ln60_reg_1593_reg[4]/C
                            (rising edge-triggered cell FDRE clocked by ap_clk  {rise@0.000ns fall@5.000ns period=10.000ns})
  Destination:            bd_0_i/hls_inst/inst/grp_chirp_Pipeline_VITIS_LOOP_60_1_VITIS_LOOP_63_2_fu_92/out_r_addr_reg_1626_pp0_iter34_reg_reg[4]_srl32/D
                            (rising edge-triggered cell SRLC32E clocked by ap_clk  {rise@0.000ns fall@5.000ns period=10.000ns})
  Path Group:             ap_clk
  Path Type:              Hold (Min at Fast Process Corner)
  Requirement:            0.000ns  (ap_clk rise@0.000ns - ap_clk rise@0.000ns)
  Data Path Delay:        0.258ns  (logic 0.141ns (54.653%)  route 0.117ns (45.347%))
  Logic Levels:           0  
  Clock Path Skew:        0.022ns (DCD - SCD - CPR)
    Destination Clock Delay (DCD):    0.432ns
    Source Clock Delay      (SCD):    0.410ns
    Clock Pessimism Removal (CPR):    -0.000ns

    Location             Delay type                Incr(ns)  Path(ns)    Netlist Resource(s)
  -------------------------------------------------------------------    -------------------
                         (clock ap_clk rise edge)     0.000     0.000 r  
                                                      0.000     0.000 r  ap_clk (IN)
                         net (fo=3516, unset)         0.410     0.410    bd_0_i/hls_inst/inst/grp_chirp_Pipeline_VITIS_LOOP_60_1_VITIS_LOOP_63_2_fu_92/ap_clk
    SLICE_X64Y64         FDRE                                         r  bd_0_i/hls_inst/inst/grp_chirp_Pipeline_VITIS_LOOP_60_1_VITIS_LOOP_63_2_fu_92/select_ln60_reg_1593_reg[4]/C
  -------------------------------------------------------------------    -------------------
    SLICE_X64Y64         FDRE (Prop_fdre_C_Q)         0.141     0.551 r  bd_0_i/hls_inst/inst/grp_chirp_Pipeline_VITIS_LOOP_60_1_VITIS_LOOP_63_2_fu_92/select_ln60_reg_1593_reg[4]/Q
                         net (fo=2, routed)           0.117     0.668    bd_0_i/hls_inst/inst/grp_chirp_Pipeline_VITIS_LOOP_60_1_VITIS_LOOP_63_2_fu_92/select_ln60_reg_1593[4]
    SLICE_X66Y64         SRLC32E                                      r  bd_0_i/hls_inst/inst/grp_chirp_Pipeline_VITIS_LOOP_60_1_VITIS_LOOP_63_2_fu_92/out_r_addr_reg_1626_pp0_iter34_reg_reg[4]_srl32/D
  -------------------------------------------------------------------    -------------------

                         (clock ap_clk rise edge)     0.000     0.000 r  
                                                      0.000     0.000 r  ap_clk (IN)
                         net (fo=3516, unset)         0.432     0.432    bd_0_i/hls_inst/inst/grp_chirp_Pipeline_VITIS_LOOP_60_1_VITIS_LOOP_63_2_fu_92/ap_clk
    SLICE_X66Y64         SRLC32E                                      r  bd_0_i/hls_inst/inst/grp_chirp_Pipeline_VITIS_LOOP_60_1_VITIS_LOOP_63_2_fu_92/out_r_addr_reg_1626_pp0_iter34_reg_reg[4]_srl32/CLK
                         clock pessimism              0.000     0.432    
    SLICE_X66Y64         SRLC32E (Hold_srlc32e_CLK_D)
                                                      0.183     0.615    bd_0_i/hls_inst/inst/grp_chirp_Pipeline_VITIS_LOOP_60_1_VITIS_LOOP_63_2_fu_92/out_r_addr_reg_1626_pp0_iter34_reg_reg[4]_srl32
  -------------------------------------------------------------------
                         required time                         -0.615    
                         arrival time                           0.668    
  -------------------------------------------------------------------
                         slack                                  0.053    

Slack (MET) :             0.100ns  (arrival time - required time)
  Source:                 bd_0_i/hls_inst/inst/grp_chirp_Pipeline_VITIS_LOOP_60_1_VITIS_LOOP_63_2_fu_92/Mx_1_reg_1789_pp0_iter60_reg_reg[16]/C
                            (rising edge-triggered cell FDRE clocked by ap_clk  {rise@0.000ns fall@5.000ns period=10.000ns})
  Destination:            bd_0_i/hls_inst/inst/grp_chirp_Pipeline_VITIS_LOOP_60_1_VITIS_LOOP_63_2_fu_92/Mx_1_reg_1789_pp0_iter61_reg_reg[16]/D
                            (rising edge-triggered cell FDRE clocked by ap_clk  {rise@0.000ns fall@5.000ns period=10.000ns})
  Path Group:             ap_clk
  Path Type:              Hold (Min at Fast Process Corner)
  Requirement:            0.000ns  (ap_clk rise@0.000ns - ap_clk rise@0.000ns)
  Data Path Delay:        0.197ns  (logic 0.141ns (71.611%)  route 0.056ns (28.389%))
  Logic Levels:           0  
  Clock Path Skew:        0.022ns (DCD - SCD - CPR)
    Destination Clock Delay (DCD):    0.432ns
    Source Clock Delay      (SCD):    0.410ns
    Clock Pessimism Removal (CPR):    -0.000ns

    Location             Delay type                Incr(ns)  Path(ns)    Netlist Resource(s)
  -------------------------------------------------------------------    -------------------
                         (clock ap_clk rise edge)     0.000     0.000 r  
                                                      0.000     0.000 r  ap_clk (IN)
                         net (fo=3516, unset)         0.410     0.410    bd_0_i/hls_inst/inst/grp_chirp_Pipeline_VITIS_LOOP_60_1_VITIS_LOOP_63_2_fu_92/ap_clk
    SLICE_X43Y95         FDRE                                         r  bd_0_i/hls_inst/inst/grp_chirp_Pipeline_VITIS_LOOP_60_1_VITIS_LOOP_63_2_fu_92/Mx_1_reg_1789_pp0_iter60_reg_reg[16]/C
  -------------------------------------------------------------------    -------------------
    SLICE_X43Y95         FDRE (Prop_fdre_C_Q)         0.141     0.551 r  bd_0_i/hls_inst/inst/grp_chirp_Pipeline_VITIS_LOOP_60_1_VITIS_LOOP_63_2_fu_92/Mx_1_reg_1789_pp0_iter60_reg_reg[16]/Q
                         net (fo=1, routed)           0.056     0.607    bd_0_i/hls_inst/inst/grp_chirp_Pipeline_VITIS_LOOP_60_1_VITIS_LOOP_63_2_fu_92/Mx_1_reg_1789_pp0_iter60_reg[16]
    SLICE_X43Y95         FDRE                                         r  bd_0_i/hls_inst/inst/grp_chirp_Pipeline_VITIS_LOOP_60_1_VITIS_LOOP_63_2_fu_92/Mx_1_reg_1789_pp0_iter61_reg_reg[16]/D
  -------------------------------------------------------------------    -------------------

                         (clock ap_clk rise edge)     0.000     0.000 r  
                                                      0.000     0.000 r  ap_clk (IN)
                         net (fo=3516, unset)         0.432     0.432    bd_0_i/hls_inst/inst/grp_chirp_Pipeline_VITIS_LOOP_60_1_VITIS_LOOP_63_2_fu_92/ap_clk
    SLICE_X43Y95         FDRE                                         r  bd_0_i/hls_inst/inst/grp_chirp_Pipeline_VITIS_LOOP_60_1_VITIS_LOOP_63_2_fu_92/Mx_1_reg_1789_pp0_iter61_reg_reg[16]/C
                         clock pessimism              0.000     0.432    
    SLICE_X43Y95         FDRE (Hold_fdre_C_D)         0.075     0.507    bd_0_i/hls_inst/inst/grp_chirp_Pipeline_VITIS_LOOP_60_1_VITIS_LOOP_63_2_fu_92/Mx_1_reg_1789_pp0_iter61_reg_reg[16]
  -------------------------------------------------------------------
                         required time                         -0.507    
                         arrival time                           0.607    
  -------------------------------------------------------------------
                         slack                                  0.100    

Slack (MET) :             0.100ns  (arrival time - required time)
  Source:                 bd_0_i/hls_inst/inst/grp_chirp_Pipeline_VITIS_LOOP_60_1_VITIS_LOOP_63_2_fu_92/conv1_reg_1651_reg[46]/C
                            (rising edge-triggered cell FDRE clocked by ap_clk  {rise@0.000ns fall@5.000ns period=10.000ns})
  Destination:            bd_0_i/hls_inst/inst/grp_chirp_Pipeline_VITIS_LOOP_60_1_VITIS_LOOP_63_2_fu_92/dmul_64ns_64ns_64_7_max_dsp_1_U10/din0_buf1_reg[46]/D
                            (rising edge-triggered cell FDRE clocked by ap_clk  {rise@0.000ns fall@5.000ns period=10.000ns})
  Path Group:             ap_clk
  Path Type:              Hold (Min at Fast Process Corner)
  Requirement:            0.000ns  (ap_clk rise@0.000ns - ap_clk rise@0.000ns)
  Data Path Delay:        0.197ns  (logic 0.141ns (71.611%)  route 0.056ns (28.389%))
  Logic Levels:           0  
  Clock Path Skew:        0.022ns (DCD - SCD - CPR)
    Destination Clock Delay (DCD):    0.432ns
    Source Clock Delay      (SCD):    0.410ns
    Clock Pessimism Removal (CPR):    -0.000ns

    Location             Delay type                Incr(ns)  Path(ns)    Netlist Resource(s)
  -------------------------------------------------------------------    -------------------
                         (clock ap_clk rise edge)     0.000     0.000 r  
                                                      0.000     0.000 r  ap_clk (IN)
                         net (fo=3516, unset)         0.410     0.410    bd_0_i/hls_inst/inst/grp_chirp_Pipeline_VITIS_LOOP_60_1_VITIS_LOOP_63_2_fu_92/ap_clk
    SLICE_X43Y77         FDRE                                         r  bd_0_i/hls_inst/inst/grp_chirp_Pipeline_VITIS_LOOP_60_1_VITIS_LOOP_63_2_fu_92/conv1_reg_1651_reg[46]/C
  -------------------------------------------------------------------    -------------------
    SLICE_X43Y77         FDRE (Prop_fdre_C_Q)         0.141     0.551 r  bd_0_i/hls_inst/inst/grp_chirp_Pipeline_VITIS_LOOP_60_1_VITIS_LOOP_63_2_fu_92/conv1_reg_1651_reg[46]/Q
                         net (fo=1, routed)           0.056     0.607    bd_0_i/hls_inst/inst/grp_chirp_Pipeline_VITIS_LOOP_60_1_VITIS_LOOP_63_2_fu_92/dmul_64ns_64ns_64_7_max_dsp_1_U10/Q[46]
    SLICE_X43Y77         FDRE                                         r  bd_0_i/hls_inst/inst/grp_chirp_Pipeline_VITIS_LOOP_60_1_VITIS_LOOP_63_2_fu_92/dmul_64ns_64ns_64_7_max_dsp_1_U10/din0_buf1_reg[46]/D
  -------------------------------------------------------------------    -------------------

                         (clock ap_clk rise edge)     0.000     0.000 r  
                                                      0.000     0.000 r  ap_clk (IN)
                         net (fo=3516, unset)         0.432     0.432    bd_0_i/hls_inst/inst/grp_chirp_Pipeline_VITIS_LOOP_60_1_VITIS_LOOP_63_2_fu_92/dmul_64ns_64ns_64_7_max_dsp_1_U10/ap_clk
    SLICE_X43Y77         FDRE                                         r  bd_0_i/hls_inst/inst/grp_chirp_Pipeline_VITIS_LOOP_60_1_VITIS_LOOP_63_2_fu_92/dmul_64ns_64ns_64_7_max_dsp_1_U10/din0_buf1_reg[46]/C
                         clock pessimism              0.000     0.432    
    SLICE_X43Y77         FDRE (Hold_fdre_C_D)         0.075     0.507    bd_0_i/hls_inst/inst/grp_chirp_Pipeline_VITIS_LOOP_60_1_VITIS_LOOP_63_2_fu_92/dmul_64ns_64ns_64_7_max_dsp_1_U10/din0_buf1_reg[46]
  -------------------------------------------------------------------
                         required time                         -0.507    
                         arrival time                           0.607    
  -------------------------------------------------------------------
                         slack                                  0.100    

Slack (MET) :             0.100ns  (arrival time - required time)
  Source:                 bd_0_i/hls_inst/inst/grp_chirp_Pipeline_VITIS_LOOP_60_1_VITIS_LOOP_63_2_fu_92/conv1_reg_1651_reg[56]/C
                            (rising edge-triggered cell FDRE clocked by ap_clk  {rise@0.000ns fall@5.000ns period=10.000ns})
  Destination:            bd_0_i/hls_inst/inst/grp_chirp_Pipeline_VITIS_LOOP_60_1_VITIS_LOOP_63_2_fu_92/dmul_64ns_64ns_64_7_max_dsp_1_U10/din0_buf1_reg[56]/D
                            (rising edge-triggered cell FDRE clocked by ap_clk  {rise@0.000ns fall@5.000ns period=10.000ns})
  Path Group:             ap_clk
  Path Type:              Hold (Min at Fast Process Corner)
  Requirement:            0.000ns  (ap_clk rise@0.000ns - ap_clk rise@0.000ns)
  Data Path Delay:        0.197ns  (logic 0.141ns (71.611%)  route 0.056ns (28.389%))
  Logic Levels:           0  
  Clock Path Skew:        0.022ns (DCD - SCD - CPR)
    Destination Clock Delay (DCD):    0.432ns
    Source Clock Delay      (SCD):    0.410ns
    Clock Pessimism Removal (CPR):    -0.000ns

    Location             Delay type                Incr(ns)  Path(ns)    Netlist Resource(s)
  -------------------------------------------------------------------    -------------------
                         (clock ap_clk rise edge)     0.000     0.000 r  
                                                      0.000     0.000 r  ap_clk (IN)
                         net (fo=3516, unset)         0.410     0.410    bd_0_i/hls_inst/inst/grp_chirp_Pipeline_VITIS_LOOP_60_1_VITIS_LOOP_63_2_fu_92/ap_clk
    SLICE_X45Y76         FDRE                                         r  bd_0_i/hls_inst/inst/grp_chirp_Pipeline_VITIS_LOOP_60_1_VITIS_LOOP_63_2_fu_92/conv1_reg_1651_reg[56]/C
  -------------------------------------------------------------------    -------------------
    SLICE_X45Y76         FDRE (Prop_fdre_C_Q)         0.141     0.551 r  bd_0_i/hls_inst/inst/grp_chirp_Pipeline_VITIS_LOOP_60_1_VITIS_LOOP_63_2_fu_92/conv1_reg_1651_reg[56]/Q
                         net (fo=1, routed)           0.056     0.607    bd_0_i/hls_inst/inst/grp_chirp_Pipeline_VITIS_LOOP_60_1_VITIS_LOOP_63_2_fu_92/dmul_64ns_64ns_64_7_max_dsp_1_U10/Q[56]
    SLICE_X45Y76         FDRE                                         r  bd_0_i/hls_inst/inst/grp_chirp_Pipeline_VITIS_LOOP_60_1_VITIS_LOOP_63_2_fu_92/dmul_64ns_64ns_64_7_max_dsp_1_U10/din0_buf1_reg[56]/D
  -------------------------------------------------------------------    -------------------

                         (clock ap_clk rise edge)     0.000     0.000 r  
                                                      0.000     0.000 r  ap_clk (IN)
                         net (fo=3516, unset)         0.432     0.432    bd_0_i/hls_inst/inst/grp_chirp_Pipeline_VITIS_LOOP_60_1_VITIS_LOOP_63_2_fu_92/dmul_64ns_64ns_64_7_max_dsp_1_U10/ap_clk
    SLICE_X45Y76         FDRE                                         r  bd_0_i/hls_inst/inst/grp_chirp_Pipeline_VITIS_LOOP_60_1_VITIS_LOOP_63_2_fu_92/dmul_64ns_64ns_64_7_max_dsp_1_U10/din0_buf1_reg[56]/C
                         clock pessimism              0.000     0.432    
    SLICE_X45Y76         FDRE (Hold_fdre_C_D)         0.075     0.507    bd_0_i/hls_inst/inst/grp_chirp_Pipeline_VITIS_LOOP_60_1_VITIS_LOOP_63_2_fu_92/dmul_64ns_64ns_64_7_max_dsp_1_U10/din0_buf1_reg[56]
  -------------------------------------------------------------------
                         required time                         -0.507    
                         arrival time                           0.607    
  -------------------------------------------------------------------
                         slack                                  0.100    

Slack (MET) :             0.100ns  (arrival time - required time)
  Source:                 bd_0_i/hls_inst/inst/grp_chirp_Pipeline_VITIS_LOOP_60_1_VITIS_LOOP_63_2_fu_92/add_reg_1646_reg[22]/C
                            (rising edge-triggered cell FDRE clocked by ap_clk  {rise@0.000ns fall@5.000ns period=10.000ns})
  Destination:            bd_0_i/hls_inst/inst/grp_chirp_Pipeline_VITIS_LOOP_60_1_VITIS_LOOP_63_2_fu_92/fpext_32ns_64_2_no_dsp_1_U8/din0_buf1_reg[22]/D
                            (rising edge-triggered cell FDRE clocked by ap_clk  {rise@0.000ns fall@5.000ns period=10.000ns})
  Path Group:             ap_clk
  Path Type:              Hold (Min at Fast Process Corner)
  Requirement:            0.000ns  (ap_clk rise@0.000ns - ap_clk rise@0.000ns)
  Data Path Delay:        0.197ns  (logic 0.141ns (71.611%)  route 0.056ns (28.389%))
  Logic Levels:           0  
  Clock Path Skew:        0.022ns (DCD - SCD - CPR)
    Destination Clock Delay (DCD):    0.432ns
    Source Clock Delay      (SCD):    0.410ns
    Clock Pessimism Removal (CPR):    -0.000ns

    Location             Delay type                Incr(ns)  Path(ns)    Netlist Resource(s)
  -------------------------------------------------------------------    -------------------
                         (clock ap_clk rise edge)     0.000     0.000 r  
                                                      0.000     0.000 r  ap_clk (IN)
                         net (fo=3516, unset)         0.410     0.410    bd_0_i/hls_inst/inst/grp_chirp_Pipeline_VITIS_LOOP_60_1_VITIS_LOOP_63_2_fu_92/ap_clk
    SLICE_X43Y76         FDRE                                         r  bd_0_i/hls_inst/inst/grp_chirp_Pipeline_VITIS_LOOP_60_1_VITIS_LOOP_63_2_fu_92/add_reg_1646_reg[22]/C
  -------------------------------------------------------------------    -------------------
    SLICE_X43Y76         FDRE (Prop_fdre_C_Q)         0.141     0.551 r  bd_0_i/hls_inst/inst/grp_chirp_Pipeline_VITIS_LOOP_60_1_VITIS_LOOP_63_2_fu_92/add_reg_1646_reg[22]/Q
                         net (fo=1, routed)           0.056     0.607    bd_0_i/hls_inst/inst/grp_chirp_Pipeline_VITIS_LOOP_60_1_VITIS_LOOP_63_2_fu_92/fpext_32ns_64_2_no_dsp_1_U8/Q[22]
    SLICE_X43Y76         FDRE                                         r  bd_0_i/hls_inst/inst/grp_chirp_Pipeline_VITIS_LOOP_60_1_VITIS_LOOP_63_2_fu_92/fpext_32ns_64_2_no_dsp_1_U8/din0_buf1_reg[22]/D
  -------------------------------------------------------------------    -------------------

                         (clock ap_clk rise edge)     0.000     0.000 r  
                                                      0.000     0.000 r  ap_clk (IN)
                         net (fo=3516, unset)         0.432     0.432    bd_0_i/hls_inst/inst/grp_chirp_Pipeline_VITIS_LOOP_60_1_VITIS_LOOP_63_2_fu_92/fpext_32ns_64_2_no_dsp_1_U8/ap_clk
    SLICE_X43Y76         FDRE                                         r  bd_0_i/hls_inst/inst/grp_chirp_Pipeline_VITIS_LOOP_60_1_VITIS_LOOP_63_2_fu_92/fpext_32ns_64_2_no_dsp_1_U8/din0_buf1_reg[22]/C
                         clock pessimism              0.000     0.432    
    SLICE_X43Y76         FDRE (Hold_fdre_C_D)         0.075     0.507    bd_0_i/hls_inst/inst/grp_chirp_Pipeline_VITIS_LOOP_60_1_VITIS_LOOP_63_2_fu_92/fpext_32ns_64_2_no_dsp_1_U8/din0_buf1_reg[22]
  -------------------------------------------------------------------
                         required time                         -0.507    
                         arrival time                           0.607    
  -------------------------------------------------------------------
                         slack                                  0.100    

Slack (MET) :             0.101ns  (arrival time - required time)
  Source:                 bd_0_i/hls_inst/inst/k_reg_200_reg[14]/C
                            (rising edge-triggered cell FDRE clocked by ap_clk  {rise@0.000ns fall@5.000ns period=10.000ns})
  Destination:            bd_0_i/hls_inst/inst/fmul_32ns_32ns_32_4_max_dsp_1_U52/din0_buf1_reg[14]/D
                            (rising edge-triggered cell FDRE clocked by ap_clk  {rise@0.000ns fall@5.000ns period=10.000ns})
  Path Group:             ap_clk
  Path Type:              Hold (Min at Fast Process Corner)
  Requirement:            0.000ns  (ap_clk rise@0.000ns - ap_clk rise@0.000ns)
  Data Path Delay:        0.242ns  (logic 0.186ns (76.826%)  route 0.056ns (23.173%))
  Logic Levels:           1  (LUT4=1)
  Clock Path Skew:        0.022ns (DCD - SCD - CPR)
    Destination Clock Delay (DCD):    0.432ns
    Source Clock Delay      (SCD):    0.410ns
    Clock Pessimism Removal (CPR):    -0.000ns

    Location             Delay type                Incr(ns)  Path(ns)    Netlist Resource(s)
  -------------------------------------------------------------------    -------------------
                         (clock ap_clk rise edge)     0.000     0.000 r  
                                                      0.000     0.000 r  ap_clk (IN)
                         net (fo=3516, unset)         0.410     0.410    bd_0_i/hls_inst/inst/ap_clk
    SLICE_X43Y66         FDRE                                         r  bd_0_i/hls_inst/inst/k_reg_200_reg[14]/C
  -------------------------------------------------------------------    -------------------
    SLICE_X43Y66         FDRE (Prop_fdre_C_Q)         0.141     0.551 r  bd_0_i/hls_inst/inst/k_reg_200_reg[14]/Q
                         net (fo=1, routed)           0.056     0.607    bd_0_i/hls_inst/inst/fmul_32ns_32ns_32_4_max_dsp_1_U52/din0_buf1_reg[31]_0[14]
    SLICE_X42Y66         LUT4 (Prop_lut4_I3_O)        0.045     0.652 r  bd_0_i/hls_inst/inst/fmul_32ns_32ns_32_4_max_dsp_1_U52/din0_buf1[14]_i_1__0/O
                         net (fo=1, routed)           0.000     0.652    bd_0_i/hls_inst/inst/fmul_32ns_32ns_32_4_max_dsp_1_U52/grp_fu_116_p0[14]
    SLICE_X42Y66         FDRE                                         r  bd_0_i/hls_inst/inst/fmul_32ns_32ns_32_4_max_dsp_1_U52/din0_buf1_reg[14]/D
  -------------------------------------------------------------------    -------------------

                         (clock ap_clk rise edge)     0.000     0.000 r  
                                                      0.000     0.000 r  ap_clk (IN)
                         net (fo=3516, unset)         0.432     0.432    bd_0_i/hls_inst/inst/fmul_32ns_32ns_32_4_max_dsp_1_U52/ap_clk
    SLICE_X42Y66         FDRE                                         r  bd_0_i/hls_inst/inst/fmul_32ns_32ns_32_4_max_dsp_1_U52/din0_buf1_reg[14]/C
                         clock pessimism              0.000     0.432    
    SLICE_X42Y66         FDRE (Hold_fdre_C_D)         0.120     0.552    bd_0_i/hls_inst/inst/fmul_32ns_32ns_32_4_max_dsp_1_U52/din0_buf1_reg[14]
  -------------------------------------------------------------------
                         required time                         -0.552    
                         arrival time                           0.652    
  -------------------------------------------------------------------
                         slack                                  0.101    

Slack (MET) :             0.101ns  (arrival time - required time)
  Source:                 bd_0_i/hls_inst/inst/grp_chirp_Pipeline_VITIS_LOOP_60_1_VITIS_LOOP_63_2_fu_92/select_ln60_reg_1593_reg[9]/C
                            (rising edge-triggered cell FDRE clocked by ap_clk  {rise@0.000ns fall@5.000ns period=10.000ns})
  Destination:            bd_0_i/hls_inst/inst/grp_chirp_Pipeline_VITIS_LOOP_60_1_VITIS_LOOP_63_2_fu_92/out_r_addr_reg_1626_pp0_iter34_reg_reg[9]_srl32/D
                            (rising edge-triggered cell SRLC32E clocked by ap_clk  {rise@0.000ns fall@5.000ns period=10.000ns})
  Path Group:             ap_clk
  Path Type:              Hold (Min at Fast Process Corner)
  Requirement:            0.000ns  (ap_clk rise@0.000ns - ap_clk rise@0.000ns)
  Data Path Delay:        0.252ns  (logic 0.128ns (50.702%)  route 0.124ns (49.298%))
  Logic Levels:           0  
  Clock Path Skew:        0.022ns (DCD - SCD - CPR)
    Destination Clock Delay (DCD):    0.432ns
    Source Clock Delay      (SCD):    0.410ns
    Clock Pessimism Removal (CPR):    -0.000ns

    Location             Delay type                Incr(ns)  Path(ns)    Netlist Resource(s)
  -------------------------------------------------------------------    -------------------
                         (clock ap_clk rise edge)     0.000     0.000 r  
                                                      0.000     0.000 r  ap_clk (IN)
                         net (fo=3516, unset)         0.410     0.410    bd_0_i/hls_inst/inst/grp_chirp_Pipeline_VITIS_LOOP_60_1_VITIS_LOOP_63_2_fu_92/ap_clk
    SLICE_X64Y64         FDRE                                         r  bd_0_i/hls_inst/inst/grp_chirp_Pipeline_VITIS_LOOP_60_1_VITIS_LOOP_63_2_fu_92/select_ln60_reg_1593_reg[9]/C
  -------------------------------------------------------------------    -------------------
    SLICE_X64Y64         FDRE (Prop_fdre_C_Q)         0.128     0.538 r  bd_0_i/hls_inst/inst/grp_chirp_Pipeline_VITIS_LOOP_60_1_VITIS_LOOP_63_2_fu_92/select_ln60_reg_1593_reg[9]/Q
                         net (fo=2, routed)           0.124     0.663    bd_0_i/hls_inst/inst/grp_chirp_Pipeline_VITIS_LOOP_60_1_VITIS_LOOP_63_2_fu_92/select_ln60_reg_1593[9]
    SLICE_X66Y63         SRLC32E                                      r  bd_0_i/hls_inst/inst/grp_chirp_Pipeline_VITIS_LOOP_60_1_VITIS_LOOP_63_2_fu_92/out_r_addr_reg_1626_pp0_iter34_reg_reg[9]_srl32/D
  -------------------------------------------------------------------    -------------------

                         (clock ap_clk rise edge)     0.000     0.000 r  
                                                      0.000     0.000 r  ap_clk (IN)
                         net (fo=3516, unset)         0.432     0.432    bd_0_i/hls_inst/inst/grp_chirp_Pipeline_VITIS_LOOP_60_1_VITIS_LOOP_63_2_fu_92/ap_clk
    SLICE_X66Y63         SRLC32E                                      r  bd_0_i/hls_inst/inst/grp_chirp_Pipeline_VITIS_LOOP_60_1_VITIS_LOOP_63_2_fu_92/out_r_addr_reg_1626_pp0_iter34_reg_reg[9]_srl32/CLK
                         clock pessimism              0.000     0.432    
    SLICE_X66Y63         SRLC32E (Hold_srlc32e_CLK_D)
                                                      0.130     0.562    bd_0_i/hls_inst/inst/grp_chirp_Pipeline_VITIS_LOOP_60_1_VITIS_LOOP_63_2_fu_92/out_r_addr_reg_1626_pp0_iter34_reg_reg[9]_srl32
  -------------------------------------------------------------------
                         required time                         -0.562    
                         arrival time                           0.663    
  -------------------------------------------------------------------
                         slack                                  0.101    

Slack (MET) :             0.103ns  (arrival time - required time)
  Source:                 bd_0_i/hls_inst/inst/grp_chirp_Pipeline_VITIS_LOOP_60_1_VITIS_LOOP_63_2_fu_92/select_ln60_reg_1593_reg[7]/C
                            (rising edge-triggered cell FDRE clocked by ap_clk  {rise@0.000ns fall@5.000ns period=10.000ns})
  Destination:            bd_0_i/hls_inst/inst/grp_chirp_Pipeline_VITIS_LOOP_60_1_VITIS_LOOP_63_2_fu_92/out_r_addr_reg_1626_pp0_iter34_reg_reg[7]_srl32/D
                            (rising edge-triggered cell SRLC32E clocked by ap_clk  {rise@0.000ns fall@5.000ns period=10.000ns})
  Path Group:             ap_clk
  Path Type:              Hold (Min at Fast Process Corner)
  Requirement:            0.000ns  (ap_clk rise@0.000ns - ap_clk rise@0.000ns)
  Data Path Delay:        0.307ns  (logic 0.141ns (45.892%)  route 0.166ns (54.108%))
  Logic Levels:           0  
  Clock Path Skew:        0.022ns (DCD - SCD - CPR)
    Destination Clock Delay (DCD):    0.432ns
    Source Clock Delay      (SCD):    0.410ns
    Clock Pessimism Removal (CPR):    -0.000ns

    Location             Delay type                Incr(ns)  Path(ns)    Netlist Resource(s)
  -------------------------------------------------------------------    -------------------
                         (clock ap_clk rise edge)     0.000     0.000 r  
                                                      0.000     0.000 r  ap_clk (IN)
                         net (fo=3516, unset)         0.410     0.410    bd_0_i/hls_inst/inst/grp_chirp_Pipeline_VITIS_LOOP_60_1_VITIS_LOOP_63_2_fu_92/ap_clk
    SLICE_X65Y63         FDRE                                         r  bd_0_i/hls_inst/inst/grp_chirp_Pipeline_VITIS_LOOP_60_1_VITIS_LOOP_63_2_fu_92/select_ln60_reg_1593_reg[7]/C
  -------------------------------------------------------------------    -------------------
    SLICE_X65Y63         FDRE (Prop_fdre_C_Q)         0.141     0.551 r  bd_0_i/hls_inst/inst/grp_chirp_Pipeline_VITIS_LOOP_60_1_VITIS_LOOP_63_2_fu_92/select_ln60_reg_1593_reg[7]/Q
                         net (fo=2, routed)           0.166     0.717    bd_0_i/hls_inst/inst/grp_chirp_Pipeline_VITIS_LOOP_60_1_VITIS_LOOP_63_2_fu_92/select_ln60_reg_1593[7]
    SLICE_X66Y61         SRLC32E                                      r  bd_0_i/hls_inst/inst/grp_chirp_Pipeline_VITIS_LOOP_60_1_VITIS_LOOP_63_2_fu_92/out_r_addr_reg_1626_pp0_iter34_reg_reg[7]_srl32/D
  -------------------------------------------------------------------    -------------------

                         (clock ap_clk rise edge)     0.000     0.000 r  
                                                      0.000     0.000 r  ap_clk (IN)
                         net (fo=3516, unset)         0.432     0.432    bd_0_i/hls_inst/inst/grp_chirp_Pipeline_VITIS_LOOP_60_1_VITIS_LOOP_63_2_fu_92/ap_clk
    SLICE_X66Y61         SRLC32E                                      r  bd_0_i/hls_inst/inst/grp_chirp_Pipeline_VITIS_LOOP_60_1_VITIS_LOOP_63_2_fu_92/out_r_addr_reg_1626_pp0_iter34_reg_reg[7]_srl32/CLK
                         clock pessimism              0.000     0.432    
    SLICE_X66Y61         SRLC32E (Hold_srlc32e_CLK_D)
                                                      0.183     0.615    bd_0_i/hls_inst/inst/grp_chirp_Pipeline_VITIS_LOOP_60_1_VITIS_LOOP_63_2_fu_92/out_r_addr_reg_1626_pp0_iter34_reg_reg[7]_srl32
  -------------------------------------------------------------------
                         required time                         -0.615    
                         arrival time                           0.717    
  -------------------------------------------------------------------
                         slack                                  0.103    

Slack (MET) :             0.104ns  (arrival time - required time)
  Source:                 bd_0_i/hls_inst/inst/grp_chirp_Pipeline_VITIS_LOOP_60_1_VITIS_LOOP_63_2_fu_92/conv1_reg_1651_reg[57]/C
                            (rising edge-triggered cell FDRE clocked by ap_clk  {rise@0.000ns fall@5.000ns period=10.000ns})
  Destination:            bd_0_i/hls_inst/inst/grp_chirp_Pipeline_VITIS_LOOP_60_1_VITIS_LOOP_63_2_fu_92/dmul_64ns_64ns_64_7_max_dsp_1_U10/din0_buf1_reg[57]/D
                            (rising edge-triggered cell FDRE clocked by ap_clk  {rise@0.000ns fall@5.000ns period=10.000ns})
  Path Group:             ap_clk
  Path Type:              Hold (Min at Fast Process Corner)
  Requirement:            0.000ns  (ap_clk rise@0.000ns - ap_clk rise@0.000ns)
  Data Path Delay:        0.197ns  (logic 0.141ns (71.611%)  route 0.056ns (28.389%))
  Logic Levels:           0  
  Clock Path Skew:        0.022ns (DCD - SCD - CPR)
    Destination Clock Delay (DCD):    0.432ns
    Source Clock Delay      (SCD):    0.410ns
    Clock Pessimism Removal (CPR):    -0.000ns

    Location             Delay type                Incr(ns)  Path(ns)    Netlist Resource(s)
  -------------------------------------------------------------------    -------------------
                         (clock ap_clk rise edge)     0.000     0.000 r  
                                                      0.000     0.000 r  ap_clk (IN)
                         net (fo=3516, unset)         0.410     0.410    bd_0_i/hls_inst/inst/grp_chirp_Pipeline_VITIS_LOOP_60_1_VITIS_LOOP_63_2_fu_92/ap_clk
    SLICE_X43Y77         FDRE                                         r  bd_0_i/hls_inst/inst/grp_chirp_Pipeline_VITIS_LOOP_60_1_VITIS_LOOP_63_2_fu_92/conv1_reg_1651_reg[57]/C
  -------------------------------------------------------------------    -------------------
    SLICE_X43Y77         FDRE (Prop_fdre_C_Q)         0.141     0.551 r  bd_0_i/hls_inst/inst/grp_chirp_Pipeline_VITIS_LOOP_60_1_VITIS_LOOP_63_2_fu_92/conv1_reg_1651_reg[57]/Q
                         net (fo=1, routed)           0.056     0.607    bd_0_i/hls_inst/inst/grp_chirp_Pipeline_VITIS_LOOP_60_1_VITIS_LOOP_63_2_fu_92/dmul_64ns_64ns_64_7_max_dsp_1_U10/Q[57]
    SLICE_X43Y77         FDRE                                         r  bd_0_i/hls_inst/inst/grp_chirp_Pipeline_VITIS_LOOP_60_1_VITIS_LOOP_63_2_fu_92/dmul_64ns_64ns_64_7_max_dsp_1_U10/din0_buf1_reg[57]/D
  -------------------------------------------------------------------    -------------------

                         (clock ap_clk rise edge)     0.000     0.000 r  
                                                      0.000     0.000 r  ap_clk (IN)
                         net (fo=3516, unset)         0.432     0.432    bd_0_i/hls_inst/inst/grp_chirp_Pipeline_VITIS_LOOP_60_1_VITIS_LOOP_63_2_fu_92/dmul_64ns_64ns_64_7_max_dsp_1_U10/ap_clk
    SLICE_X43Y77         FDRE                                         r  bd_0_i/hls_inst/inst/grp_chirp_Pipeline_VITIS_LOOP_60_1_VITIS_LOOP_63_2_fu_92/dmul_64ns_64ns_64_7_max_dsp_1_U10/din0_buf1_reg[57]/C
                         clock pessimism              0.000     0.432    
    SLICE_X43Y77         FDRE (Hold_fdre_C_D)         0.071     0.503    bd_0_i/hls_inst/inst/grp_chirp_Pipeline_VITIS_LOOP_60_1_VITIS_LOOP_63_2_fu_92/dmul_64ns_64ns_64_7_max_dsp_1_U10/din0_buf1_reg[57]
  -------------------------------------------------------------------
                         required time                         -0.503    
                         arrival time                           0.607    
  -------------------------------------------------------------------
                         slack                                  0.104    

Slack (MET) :             0.104ns  (arrival time - required time)
  Source:                 bd_0_i/hls_inst/inst/grp_chirp_Pipeline_VITIS_LOOP_60_1_VITIS_LOOP_63_2_fu_92/conv1_reg_1651_reg[58]/C
                            (rising edge-triggered cell FDRE clocked by ap_clk  {rise@0.000ns fall@5.000ns period=10.000ns})
  Destination:            bd_0_i/hls_inst/inst/grp_chirp_Pipeline_VITIS_LOOP_60_1_VITIS_LOOP_63_2_fu_92/dmul_64ns_64ns_64_7_max_dsp_1_U10/din0_buf1_reg[58]/D
                            (rising edge-triggered cell FDRE clocked by ap_clk  {rise@0.000ns fall@5.000ns period=10.000ns})
  Path Group:             ap_clk
  Path Type:              Hold (Min at Fast Process Corner)
  Requirement:            0.000ns  (ap_clk rise@0.000ns - ap_clk rise@0.000ns)
  Data Path Delay:        0.197ns  (logic 0.141ns (71.611%)  route 0.056ns (28.389%))
  Logic Levels:           0  
  Clock Path Skew:        0.022ns (DCD - SCD - CPR)
    Destination Clock Delay (DCD):    0.432ns
    Source Clock Delay      (SCD):    0.410ns
    Clock Pessimism Removal (CPR):    -0.000ns

    Location             Delay type                Incr(ns)  Path(ns)    Netlist Resource(s)
  -------------------------------------------------------------------    -------------------
                         (clock ap_clk rise edge)     0.000     0.000 r  
                                                      0.000     0.000 r  ap_clk (IN)
                         net (fo=3516, unset)         0.410     0.410    bd_0_i/hls_inst/inst/grp_chirp_Pipeline_VITIS_LOOP_60_1_VITIS_LOOP_63_2_fu_92/ap_clk
    SLICE_X45Y76         FDRE                                         r  bd_0_i/hls_inst/inst/grp_chirp_Pipeline_VITIS_LOOP_60_1_VITIS_LOOP_63_2_fu_92/conv1_reg_1651_reg[58]/C
  -------------------------------------------------------------------    -------------------
    SLICE_X45Y76         FDRE (Prop_fdre_C_Q)         0.141     0.551 r  bd_0_i/hls_inst/inst/grp_chirp_Pipeline_VITIS_LOOP_60_1_VITIS_LOOP_63_2_fu_92/conv1_reg_1651_reg[58]/Q
                         net (fo=1, routed)           0.056     0.607    bd_0_i/hls_inst/inst/grp_chirp_Pipeline_VITIS_LOOP_60_1_VITIS_LOOP_63_2_fu_92/dmul_64ns_64ns_64_7_max_dsp_1_U10/Q[58]
    SLICE_X45Y76         FDRE                                         r  bd_0_i/hls_inst/inst/grp_chirp_Pipeline_VITIS_LOOP_60_1_VITIS_LOOP_63_2_fu_92/dmul_64ns_64ns_64_7_max_dsp_1_U10/din0_buf1_reg[58]/D
  -------------------------------------------------------------------    -------------------

                         (clock ap_clk rise edge)     0.000     0.000 r  
                                                      0.000     0.000 r  ap_clk (IN)
                         net (fo=3516, unset)         0.432     0.432    bd_0_i/hls_inst/inst/grp_chirp_Pipeline_VITIS_LOOP_60_1_VITIS_LOOP_63_2_fu_92/dmul_64ns_64ns_64_7_max_dsp_1_U10/ap_clk
    SLICE_X45Y76         FDRE                                         r  bd_0_i/hls_inst/inst/grp_chirp_Pipeline_VITIS_LOOP_60_1_VITIS_LOOP_63_2_fu_92/dmul_64ns_64ns_64_7_max_dsp_1_U10/din0_buf1_reg[58]/C
                         clock pessimism              0.000     0.432    
    SLICE_X45Y76         FDRE (Hold_fdre_C_D)         0.071     0.503    bd_0_i/hls_inst/inst/grp_chirp_Pipeline_VITIS_LOOP_60_1_VITIS_LOOP_63_2_fu_92/dmul_64ns_64ns_64_7_max_dsp_1_U10/din0_buf1_reg[58]
  -------------------------------------------------------------------
                         required time                         -0.503    
                         arrival time                           0.607    
  -------------------------------------------------------------------
                         slack                                  0.104    





Pulse Width Checks
--------------------------------------------------------------------------------------
Clock Name:         ap_clk
Waveform(ns):       { 0.000 5.000 }
Period(ns):         10.000
Sources:            { ap_clk }

Check Type        Corner  Lib Pin      Reference Pin  Required(ns)  Actual(ns)  Slack(ns)  Location      Pin
Min Period        n/a     DSP48E1/CLK  n/a            3.884         10.000      6.116      DSP48_X2Y14   bd_0_wrapper/bd_0/bd_0_hls_inst_0/bd_0_hls_inst_0_chirp/bd_0_hls_inst_0_chirp_chirp_Pipeline_VITIS_LOOP_60_1_VITIS_LOOP_63_2/bd_0_hls_inst_0_chirp_dmul_64ns_64ns_64_7_max_dsp_1/bd_0_hls_inst_0_chirp_dmul_64ns_64ns_64_7_max_dsp_1_ip/<hidden>/<hidden>/<hidden>/<hidden>/<hidden>/<hidden>
Min Period        n/a     DSP48E1/CLK  n/a            3.884         10.000      6.116      DSP48_X2Y17   bd_0_wrapper/bd_0/bd_0_hls_inst_0/bd_0_hls_inst_0_chirp/bd_0_hls_inst_0_chirp_chirp_Pipeline_VITIS_LOOP_60_1_VITIS_LOOP_63_2/bd_0_hls_inst_0_chirp_dmul_64ns_64ns_64_7_max_dsp_1/bd_0_hls_inst_0_chirp_dmul_64ns_64ns_64_7_max_dsp_1_ip/<hidden>/<hidden>/<hidden>/<hidden>/<hidden>/<hidden>
Min Period        n/a     DSP48E1/CLK  n/a            3.884         10.000      6.116      DSP48_X3Y37   bd_0_i/hls_inst/inst/grp_chirp_Pipeline_VITIS_LOOP_60_1_VITIS_LOOP_63_2_fu_92/mul_15ns_15s_30_1_1_U19/tmp_product/CLK
Min Period        n/a     DSP48E1/CLK  n/a            3.884         10.000      6.116      DSP48_X3Y36   bd_0_i/hls_inst/inst/grp_chirp_Pipeline_VITIS_LOOP_60_1_VITIS_LOOP_63_2_fu_92/mul_23s_22ns_45_1_1_U11/tmp_product__0/CLK
Min Period        n/a     DSP48E1/CLK  n/a            3.884         10.000      6.116      DSP48_X2Y42   bd_0_i/hls_inst/inst/grp_chirp_Pipeline_VITIS_LOOP_60_1_VITIS_LOOP_63_2_fu_92/mul_30s_29ns_58_2_1_U12/buff0_reg/CLK
Min Period        n/a     DSP48E1/CLK  n/a            3.884         10.000      6.116      DSP48_X2Y32   bd_0_i/hls_inst/inst/grp_chirp_Pipeline_VITIS_LOOP_60_1_VITIS_LOOP_63_2_fu_92/mul_80s_24ns_80_5_1_U13/buff0_reg/CLK
Min Period        n/a     DSP48E1/CLK  n/a            3.884         10.000      6.116      DSP48_X3Y25   bd_0_i/hls_inst/inst/mul_31ns_31ns_62_2_1_U54/buff0_reg/CLK
Min Period        n/a     DSP48E1/CLK  n/a            3.687         10.000      6.313      DSP48_X2Y38   bd_0_i/hls_inst/inst/grp_chirp_Pipeline_VITIS_LOOP_60_1_VITIS_LOOP_63_2_fu_92/mul_30s_29ns_58_2_1_U12/buff0_reg__0/CLK
Min Period        n/a     DSP48E1/CLK  n/a            3.687         10.000      6.313      DSP48_X4Y25   bd_0_i/hls_inst/inst/mul_31ns_31ns_62_2_1_U54/buff0_reg__0/CLK
Min Period        n/a     DSP48E1/CLK  n/a            2.545         10.000      7.455      DSP48_X2Y23   bd_0_wrapper/bd_0/bd_0_hls_inst_0/bd_0_hls_inst_0_chirp/bd_0_hls_inst_0_chirp_fmul_32ns_32ns_32_4_max_dsp_1__xdcDup__1/bd_0_hls_inst_0_chirp_fmul_32ns_32ns_32_4_max_dsp_1_ip/<hidden>/<hidden>/<hidden>/<hidden>/<hidden>/<hidden>
Low Pulse Width   Slow    SRL16E/CLK   n/a            0.980         5.000       4.020      SLICE_X50Y70  bd_0_wrapper/bd_0/bd_0_hls_inst_0/bd_0_hls_inst_0_chirp/bd_0_hls_inst_0_chirp_fdiv_32ns_32ns_32_16_no_dsp_1/bd_0_hls_inst_0_chirp_fdiv_32ns_32ns_32_16_no_dsp_1_ip/<hidden>/<hidden>/<hidden>/<hidden>/<hidden>/<hidden>
Low Pulse Width   Fast    SRL16E/CLK   n/a            0.980         5.000       4.020      SLICE_X50Y70  bd_0_wrapper/bd_0/bd_0_hls_inst_0/bd_0_hls_inst_0_chirp/bd_0_hls_inst_0_chirp_fdiv_32ns_32ns_32_16_no_dsp_1/bd_0_hls_inst_0_chirp_fdiv_32ns_32ns_32_16_no_dsp_1_ip/<hidden>/<hidden>/<hidden>/<hidden>/<hidden>/<hidden>
Low Pulse Width   Slow    SRL16E/CLK   n/a            0.980         5.000       4.020      SLICE_X50Y70  bd_0_wrapper/bd_0/bd_0_hls_inst_0/bd_0_hls_inst_0_chirp/bd_0_hls_inst_0_chirp_fdiv_32ns_32ns_32_16_no_dsp_1/bd_0_hls_inst_0_chirp_fdiv_32ns_32ns_32_16_no_dsp_1_ip/<hidden>/<hidden>/<hidden>/<hidden>/<hidden>/<hidden>
Low Pulse Width   Fast    SRL16E/CLK   n/a            0.980         5.000       4.020      SLICE_X50Y70  bd_0_wrapper/bd_0/bd_0_hls_inst_0/bd_0_hls_inst_0_chirp/bd_0_hls_inst_0_chirp_fdiv_32ns_32ns_32_16_no_dsp_1/bd_0_hls_inst_0_chirp_fdiv_32ns_32ns_32_16_no_dsp_1_ip/<hidden>/<hidden>/<hidden>/<hidden>/<hidden>/<hidden>
Low Pulse Width   Slow    SRL16E/CLK   n/a            0.980         5.000       4.020      SLICE_X50Y70  bd_0_wrapper/bd_0/bd_0_hls_inst_0/bd_0_hls_inst_0_chirp/bd_0_hls_inst_0_chirp_fdiv_32ns_32ns_32_16_no_dsp_1/bd_0_hls_inst_0_chirp_fdiv_32ns_32ns_32_16_no_dsp_1_ip/<hidden>/<hidden>/<hidden>/<hidden>/<hidden>/<hidden>
Low Pulse Width   Fast    SRL16E/CLK   n/a            0.980         5.000       4.020      SLICE_X50Y70  bd_0_wrapper/bd_0/bd_0_hls_inst_0/bd_0_hls_inst_0_chirp/bd_0_hls_inst_0_chirp_fdiv_32ns_32ns_32_16_no_dsp_1/bd_0_hls_inst_0_chirp_fdiv_32ns_32ns_32_16_no_dsp_1_ip/<hidden>/<hidden>/<hidden>/<hidden>/<hidden>/<hidden>
Low Pulse Width   Slow    SRL16E/CLK   n/a            0.980         5.000       4.020      SLICE_X50Y70  bd_0_wrapper/bd_0/bd_0_hls_inst_0/bd_0_hls_inst_0_chirp/bd_0_hls_inst_0_chirp_fdiv_32ns_32ns_32_16_no_dsp_1/bd_0_hls_inst_0_chirp_fdiv_32ns_32ns_32_16_no_dsp_1_ip/<hidden>/<hidden>/<hidden>/<hidden>/<hidden>/<hidden>
Low Pulse Width   Fast    SRL16E/CLK   n/a            0.980         5.000       4.020      SLICE_X50Y70  bd_0_wrapper/bd_0/bd_0_hls_inst_0/bd_0_hls_inst_0_chirp/bd_0_hls_inst_0_chirp_fdiv_32ns_32ns_32_16_no_dsp_1/bd_0_hls_inst_0_chirp_fdiv_32ns_32ns_32_16_no_dsp_1_ip/<hidden>/<hidden>/<hidden>/<hidden>/<hidden>/<hidden>
Low Pulse Width   Slow    SRL16E/CLK   n/a            0.980         5.000       4.020      SLICE_X50Y70  bd_0_wrapper/bd_0/bd_0_hls_inst_0/bd_0_hls_inst_0_chirp/bd_0_hls_inst_0_chirp_fdiv_32ns_32ns_32_16_no_dsp_1/bd_0_hls_inst_0_chirp_fdiv_32ns_32ns_32_16_no_dsp_1_ip/<hidden>/<hidden>/<hidden>/<hidden>/<hidden>/<hidden>
Low Pulse Width   Fast    SRL16E/CLK   n/a            0.980         5.000       4.020      SLICE_X50Y70  bd_0_wrapper/bd_0/bd_0_hls_inst_0/bd_0_hls_inst_0_chirp/bd_0_hls_inst_0_chirp_fdiv_32ns_32ns_32_16_no_dsp_1/bd_0_hls_inst_0_chirp_fdiv_32ns_32ns_32_16_no_dsp_1_ip/<hidden>/<hidden>/<hidden>/<hidden>/<hidden>/<hidden>
High Pulse Width  Slow    SRL16E/CLK   n/a            0.980         5.000       4.020      SLICE_X50Y70  bd_0_wrapper/bd_0/bd_0_hls_inst_0/bd_0_hls_inst_0_chirp/bd_0_hls_inst_0_chirp_fdiv_32ns_32ns_32_16_no_dsp_1/bd_0_hls_inst_0_chirp_fdiv_32ns_32ns_32_16_no_dsp_1_ip/<hidden>/<hidden>/<hidden>/<hidden>/<hidden>/<hidden>
High Pulse Width  Fast    SRL16E/CLK   n/a            0.980         5.000       4.020      SLICE_X50Y70  bd_0_wrapper/bd_0/bd_0_hls_inst_0/bd_0_hls_inst_0_chirp/bd_0_hls_inst_0_chirp_fdiv_32ns_32ns_32_16_no_dsp_1/bd_0_hls_inst_0_chirp_fdiv_32ns_32ns_32_16_no_dsp_1_ip/<hidden>/<hidden>/<hidden>/<hidden>/<hidden>/<hidden>
High Pulse Width  Slow    SRL16E/CLK   n/a            0.980         5.000       4.020      SLICE_X50Y70  bd_0_wrapper/bd_0/bd_0_hls_inst_0/bd_0_hls_inst_0_chirp/bd_0_hls_inst_0_chirp_fdiv_32ns_32ns_32_16_no_dsp_1/bd_0_hls_inst_0_chirp_fdiv_32ns_32ns_32_16_no_dsp_1_ip/<hidden>/<hidden>/<hidden>/<hidden>/<hidden>/<hidden>
High Pulse Width  Fast    SRL16E/CLK   n/a            0.980         5.000       4.020      SLICE_X50Y70  bd_0_wrapper/bd_0/bd_0_hls_inst_0/bd_0_hls_inst_0_chirp/bd_0_hls_inst_0_chirp_fdiv_32ns_32ns_32_16_no_dsp_1/bd_0_hls_inst_0_chirp_fdiv_32ns_32ns_32_16_no_dsp_1_ip/<hidden>/<hidden>/<hidden>/<hidden>/<hidden>/<hidden>
High Pulse Width  Slow    SRL16E/CLK   n/a            0.980         5.000       4.020      SLICE_X50Y70  bd_0_wrapper/bd_0/bd_0_hls_inst_0/bd_0_hls_inst_0_chirp/bd_0_hls_inst_0_chirp_fdiv_32ns_32ns_32_16_no_dsp_1/bd_0_hls_inst_0_chirp_fdiv_32ns_32ns_32_16_no_dsp_1_ip/<hidden>/<hidden>/<hidden>/<hidden>/<hidden>/<hidden>
High Pulse Width  Fast    SRL16E/CLK   n/a            0.980         5.000       4.020      SLICE_X50Y70  bd_0_wrapper/bd_0/bd_0_hls_inst_0/bd_0_hls_inst_0_chirp/bd_0_hls_inst_0_chirp_fdiv_32ns_32ns_32_16_no_dsp_1/bd_0_hls_inst_0_chirp_fdiv_32ns_32ns_32_16_no_dsp_1_ip/<hidden>/<hidden>/<hidden>/<hidden>/<hidden>/<hidden>
High Pulse Width  Slow    SRL16E/CLK   n/a            0.980         5.000       4.020      SLICE_X50Y70  bd_0_wrapper/bd_0/bd_0_hls_inst_0/bd_0_hls_inst_0_chirp/bd_0_hls_inst_0_chirp_fdiv_32ns_32ns_32_16_no_dsp_1/bd_0_hls_inst_0_chirp_fdiv_32ns_32ns_32_16_no_dsp_1_ip/<hidden>/<hidden>/<hidden>/<hidden>/<hidden>/<hidden>
High Pulse Width  Fast    SRL16E/CLK   n/a            0.980         5.000       4.020      SLICE_X50Y70  bd_0_wrapper/bd_0/bd_0_hls_inst_0/bd_0_hls_inst_0_chirp/bd_0_hls_inst_0_chirp_fdiv_32ns_32ns_32_16_no_dsp_1/bd_0_hls_inst_0_chirp_fdiv_32ns_32ns_32_16_no_dsp_1_ip/<hidden>/<hidden>/<hidden>/<hidden>/<hidden>/<hidden>
High Pulse Width  Slow    SRL16E/CLK   n/a            0.980         5.000       4.020      SLICE_X50Y70  bd_0_wrapper/bd_0/bd_0_hls_inst_0/bd_0_hls_inst_0_chirp/bd_0_hls_inst_0_chirp_fdiv_32ns_32ns_32_16_no_dsp_1/bd_0_hls_inst_0_chirp_fdiv_32ns_32ns_32_16_no_dsp_1_ip/<hidden>/<hidden>/<hidden>/<hidden>/<hidden>/<hidden>
High Pulse Width  Fast    SRL16E/CLK   n/a            0.980         5.000       4.020      SLICE_X50Y70  bd_0_wrapper/bd_0/bd_0_hls_inst_0/bd_0_hls_inst_0_chirp/bd_0_hls_inst_0_chirp_fdiv_32ns_32ns_32_16_no_dsp_1/bd_0_hls_inst_0_chirp_fdiv_32ns_32ns_32_16_no_dsp_1_ip/<hidden>/<hidden>/<hidden>/<hidden>/<hidden>/<hidden>



--------------------------------------------------------------------------------------
Path Group:  (none)
From Clock:  
  To Clock:  

Max Delay             1 Endpoint
Min Delay             1 Endpoint
--------------------------------------------------------------------------------------


Max Delay Paths
--------------------------------------------------------------------------------------
Slack:                    inf
  Source:                 ap_ctrl_start
                            (input port)
  Destination:            ap_ctrl_idle
                            (output port)
  Path Group:             (none)
  Path Type:              Max at Slow Process Corner
  Data Path Delay:        2.070ns  (logic 0.124ns (5.990%)  route 1.946ns (94.010%))
  Logic Levels:           1  (LUT2=1)

    Location             Delay type                Incr(ns)  Path(ns)    Netlist Resource(s)
  -------------------------------------------------------------------    -------------------
                                                      0.000     0.000 f  ap_ctrl_start (IN)
                         net (fo=2, unset)            0.973     0.973    bd_0_i/hls_inst/inst/ap_start
    SLICE_X64Y74         LUT2 (Prop_lut2_I1_O)        0.124     1.097 r  bd_0_i/hls_inst/inst/ap_idle_INST_0/O
                         net (fo=0)                   0.973     2.070    ap_ctrl_idle
                                                                      r  ap_ctrl_idle (OUT)
  -------------------------------------------------------------------    -------------------





Min Delay Paths
--------------------------------------------------------------------------------------
Slack:                    inf
  Source:                 ap_ctrl_start
                            (input port)
  Destination:            ap_ctrl_idle
                            (output port)
  Path Group:             (none)
  Path Type:              Min at Fast Process Corner
  Data Path Delay:        0.865ns  (logic 0.045ns (5.201%)  route 0.820ns (94.799%))
  Logic Levels:           1  (LUT2=1)

    Location             Delay type                Incr(ns)  Path(ns)    Netlist Resource(s)
  -------------------------------------------------------------------    -------------------
                                                      0.000     0.000 f  ap_ctrl_start (IN)
                         net (fo=2, unset)            0.410     0.410    bd_0_i/hls_inst/inst/ap_start
    SLICE_X64Y74         LUT2 (Prop_lut2_I1_O)        0.045     0.455 r  bd_0_i/hls_inst/inst/ap_idle_INST_0/O
                         net (fo=0)                   0.410     0.865    ap_ctrl_idle
                                                                      r  ap_ctrl_idle (OUT)
  -------------------------------------------------------------------    -------------------





--------------------------------------------------------------------------------------
Path Group:  (none)
From Clock:  ap_clk
  To Clock:  

Max Delay            59 Endpoints
Min Delay            59 Endpoints
--------------------------------------------------------------------------------------


Max Delay Paths
--------------------------------------------------------------------------------------
Slack:                    inf
  Source:                 bd_0_i/hls_inst/inst/grp_chirp_Pipeline_VITIS_LOOP_60_1_VITIS_LOOP_63_2_fu_92/and_ln75_1_reg_1622_pp0_iter67_reg_reg[0]/C
                            (rising edge-triggered cell FDRE clocked by ap_clk  {rise@0.000ns fall@5.000ns period=10.000ns})
  Destination:            out_r_d0[17]
                            (output port)
  Path Group:             (none)
  Path Type:              Max at Slow Process Corner
  Data Path Delay:        4.008ns  (logic 0.797ns (19.886%)  route 3.211ns (80.114%))
  Logic Levels:           1  (LUT3=1)
  Clock Uncertainty:      0.025ns  ((TSJ^2 + TIJ^2)^1/2 + DJ) / 2 + PE
    Total System Jitter     (TSJ):    0.050ns
    Total Input Jitter      (TIJ):    0.000ns
    Discrete Jitter          (DJ):    0.000ns
    Phase Error              (PE):    0.000ns

    Location             Delay type                Incr(ns)  Path(ns)    Netlist Resource(s)
  -------------------------------------------------------------------    -------------------
                         (clock ap_clk rise edge)     0.000     0.000 r  
                                                      0.000     0.000 r  ap_clk (IN)
                         net (fo=3516, unset)         0.973     0.973    bd_0_i/hls_inst/inst/grp_chirp_Pipeline_VITIS_LOOP_60_1_VITIS_LOOP_63_2_fu_92/ap_clk
    SLICE_X38Y76         FDRE                                         r  bd_0_i/hls_inst/inst/grp_chirp_Pipeline_VITIS_LOOP_60_1_VITIS_LOOP_63_2_fu_92/and_ln75_1_reg_1622_pp0_iter67_reg_reg[0]/C
  -------------------------------------------------------------------    -------------------
    SLICE_X38Y76         FDRE (Prop_fdre_C_Q)         0.478     1.451 r  bd_0_i/hls_inst/inst/grp_chirp_Pipeline_VITIS_LOOP_60_1_VITIS_LOOP_63_2_fu_92/and_ln75_1_reg_1622_pp0_iter67_reg_reg[0]/Q
                         net (fo=32, routed)          2.238     3.689    bd_0_i/hls_inst/inst/grp_chirp_Pipeline_VITIS_LOOP_60_1_VITIS_LOOP_63_2_fu_92/and_ln75_1_reg_1622_pp0_iter67_reg[0]
    SLICE_X58Y92         LUT3 (Prop_lut3_I1_O)        0.319     4.008 r  bd_0_i/hls_inst/inst/grp_chirp_Pipeline_VITIS_LOOP_60_1_VITIS_LOOP_63_2_fu_92/out_r_d0[17]_INST_0/O
                         net (fo=0)                   0.973     4.981    out_r_d0[17]
                                                                      r  out_r_d0[17] (OUT)
  -------------------------------------------------------------------    -------------------

Slack:                    inf
  Source:                 bd_0_i/hls_inst/inst/grp_chirp_Pipeline_VITIS_LOOP_60_1_VITIS_LOOP_63_2_fu_92/and_ln75_1_reg_1622_pp0_iter67_reg_reg[0]/C
                            (rising edge-triggered cell FDRE clocked by ap_clk  {rise@0.000ns fall@5.000ns period=10.000ns})
  Destination:            out_r_d0[9]
                            (output port)
  Path Group:             (none)
  Path Type:              Max at Slow Process Corner
  Data Path Delay:        3.988ns  (logic 0.797ns (19.987%)  route 3.191ns (80.013%))
  Logic Levels:           1  (LUT3=1)
  Clock Uncertainty:      0.025ns  ((TSJ^2 + TIJ^2)^1/2 + DJ) / 2 + PE
    Total System Jitter     (TSJ):    0.050ns
    Total Input Jitter      (TIJ):    0.000ns
    Discrete Jitter          (DJ):    0.000ns
    Phase Error              (PE):    0.000ns

    Location             Delay type                Incr(ns)  Path(ns)    Netlist Resource(s)
  -------------------------------------------------------------------    -------------------
                         (clock ap_clk rise edge)     0.000     0.000 r  
                                                      0.000     0.000 r  ap_clk (IN)
                         net (fo=3516, unset)         0.973     0.973    bd_0_i/hls_inst/inst/grp_chirp_Pipeline_VITIS_LOOP_60_1_VITIS_LOOP_63_2_fu_92/ap_clk
    SLICE_X38Y76         FDRE                                         r  bd_0_i/hls_inst/inst/grp_chirp_Pipeline_VITIS_LOOP_60_1_VITIS_LOOP_63_2_fu_92/and_ln75_1_reg_1622_pp0_iter67_reg_reg[0]/C
  -------------------------------------------------------------------    -------------------
    SLICE_X38Y76         FDRE (Prop_fdre_C_Q)         0.478     1.451 r  bd_0_i/hls_inst/inst/grp_chirp_Pipeline_VITIS_LOOP_60_1_VITIS_LOOP_63_2_fu_92/and_ln75_1_reg_1622_pp0_iter67_reg_reg[0]/Q
                         net (fo=32, routed)          2.218     3.669    bd_0_i/hls_inst/inst/grp_chirp_Pipeline_VITIS_LOOP_60_1_VITIS_LOOP_63_2_fu_92/and_ln75_1_reg_1622_pp0_iter67_reg[0]
    SLICE_X62Y93         LUT3 (Prop_lut3_I1_O)        0.319     3.988 r  bd_0_i/hls_inst/inst/grp_chirp_Pipeline_VITIS_LOOP_60_1_VITIS_LOOP_63_2_fu_92/out_r_d0[9]_INST_0/O
                         net (fo=0)                   0.973     4.961    out_r_d0[9]
                                                                      r  out_r_d0[9] (OUT)
  -------------------------------------------------------------------    -------------------

Slack:                    inf
  Source:                 bd_0_i/hls_inst/inst/grp_chirp_Pipeline_VITIS_LOOP_60_1_VITIS_LOOP_63_2_fu_92/and_ln75_1_reg_1622_pp0_iter67_reg_reg[0]/C
                            (rising edge-triggered cell FDRE clocked by ap_clk  {rise@0.000ns fall@5.000ns period=10.000ns})
  Destination:            out_r_d0[16]
                            (output port)
  Path Group:             (none)
  Path Type:              Max at Slow Process Corner
  Data Path Delay:        3.984ns  (logic 0.773ns (19.404%)  route 3.211ns (80.596%))
  Logic Levels:           1  (LUT3=1)
  Clock Uncertainty:      0.025ns  ((TSJ^2 + TIJ^2)^1/2 + DJ) / 2 + PE
    Total System Jitter     (TSJ):    0.050ns
    Total Input Jitter      (TIJ):    0.000ns
    Discrete Jitter          (DJ):    0.000ns
    Phase Error              (PE):    0.000ns

    Location             Delay type                Incr(ns)  Path(ns)    Netlist Resource(s)
  -------------------------------------------------------------------    -------------------
                         (clock ap_clk rise edge)     0.000     0.000 r  
                                                      0.000     0.000 r  ap_clk (IN)
                         net (fo=3516, unset)         0.973     0.973    bd_0_i/hls_inst/inst/grp_chirp_Pipeline_VITIS_LOOP_60_1_VITIS_LOOP_63_2_fu_92/ap_clk
    SLICE_X38Y76         FDRE                                         r  bd_0_i/hls_inst/inst/grp_chirp_Pipeline_VITIS_LOOP_60_1_VITIS_LOOP_63_2_fu_92/and_ln75_1_reg_1622_pp0_iter67_reg_reg[0]/C
  -------------------------------------------------------------------    -------------------
    SLICE_X38Y76         FDRE (Prop_fdre_C_Q)         0.478     1.451 r  bd_0_i/hls_inst/inst/grp_chirp_Pipeline_VITIS_LOOP_60_1_VITIS_LOOP_63_2_fu_92/and_ln75_1_reg_1622_pp0_iter67_reg_reg[0]/Q
                         net (fo=32, routed)          2.238     3.689    bd_0_i/hls_inst/inst/grp_chirp_Pipeline_VITIS_LOOP_60_1_VITIS_LOOP_63_2_fu_92/and_ln75_1_reg_1622_pp0_iter67_reg[0]
    SLICE_X58Y92         LUT3 (Prop_lut3_I1_O)        0.295     3.984 r  bd_0_i/hls_inst/inst/grp_chirp_Pipeline_VITIS_LOOP_60_1_VITIS_LOOP_63_2_fu_92/out_r_d0[16]_INST_0/O
                         net (fo=0)                   0.973     4.957    out_r_d0[16]
                                                                      r  out_r_d0[16] (OUT)
  -------------------------------------------------------------------    -------------------

Slack:                    inf
  Source:                 bd_0_i/hls_inst/inst/grp_chirp_Pipeline_VITIS_LOOP_60_1_VITIS_LOOP_63_2_fu_92/and_ln75_1_reg_1622_pp0_iter67_reg_reg[0]/C
                            (rising edge-triggered cell FDRE clocked by ap_clk  {rise@0.000ns fall@5.000ns period=10.000ns})
  Destination:            out_r_d0[21]
                            (output port)
  Path Group:             (none)
  Path Type:              Max at Slow Process Corner
  Data Path Delay:        3.964ns  (logic 0.801ns (20.207%)  route 3.163ns (79.793%))
  Logic Levels:           1  (LUT3=1)
  Clock Uncertainty:      0.025ns  ((TSJ^2 + TIJ^2)^1/2 + DJ) / 2 + PE
    Total System Jitter     (TSJ):    0.050ns
    Total Input Jitter      (TIJ):    0.000ns
    Discrete Jitter          (DJ):    0.000ns
    Phase Error              (PE):    0.000ns

    Location             Delay type                Incr(ns)  Path(ns)    Netlist Resource(s)
  -------------------------------------------------------------------    -------------------
                         (clock ap_clk rise edge)     0.000     0.000 r  
                                                      0.000     0.000 r  ap_clk (IN)
                         net (fo=3516, unset)         0.973     0.973    bd_0_i/hls_inst/inst/grp_chirp_Pipeline_VITIS_LOOP_60_1_VITIS_LOOP_63_2_fu_92/ap_clk
    SLICE_X38Y76         FDRE                                         r  bd_0_i/hls_inst/inst/grp_chirp_Pipeline_VITIS_LOOP_60_1_VITIS_LOOP_63_2_fu_92/and_ln75_1_reg_1622_pp0_iter67_reg_reg[0]/C
  -------------------------------------------------------------------    -------------------
    SLICE_X38Y76         FDRE (Prop_fdre_C_Q)         0.478     1.451 r  bd_0_i/hls_inst/inst/grp_chirp_Pipeline_VITIS_LOOP_60_1_VITIS_LOOP_63_2_fu_92/and_ln75_1_reg_1622_pp0_iter67_reg_reg[0]/Q
                         net (fo=32, routed)          2.190     3.641    bd_0_i/hls_inst/inst/grp_chirp_Pipeline_VITIS_LOOP_60_1_VITIS_LOOP_63_2_fu_92/and_ln75_1_reg_1622_pp0_iter67_reg[0]
    SLICE_X59Y92         LUT3 (Prop_lut3_I1_O)        0.323     3.964 r  bd_0_i/hls_inst/inst/grp_chirp_Pipeline_VITIS_LOOP_60_1_VITIS_LOOP_63_2_fu_92/out_r_d0[21]_INST_0/O
                         net (fo=0)                   0.973     4.937    out_r_d0[21]
                                                                      r  out_r_d0[21] (OUT)
  -------------------------------------------------------------------    -------------------

Slack:                    inf
  Source:                 bd_0_i/hls_inst/inst/grp_chirp_Pipeline_VITIS_LOOP_60_1_VITIS_LOOP_63_2_fu_92/and_ln75_1_reg_1622_pp0_iter67_reg_reg[0]/C
                            (rising edge-triggered cell FDRE clocked by ap_clk  {rise@0.000ns fall@5.000ns period=10.000ns})
  Destination:            out_r_d0[8]
                            (output port)
  Path Group:             (none)
  Path Type:              Max at Slow Process Corner
  Data Path Delay:        3.964ns  (logic 0.773ns (19.502%)  route 3.191ns (80.498%))
  Logic Levels:           1  (LUT3=1)
  Clock Uncertainty:      0.025ns  ((TSJ^2 + TIJ^2)^1/2 + DJ) / 2 + PE
    Total System Jitter     (TSJ):    0.050ns
    Total Input Jitter      (TIJ):    0.000ns
    Discrete Jitter          (DJ):    0.000ns
    Phase Error              (PE):    0.000ns

    Location             Delay type                Incr(ns)  Path(ns)    Netlist Resource(s)
  -------------------------------------------------------------------    -------------------
                         (clock ap_clk rise edge)     0.000     0.000 r  
                                                      0.000     0.000 r  ap_clk (IN)
                         net (fo=3516, unset)         0.973     0.973    bd_0_i/hls_inst/inst/grp_chirp_Pipeline_VITIS_LOOP_60_1_VITIS_LOOP_63_2_fu_92/ap_clk
    SLICE_X38Y76         FDRE                                         r  bd_0_i/hls_inst/inst/grp_chirp_Pipeline_VITIS_LOOP_60_1_VITIS_LOOP_63_2_fu_92/and_ln75_1_reg_1622_pp0_iter67_reg_reg[0]/C
  -------------------------------------------------------------------    -------------------
    SLICE_X38Y76         FDRE (Prop_fdre_C_Q)         0.478     1.451 r  bd_0_i/hls_inst/inst/grp_chirp_Pipeline_VITIS_LOOP_60_1_VITIS_LOOP_63_2_fu_92/and_ln75_1_reg_1622_pp0_iter67_reg_reg[0]/Q
                         net (fo=32, routed)          2.218     3.669    bd_0_i/hls_inst/inst/grp_chirp_Pipeline_VITIS_LOOP_60_1_VITIS_LOOP_63_2_fu_92/and_ln75_1_reg_1622_pp0_iter67_reg[0]
    SLICE_X62Y93         LUT3 (Prop_lut3_I1_O)        0.295     3.964 r  bd_0_i/hls_inst/inst/grp_chirp_Pipeline_VITIS_LOOP_60_1_VITIS_LOOP_63_2_fu_92/out_r_d0[8]_INST_0/O
                         net (fo=0)                   0.973     4.937    out_r_d0[8]
                                                                      r  out_r_d0[8] (OUT)
  -------------------------------------------------------------------    -------------------

Slack:                    inf
  Source:                 bd_0_i/hls_inst/inst/grp_chirp_Pipeline_VITIS_LOOP_60_1_VITIS_LOOP_63_2_fu_92/and_ln75_1_reg_1622_pp0_iter67_reg_reg[0]/C
                            (rising edge-triggered cell FDRE clocked by ap_clk  {rise@0.000ns fall@5.000ns period=10.000ns})
  Destination:            out_r_d0[13]
                            (output port)
  Path Group:             (none)
  Path Type:              Max at Slow Process Corner
  Data Path Delay:        3.957ns  (logic 0.799ns (20.193%)  route 3.158ns (79.807%))
  Logic Levels:           1  (LUT3=1)
  Clock Uncertainty:      0.025ns  ((TSJ^2 + TIJ^2)^1/2 + DJ) / 2 + PE
    Total System Jitter     (TSJ):    0.050ns
    Total Input Jitter      (TIJ):    0.000ns
    Discrete Jitter          (DJ):    0.000ns
    Phase Error              (PE):    0.000ns

    Location             Delay type                Incr(ns)  Path(ns)    Netlist Resource(s)
  -------------------------------------------------------------------    -------------------
                         (clock ap_clk rise edge)     0.000     0.000 r  
                                                      0.000     0.000 r  ap_clk (IN)
                         net (fo=3516, unset)         0.973     0.973    bd_0_i/hls_inst/inst/grp_chirp_Pipeline_VITIS_LOOP_60_1_VITIS_LOOP_63_2_fu_92/ap_clk
    SLICE_X38Y76         FDRE                                         r  bd_0_i/hls_inst/inst/grp_chirp_Pipeline_VITIS_LOOP_60_1_VITIS_LOOP_63_2_fu_92/and_ln75_1_reg_1622_pp0_iter67_reg_reg[0]/C
  -------------------------------------------------------------------    -------------------
    SLICE_X38Y76         FDRE (Prop_fdre_C_Q)         0.478     1.451 r  bd_0_i/hls_inst/inst/grp_chirp_Pipeline_VITIS_LOOP_60_1_VITIS_LOOP_63_2_fu_92/and_ln75_1_reg_1622_pp0_iter67_reg_reg[0]/Q
                         net (fo=32, routed)          2.185     3.636    bd_0_i/hls_inst/inst/grp_chirp_Pipeline_VITIS_LOOP_60_1_VITIS_LOOP_63_2_fu_92/and_ln75_1_reg_1622_pp0_iter67_reg[0]
    SLICE_X60Y92         LUT3 (Prop_lut3_I1_O)        0.321     3.957 r  bd_0_i/hls_inst/inst/grp_chirp_Pipeline_VITIS_LOOP_60_1_VITIS_LOOP_63_2_fu_92/out_r_d0[13]_INST_0/O
                         net (fo=0)                   0.973     4.930    out_r_d0[13]
                                                                      r  out_r_d0[13] (OUT)
  -------------------------------------------------------------------    -------------------

Slack:                    inf
  Source:                 bd_0_i/hls_inst/inst/grp_chirp_Pipeline_VITIS_LOOP_60_1_VITIS_LOOP_63_2_fu_92/and_ln75_1_reg_1622_pp0_iter67_reg_reg[0]/C
                            (rising edge-triggered cell FDRE clocked by ap_clk  {rise@0.000ns fall@5.000ns period=10.000ns})
  Destination:            out_r_d0[20]
                            (output port)
  Path Group:             (none)
  Path Type:              Max at Slow Process Corner
  Data Path Delay:        3.936ns  (logic 0.773ns (19.639%)  route 3.163ns (80.361%))
  Logic Levels:           1  (LUT3=1)
  Clock Uncertainty:      0.025ns  ((TSJ^2 + TIJ^2)^1/2 + DJ) / 2 + PE
    Total System Jitter     (TSJ):    0.050ns
    Total Input Jitter      (TIJ):    0.000ns
    Discrete Jitter          (DJ):    0.000ns
    Phase Error              (PE):    0.000ns

    Location             Delay type                Incr(ns)  Path(ns)    Netlist Resource(s)
  -------------------------------------------------------------------    -------------------
                         (clock ap_clk rise edge)     0.000     0.000 r  
                                                      0.000     0.000 r  ap_clk (IN)
                         net (fo=3516, unset)         0.973     0.973    bd_0_i/hls_inst/inst/grp_chirp_Pipeline_VITIS_LOOP_60_1_VITIS_LOOP_63_2_fu_92/ap_clk
    SLICE_X38Y76         FDRE                                         r  bd_0_i/hls_inst/inst/grp_chirp_Pipeline_VITIS_LOOP_60_1_VITIS_LOOP_63_2_fu_92/and_ln75_1_reg_1622_pp0_iter67_reg_reg[0]/C
  -------------------------------------------------------------------    -------------------
    SLICE_X38Y76         FDRE (Prop_fdre_C_Q)         0.478     1.451 r  bd_0_i/hls_inst/inst/grp_chirp_Pipeline_VITIS_LOOP_60_1_VITIS_LOOP_63_2_fu_92/and_ln75_1_reg_1622_pp0_iter67_reg_reg[0]/Q
                         net (fo=32, routed)          2.190     3.641    bd_0_i/hls_inst/inst/grp_chirp_Pipeline_VITIS_LOOP_60_1_VITIS_LOOP_63_2_fu_92/and_ln75_1_reg_1622_pp0_iter67_reg[0]
    SLICE_X59Y92         LUT3 (Prop_lut3_I1_O)        0.295     3.936 r  bd_0_i/hls_inst/inst/grp_chirp_Pipeline_VITIS_LOOP_60_1_VITIS_LOOP_63_2_fu_92/out_r_d0[20]_INST_0/O
                         net (fo=0)                   0.973     4.909    out_r_d0[20]
                                                                      r  out_r_d0[20] (OUT)
  -------------------------------------------------------------------    -------------------

Slack:                    inf
  Source:                 bd_0_i/hls_inst/inst/grp_chirp_Pipeline_VITIS_LOOP_60_1_VITIS_LOOP_63_2_fu_92/and_ln75_1_reg_1622_pp0_iter67_reg_reg[0]/C
                            (rising edge-triggered cell FDRE clocked by ap_clk  {rise@0.000ns fall@5.000ns period=10.000ns})
  Destination:            out_r_d0[12]
                            (output port)
  Path Group:             (none)
  Path Type:              Max at Slow Process Corner
  Data Path Delay:        3.931ns  (logic 0.773ns (19.665%)  route 3.158ns (80.335%))
  Logic Levels:           1  (LUT3=1)
  Clock Uncertainty:      0.025ns  ((TSJ^2 + TIJ^2)^1/2 + DJ) / 2 + PE
    Total System Jitter     (TSJ):    0.050ns
    Total Input Jitter      (TIJ):    0.000ns
    Discrete Jitter          (DJ):    0.000ns
    Phase Error              (PE):    0.000ns

    Location             Delay type                Incr(ns)  Path(ns)    Netlist Resource(s)
  -------------------------------------------------------------------    -------------------
                         (clock ap_clk rise edge)     0.000     0.000 r  
                                                      0.000     0.000 r  ap_clk (IN)
                         net (fo=3516, unset)         0.973     0.973    bd_0_i/hls_inst/inst/grp_chirp_Pipeline_VITIS_LOOP_60_1_VITIS_LOOP_63_2_fu_92/ap_clk
    SLICE_X38Y76         FDRE                                         r  bd_0_i/hls_inst/inst/grp_chirp_Pipeline_VITIS_LOOP_60_1_VITIS_LOOP_63_2_fu_92/and_ln75_1_reg_1622_pp0_iter67_reg_reg[0]/C
  -------------------------------------------------------------------    -------------------
    SLICE_X38Y76         FDRE (Prop_fdre_C_Q)         0.478     1.451 r  bd_0_i/hls_inst/inst/grp_chirp_Pipeline_VITIS_LOOP_60_1_VITIS_LOOP_63_2_fu_92/and_ln75_1_reg_1622_pp0_iter67_reg_reg[0]/Q
                         net (fo=32, routed)          2.185     3.636    bd_0_i/hls_inst/inst/grp_chirp_Pipeline_VITIS_LOOP_60_1_VITIS_LOOP_63_2_fu_92/and_ln75_1_reg_1622_pp0_iter67_reg[0]
    SLICE_X60Y92         LUT3 (Prop_lut3_I1_O)        0.295     3.931 r  bd_0_i/hls_inst/inst/grp_chirp_Pipeline_VITIS_LOOP_60_1_VITIS_LOOP_63_2_fu_92/out_r_d0[12]_INST_0/O
                         net (fo=0)                   0.973     4.904    out_r_d0[12]
                                                                      r  out_r_d0[12] (OUT)
  -------------------------------------------------------------------    -------------------

Slack:                    inf
  Source:                 bd_0_i/hls_inst/inst/grp_chirp_Pipeline_VITIS_LOOP_60_1_VITIS_LOOP_63_2_fu_92/and_ln75_1_reg_1622_pp0_iter67_reg_reg[0]/C
                            (rising edge-triggered cell FDRE clocked by ap_clk  {rise@0.000ns fall@5.000ns period=10.000ns})
  Destination:            out_r_d0[1]
                            (output port)
  Path Group:             (none)
  Path Type:              Max at Slow Process Corner
  Data Path Delay:        3.838ns  (logic 0.797ns (20.768%)  route 3.041ns (79.232%))
  Logic Levels:           1  (LUT3=1)
  Clock Uncertainty:      0.025ns  ((TSJ^2 + TIJ^2)^1/2 + DJ) / 2 + PE
    Total System Jitter     (TSJ):    0.050ns
    Total Input Jitter      (TIJ):    0.000ns
    Discrete Jitter          (DJ):    0.000ns
    Phase Error              (PE):    0.000ns

    Location             Delay type                Incr(ns)  Path(ns)    Netlist Resource(s)
  -------------------------------------------------------------------    -------------------
                         (clock ap_clk rise edge)     0.000     0.000 r  
                                                      0.000     0.000 r  ap_clk (IN)
                         net (fo=3516, unset)         0.973     0.973    bd_0_i/hls_inst/inst/grp_chirp_Pipeline_VITIS_LOOP_60_1_VITIS_LOOP_63_2_fu_92/ap_clk
    SLICE_X38Y76         FDRE                                         r  bd_0_i/hls_inst/inst/grp_chirp_Pipeline_VITIS_LOOP_60_1_VITIS_LOOP_63_2_fu_92/and_ln75_1_reg_1622_pp0_iter67_reg_reg[0]/C
  -------------------------------------------------------------------    -------------------
    SLICE_X38Y76         FDRE (Prop_fdre_C_Q)         0.478     1.451 r  bd_0_i/hls_inst/inst/grp_chirp_Pipeline_VITIS_LOOP_60_1_VITIS_LOOP_63_2_fu_92/and_ln75_1_reg_1622_pp0_iter67_reg_reg[0]/Q
                         net (fo=32, routed)          2.068     3.519    bd_0_i/hls_inst/inst/grp_chirp_Pipeline_VITIS_LOOP_60_1_VITIS_LOOP_63_2_fu_92/and_ln75_1_reg_1622_pp0_iter67_reg[0]
    SLICE_X62Y92         LUT3 (Prop_lut3_I1_O)        0.319     3.838 r  bd_0_i/hls_inst/inst/grp_chirp_Pipeline_VITIS_LOOP_60_1_VITIS_LOOP_63_2_fu_92/out_r_d0[1]_INST_0/O
                         net (fo=0)                   0.973     4.811    out_r_d0[1]
                                                                      r  out_r_d0[1] (OUT)
  -------------------------------------------------------------------    -------------------

Slack:                    inf
  Source:                 bd_0_i/hls_inst/inst/grp_chirp_Pipeline_VITIS_LOOP_60_1_VITIS_LOOP_63_2_fu_92/and_ln75_1_reg_1622_pp0_iter67_reg_reg[0]/C
                            (rising edge-triggered cell FDRE clocked by ap_clk  {rise@0.000ns fall@5.000ns period=10.000ns})
  Destination:            out_r_d0[0]
                            (output port)
  Path Group:             (none)
  Path Type:              Max at Slow Process Corner
  Data Path Delay:        3.814ns  (logic 0.773ns (20.269%)  route 3.041ns (79.731%))
  Logic Levels:           1  (LUT3=1)
  Clock Uncertainty:      0.025ns  ((TSJ^2 + TIJ^2)^1/2 + DJ) / 2 + PE
    Total System Jitter     (TSJ):    0.050ns
    Total Input Jitter      (TIJ):    0.000ns
    Discrete Jitter          (DJ):    0.000ns
    Phase Error              (PE):    0.000ns

    Location             Delay type                Incr(ns)  Path(ns)    Netlist Resource(s)
  -------------------------------------------------------------------    -------------------
                         (clock ap_clk rise edge)     0.000     0.000 r  
                                                      0.000     0.000 r  ap_clk (IN)
                         net (fo=3516, unset)         0.973     0.973    bd_0_i/hls_inst/inst/grp_chirp_Pipeline_VITIS_LOOP_60_1_VITIS_LOOP_63_2_fu_92/ap_clk
    SLICE_X38Y76         FDRE                                         r  bd_0_i/hls_inst/inst/grp_chirp_Pipeline_VITIS_LOOP_60_1_VITIS_LOOP_63_2_fu_92/and_ln75_1_reg_1622_pp0_iter67_reg_reg[0]/C
  -------------------------------------------------------------------    -------------------
    SLICE_X38Y76         FDRE (Prop_fdre_C_Q)         0.478     1.451 r  bd_0_i/hls_inst/inst/grp_chirp_Pipeline_VITIS_LOOP_60_1_VITIS_LOOP_63_2_fu_92/and_ln75_1_reg_1622_pp0_iter67_reg_reg[0]/Q
                         net (fo=32, routed)          2.068     3.519    bd_0_i/hls_inst/inst/grp_chirp_Pipeline_VITIS_LOOP_60_1_VITIS_LOOP_63_2_fu_92/and_ln75_1_reg_1622_pp0_iter67_reg[0]
    SLICE_X62Y92         LUT3 (Prop_lut3_I1_O)        0.295     3.814 r  bd_0_i/hls_inst/inst/grp_chirp_Pipeline_VITIS_LOOP_60_1_VITIS_LOOP_63_2_fu_92/out_r_d0[0]_INST_0/O
                         net (fo=0)                   0.973     4.787    out_r_d0[0]
                                                                      r  out_r_d0[0] (OUT)
  -------------------------------------------------------------------    -------------------





Min Delay Paths
--------------------------------------------------------------------------------------
Slack:                    inf
  Source:                 bd_0_i/hls_inst/inst/grp_chirp_Pipeline_VITIS_LOOP_60_1_VITIS_LOOP_63_2_fu_92/ap_enable_reg_pp0_iter68_reg/C
                            (rising edge-triggered cell FDRE clocked by ap_clk  {rise@0.000ns fall@5.000ns period=10.000ns})
  Destination:            out_r_ce0
                            (output port)
  Path Group:             (none)
  Path Type:              Min at Fast Process Corner
  Data Path Delay:        0.551ns  (logic 0.141ns (25.583%)  route 0.410ns (74.417%))
  Logic Levels:           0  
  Clock Uncertainty:      0.025ns  ((TSJ^2 + TIJ^2)^1/2 + DJ) / 2 + PE
    Total System Jitter     (TSJ):    0.050ns
    Total Input Jitter      (TIJ):    0.000ns
    Discrete Jitter          (DJ):    0.000ns
    Phase Error              (PE):    0.000ns

    Location             Delay type                Incr(ns)  Path(ns)    Netlist Resource(s)
  -------------------------------------------------------------------    -------------------
                         (clock ap_clk rise edge)     0.000     0.000 r  
                                                      0.000     0.000 r  ap_clk (IN)
                         net (fo=3516, unset)         0.410     0.410    bd_0_i/hls_inst/inst/grp_chirp_Pipeline_VITIS_LOOP_60_1_VITIS_LOOP_63_2_fu_92/ap_clk
    SLICE_X45Y93         FDRE                                         r  bd_0_i/hls_inst/inst/grp_chirp_Pipeline_VITIS_LOOP_60_1_VITIS_LOOP_63_2_fu_92/ap_enable_reg_pp0_iter68_reg/C
  -------------------------------------------------------------------    -------------------
    SLICE_X45Y93         FDRE (Prop_fdre_C_Q)         0.141     0.551 r  bd_0_i/hls_inst/inst/grp_chirp_Pipeline_VITIS_LOOP_60_1_VITIS_LOOP_63_2_fu_92/ap_enable_reg_pp0_iter68_reg/Q
                         net (fo=0)                   0.410     0.961    out_r_ce0
                                                                      r  out_r_ce0 (OUT)
  -------------------------------------------------------------------    -------------------

Slack:                    inf
  Source:                 bd_0_i/hls_inst/inst/grp_chirp_Pipeline_VITIS_LOOP_60_1_VITIS_LOOP_63_2_fu_92/ap_enable_reg_pp0_iter68_reg/C
                            (rising edge-triggered cell FDRE clocked by ap_clk  {rise@0.000ns fall@5.000ns period=10.000ns})
  Destination:            out_r_we0
                            (output port)
  Path Group:             (none)
  Path Type:              Min at Fast Process Corner
  Data Path Delay:        0.551ns  (logic 0.141ns (25.583%)  route 0.410ns (74.417%))
  Logic Levels:           0  
  Clock Uncertainty:      0.025ns  ((TSJ^2 + TIJ^2)^1/2 + DJ) / 2 + PE
    Total System Jitter     (TSJ):    0.050ns
    Total Input Jitter      (TIJ):    0.000ns
    Discrete Jitter          (DJ):    0.000ns
    Phase Error              (PE):    0.000ns

    Location             Delay type                Incr(ns)  Path(ns)    Netlist Resource(s)
  -------------------------------------------------------------------    -------------------
                         (clock ap_clk rise edge)     0.000     0.000 r  
                                                      0.000     0.000 r  ap_clk (IN)
                         net (fo=3516, unset)         0.410     0.410    bd_0_i/hls_inst/inst/grp_chirp_Pipeline_VITIS_LOOP_60_1_VITIS_LOOP_63_2_fu_92/ap_clk
    SLICE_X45Y93         FDRE                                         r  bd_0_i/hls_inst/inst/grp_chirp_Pipeline_VITIS_LOOP_60_1_VITIS_LOOP_63_2_fu_92/ap_enable_reg_pp0_iter68_reg/C
  -------------------------------------------------------------------    -------------------
    SLICE_X45Y93         FDRE (Prop_fdre_C_Q)         0.141     0.551 r  bd_0_i/hls_inst/inst/grp_chirp_Pipeline_VITIS_LOOP_60_1_VITIS_LOOP_63_2_fu_92/ap_enable_reg_pp0_iter68_reg/Q
                         net (fo=0)                   0.410     0.961    out_r_we0
                                                                      r  out_r_we0 (OUT)
  -------------------------------------------------------------------    -------------------

Slack:                    inf
  Source:                 bd_0_i/hls_inst/inst/grp_chirp_Pipeline_VITIS_LOOP_60_1_VITIS_LOOP_63_2_fu_92/out_r_addr_reg_1626_pp0_iter67_reg_reg[0]/C
                            (rising edge-triggered cell FDRE clocked by ap_clk  {rise@0.000ns fall@5.000ns period=10.000ns})
  Destination:            out_r_address0[0]
                            (output port)
  Path Group:             (none)
  Path Type:              Min at Fast Process Corner
  Data Path Delay:        0.574ns  (logic 0.164ns (28.565%)  route 0.410ns (71.435%))
  Logic Levels:           0  
  Clock Uncertainty:      0.025ns  ((TSJ^2 + TIJ^2)^1/2 + DJ) / 2 + PE
    Total System Jitter     (TSJ):    0.050ns
    Total Input Jitter      (TIJ):    0.000ns
    Discrete Jitter          (DJ):    0.000ns
    Phase Error              (PE):    0.000ns

    Location             Delay type                Incr(ns)  Path(ns)    Netlist Resource(s)
  -------------------------------------------------------------------    -------------------
                         (clock ap_clk rise edge)     0.000     0.000 r  
                                                      0.000     0.000 r  ap_clk (IN)
                         net (fo=3516, unset)         0.410     0.410    bd_0_i/hls_inst/inst/grp_chirp_Pipeline_VITIS_LOOP_60_1_VITIS_LOOP_63_2_fu_92/ap_clk
    SLICE_X66Y62         FDRE                                         r  bd_0_i/hls_inst/inst/grp_chirp_Pipeline_VITIS_LOOP_60_1_VITIS_LOOP_63_2_fu_92/out_r_addr_reg_1626_pp0_iter67_reg_reg[0]/C
  -------------------------------------------------------------------    -------------------
    SLICE_X66Y62         FDRE (Prop_fdre_C_Q)         0.164     0.574 r  bd_0_i/hls_inst/inst/grp_chirp_Pipeline_VITIS_LOOP_60_1_VITIS_LOOP_63_2_fu_92/out_r_addr_reg_1626_pp0_iter67_reg_reg[0]/Q
                         net (fo=0)                   0.410     0.984    out_r_address0[0]
                                                                      r  out_r_address0[0] (OUT)
  -------------------------------------------------------------------    -------------------

Slack:                    inf
  Source:                 bd_0_i/hls_inst/inst/grp_chirp_Pipeline_VITIS_LOOP_60_1_VITIS_LOOP_63_2_fu_92/out_r_addr_reg_1626_pp0_iter67_reg_reg[10]/C
                            (rising edge-triggered cell FDRE clocked by ap_clk  {rise@0.000ns fall@5.000ns period=10.000ns})
  Destination:            out_r_address0[10]
                            (output port)
  Path Group:             (none)
  Path Type:              Min at Fast Process Corner
  Data Path Delay:        0.574ns  (logic 0.164ns (28.565%)  route 0.410ns (71.435%))
  Logic Levels:           0  
  Clock Uncertainty:      0.025ns  ((TSJ^2 + TIJ^2)^1/2 + DJ) / 2 + PE
    Total System Jitter     (TSJ):    0.050ns
    Total Input Jitter      (TIJ):    0.000ns
    Discrete Jitter          (DJ):    0.000ns
    Phase Error              (PE):    0.000ns

    Location             Delay type                Incr(ns)  Path(ns)    Netlist Resource(s)
  -------------------------------------------------------------------    -------------------
                         (clock ap_clk rise edge)     0.000     0.000 r  
                                                      0.000     0.000 r  ap_clk (IN)
                         net (fo=3516, unset)         0.410     0.410    bd_0_i/hls_inst/inst/grp_chirp_Pipeline_VITIS_LOOP_60_1_VITIS_LOOP_63_2_fu_92/ap_clk
    SLICE_X66Y64         FDRE                                         r  bd_0_i/hls_inst/inst/grp_chirp_Pipeline_VITIS_LOOP_60_1_VITIS_LOOP_63_2_fu_92/out_r_addr_reg_1626_pp0_iter67_reg_reg[10]/C
  -------------------------------------------------------------------    -------------------
    SLICE_X66Y64         FDRE (Prop_fdre_C_Q)         0.164     0.574 r  bd_0_i/hls_inst/inst/grp_chirp_Pipeline_VITIS_LOOP_60_1_VITIS_LOOP_63_2_fu_92/out_r_addr_reg_1626_pp0_iter67_reg_reg[10]/Q
                         net (fo=0)                   0.410     0.984    out_r_address0[10]
                                                                      r  out_r_address0[10] (OUT)
  -------------------------------------------------------------------    -------------------

Slack:                    inf
  Source:                 bd_0_i/hls_inst/inst/grp_chirp_Pipeline_VITIS_LOOP_60_1_VITIS_LOOP_63_2_fu_92/out_r_addr_reg_1626_pp0_iter67_reg_reg[11]/C
                            (rising edge-triggered cell FDRE clocked by ap_clk  {rise@0.000ns fall@5.000ns period=10.000ns})
  Destination:            out_r_address0[11]
                            (output port)
  Path Group:             (none)
  Path Type:              Min at Fast Process Corner
  Data Path Delay:        0.574ns  (logic 0.164ns (28.565%)  route 0.410ns (71.435%))
  Logic Levels:           0  
  Clock Uncertainty:      0.025ns  ((TSJ^2 + TIJ^2)^1/2 + DJ) / 2 + PE
    Total System Jitter     (TSJ):    0.050ns
    Total Input Jitter      (TIJ):    0.000ns
    Discrete Jitter          (DJ):    0.000ns
    Phase Error              (PE):    0.000ns

    Location             Delay type                Incr(ns)  Path(ns)    Netlist Resource(s)
  -------------------------------------------------------------------    -------------------
                         (clock ap_clk rise edge)     0.000     0.000 r  
                                                      0.000     0.000 r  ap_clk (IN)
                         net (fo=3516, unset)         0.410     0.410    bd_0_i/hls_inst/inst/grp_chirp_Pipeline_VITIS_LOOP_60_1_VITIS_LOOP_63_2_fu_92/ap_clk
    SLICE_X62Y64         FDRE                                         r  bd_0_i/hls_inst/inst/grp_chirp_Pipeline_VITIS_LOOP_60_1_VITIS_LOOP_63_2_fu_92/out_r_addr_reg_1626_pp0_iter67_reg_reg[11]/C
  -------------------------------------------------------------------    -------------------
    SLICE_X62Y64         FDRE (Prop_fdre_C_Q)         0.164     0.574 r  bd_0_i/hls_inst/inst/grp_chirp_Pipeline_VITIS_LOOP_60_1_VITIS_LOOP_63_2_fu_92/out_r_addr_reg_1626_pp0_iter67_reg_reg[11]/Q
                         net (fo=0)                   0.410     0.984    out_r_address0[11]
                                                                      r  out_r_address0[11] (OUT)
  -------------------------------------------------------------------    -------------------

Slack:                    inf
  Source:                 bd_0_i/hls_inst/inst/grp_chirp_Pipeline_VITIS_LOOP_60_1_VITIS_LOOP_63_2_fu_92/out_r_addr_reg_1626_pp0_iter67_reg_reg[12]/C
                            (rising edge-triggered cell FDRE clocked by ap_clk  {rise@0.000ns fall@5.000ns period=10.000ns})
  Destination:            out_r_address0[12]
                            (output port)
  Path Group:             (none)
  Path Type:              Min at Fast Process Corner
  Data Path Delay:        0.574ns  (logic 0.164ns (28.565%)  route 0.410ns (71.435%))
  Logic Levels:           0  
  Clock Uncertainty:      0.025ns  ((TSJ^2 + TIJ^2)^1/2 + DJ) / 2 + PE
    Total System Jitter     (TSJ):    0.050ns
    Total Input Jitter      (TIJ):    0.000ns
    Discrete Jitter          (DJ):    0.000ns
    Phase Error              (PE):    0.000ns

    Location             Delay type                Incr(ns)  Path(ns)    Netlist Resource(s)
  -------------------------------------------------------------------    -------------------
                         (clock ap_clk rise edge)     0.000     0.000 r  
                                                      0.000     0.000 r  ap_clk (IN)
                         net (fo=3516, unset)         0.410     0.410    bd_0_i/hls_inst/inst/grp_chirp_Pipeline_VITIS_LOOP_60_1_VITIS_LOOP_63_2_fu_92/ap_clk
    SLICE_X62Y65         FDRE                                         r  bd_0_i/hls_inst/inst/grp_chirp_Pipeline_VITIS_LOOP_60_1_VITIS_LOOP_63_2_fu_92/out_r_addr_reg_1626_pp0_iter67_reg_reg[12]/C
  -------------------------------------------------------------------    -------------------
    SLICE_X62Y65         FDRE (Prop_fdre_C_Q)         0.164     0.574 r  bd_0_i/hls_inst/inst/grp_chirp_Pipeline_VITIS_LOOP_60_1_VITIS_LOOP_63_2_fu_92/out_r_addr_reg_1626_pp0_iter67_reg_reg[12]/Q
                         net (fo=0)                   0.410     0.984    out_r_address0[12]
                                                                      r  out_r_address0[12] (OUT)
  -------------------------------------------------------------------    -------------------

Slack:                    inf
  Source:                 bd_0_i/hls_inst/inst/grp_chirp_Pipeline_VITIS_LOOP_60_1_VITIS_LOOP_63_2_fu_92/out_r_addr_reg_1626_pp0_iter67_reg_reg[13]/C
                            (rising edge-triggered cell FDRE clocked by ap_clk  {rise@0.000ns fall@5.000ns period=10.000ns})
  Destination:            out_r_address0[13]
                            (output port)
  Path Group:             (none)
  Path Type:              Min at Fast Process Corner
  Data Path Delay:        0.574ns  (logic 0.164ns (28.565%)  route 0.410ns (71.435%))
  Logic Levels:           0  
  Clock Uncertainty:      0.025ns  ((TSJ^2 + TIJ^2)^1/2 + DJ) / 2 + PE
    Total System Jitter     (TSJ):    0.050ns
    Total Input Jitter      (TIJ):    0.000ns
    Discrete Jitter          (DJ):    0.000ns
    Phase Error              (PE):    0.000ns

    Location             Delay type                Incr(ns)  Path(ns)    Netlist Resource(s)
  -------------------------------------------------------------------    -------------------
                         (clock ap_clk rise edge)     0.000     0.000 r  
                                                      0.000     0.000 r  ap_clk (IN)
                         net (fo=3516, unset)         0.410     0.410    bd_0_i/hls_inst/inst/grp_chirp_Pipeline_VITIS_LOOP_60_1_VITIS_LOOP_63_2_fu_92/ap_clk
    SLICE_X66Y66         FDRE                                         r  bd_0_i/hls_inst/inst/grp_chirp_Pipeline_VITIS_LOOP_60_1_VITIS_LOOP_63_2_fu_92/out_r_addr_reg_1626_pp0_iter67_reg_reg[13]/C
  -------------------------------------------------------------------    -------------------
    SLICE_X66Y66         FDRE (Prop_fdre_C_Q)         0.164     0.574 r  bd_0_i/hls_inst/inst/grp_chirp_Pipeline_VITIS_LOOP_60_1_VITIS_LOOP_63_2_fu_92/out_r_addr_reg_1626_pp0_iter67_reg_reg[13]/Q
                         net (fo=0)                   0.410     0.984    out_r_address0[13]
                                                                      r  out_r_address0[13] (OUT)
  -------------------------------------------------------------------    -------------------

Slack:                    inf
  Source:                 bd_0_i/hls_inst/inst/grp_chirp_Pipeline_VITIS_LOOP_60_1_VITIS_LOOP_63_2_fu_92/out_r_addr_reg_1626_pp0_iter67_reg_reg[14]/C
                            (rising edge-triggered cell FDRE clocked by ap_clk  {rise@0.000ns fall@5.000ns period=10.000ns})
  Destination:            out_r_address0[14]
                            (output port)
  Path Group:             (none)
  Path Type:              Min at Fast Process Corner
  Data Path Delay:        0.574ns  (logic 0.164ns (28.565%)  route 0.410ns (71.435%))
  Logic Levels:           0  
  Clock Uncertainty:      0.025ns  ((TSJ^2 + TIJ^2)^1/2 + DJ) / 2 + PE
    Total System Jitter     (TSJ):    0.050ns
    Total Input Jitter      (TIJ):    0.000ns
    Discrete Jitter          (DJ):    0.000ns
    Phase Error              (PE):    0.000ns

    Location             Delay type                Incr(ns)  Path(ns)    Netlist Resource(s)
  -------------------------------------------------------------------    -------------------
                         (clock ap_clk rise edge)     0.000     0.000 r  
                                                      0.000     0.000 r  ap_clk (IN)
                         net (fo=3516, unset)         0.410     0.410    bd_0_i/hls_inst/inst/grp_chirp_Pipeline_VITIS_LOOP_60_1_VITIS_LOOP_63_2_fu_92/ap_clk
    SLICE_X58Y64         FDRE                                         r  bd_0_i/hls_inst/inst/grp_chirp_Pipeline_VITIS_LOOP_60_1_VITIS_LOOP_63_2_fu_92/out_r_addr_reg_1626_pp0_iter67_reg_reg[14]/C
  -------------------------------------------------------------------    -------------------
    SLICE_X58Y64         FDRE (Prop_fdre_C_Q)         0.164     0.574 r  bd_0_i/hls_inst/inst/grp_chirp_Pipeline_VITIS_LOOP_60_1_VITIS_LOOP_63_2_fu_92/out_r_addr_reg_1626_pp0_iter67_reg_reg[14]/Q
                         net (fo=0)                   0.410     0.984    out_r_address0[14]
                                                                      r  out_r_address0[14] (OUT)
  -------------------------------------------------------------------    -------------------

Slack:                    inf
  Source:                 bd_0_i/hls_inst/inst/grp_chirp_Pipeline_VITIS_LOOP_60_1_VITIS_LOOP_63_2_fu_92/out_r_addr_reg_1626_pp0_iter67_reg_reg[15]/C
                            (rising edge-triggered cell FDRE clocked by ap_clk  {rise@0.000ns fall@5.000ns period=10.000ns})
  Destination:            out_r_address0[15]
                            (output port)
  Path Group:             (none)
  Path Type:              Min at Fast Process Corner
  Data Path Delay:        0.574ns  (logic 0.164ns (28.565%)  route 0.410ns (71.435%))
  Logic Levels:           0  
  Clock Uncertainty:      0.025ns  ((TSJ^2 + TIJ^2)^1/2 + DJ) / 2 + PE
    Total System Jitter     (TSJ):    0.050ns
    Total Input Jitter      (TIJ):    0.000ns
    Discrete Jitter          (DJ):    0.000ns
    Phase Error              (PE):    0.000ns

    Location             Delay type                Incr(ns)  Path(ns)    Netlist Resource(s)
  -------------------------------------------------------------------    -------------------
                         (clock ap_clk rise edge)     0.000     0.000 r  
                                                      0.000     0.000 r  ap_clk (IN)
                         net (fo=3516, unset)         0.410     0.410    bd_0_i/hls_inst/inst/grp_chirp_Pipeline_VITIS_LOOP_60_1_VITIS_LOOP_63_2_fu_92/ap_clk
    SLICE_X62Y64         FDRE                                         r  bd_0_i/hls_inst/inst/grp_chirp_Pipeline_VITIS_LOOP_60_1_VITIS_LOOP_63_2_fu_92/out_r_addr_reg_1626_pp0_iter67_reg_reg[15]/C
  -------------------------------------------------------------------    -------------------
    SLICE_X62Y64         FDRE (Prop_fdre_C_Q)         0.164     0.574 r  bd_0_i/hls_inst/inst/grp_chirp_Pipeline_VITIS_LOOP_60_1_VITIS_LOOP_63_2_fu_92/out_r_addr_reg_1626_pp0_iter67_reg_reg[15]/Q
                         net (fo=0)                   0.410     0.984    out_r_address0[15]
                                                                      r  out_r_address0[15] (OUT)
  -------------------------------------------------------------------    -------------------

Slack:                    inf
  Source:                 bd_0_i/hls_inst/inst/grp_chirp_Pipeline_VITIS_LOOP_60_1_VITIS_LOOP_63_2_fu_92/out_r_addr_reg_1626_pp0_iter67_reg_reg[16]/C
                            (rising edge-triggered cell FDRE clocked by ap_clk  {rise@0.000ns fall@5.000ns period=10.000ns})
  Destination:            out_r_address0[16]
                            (output port)
  Path Group:             (none)
  Path Type:              Min at Fast Process Corner
  Data Path Delay:        0.574ns  (logic 0.164ns (28.565%)  route 0.410ns (71.435%))
  Logic Levels:           0  
  Clock Uncertainty:      0.025ns  ((TSJ^2 + TIJ^2)^1/2 + DJ) / 2 + PE
    Total System Jitter     (TSJ):    0.050ns
    Total Input Jitter      (TIJ):    0.000ns
    Discrete Jitter          (DJ):    0.000ns
    Phase Error              (PE):    0.000ns

    Location             Delay type                Incr(ns)  Path(ns)    Netlist Resource(s)
  -------------------------------------------------------------------    -------------------
                         (clock ap_clk rise edge)     0.000     0.000 r  
                                                      0.000     0.000 r  ap_clk (IN)
                         net (fo=3516, unset)         0.410     0.410    bd_0_i/hls_inst/inst/grp_chirp_Pipeline_VITIS_LOOP_60_1_VITIS_LOOP_63_2_fu_92/ap_clk
    SLICE_X58Y67         FDRE                                         r  bd_0_i/hls_inst/inst/grp_chirp_Pipeline_VITIS_LOOP_60_1_VITIS_LOOP_63_2_fu_92/out_r_addr_reg_1626_pp0_iter67_reg_reg[16]/C
  -------------------------------------------------------------------    -------------------
    SLICE_X58Y67         FDRE (Prop_fdre_C_Q)         0.164     0.574 r  bd_0_i/hls_inst/inst/grp_chirp_Pipeline_VITIS_LOOP_60_1_VITIS_LOOP_63_2_fu_92/out_r_addr_reg_1626_pp0_iter67_reg_reg[16]/Q
                         net (fo=0)                   0.410     0.984    out_r_address0[16]
                                                                      r  out_r_address0[16] (OUT)
  -------------------------------------------------------------------    -------------------





--------------------------------------------------------------------------------------
Path Group:  (none)
From Clock:  
  To Clock:  ap_clk

Max Delay           703 Endpoints
Min Delay           703 Endpoints
--------------------------------------------------------------------------------------


Max Delay Paths
--------------------------------------------------------------------------------------
Slack:                    inf
  Source:                 Nframe[3]
                            (input port)
  Destination:            bd_0_i/hls_inst/inst/mul_31ns_31ns_62_2_1_U54/tmp_product__0/A[15]
                            (rising edge-triggered cell DSP48E1 clocked by ap_clk  {rise@0.000ns fall@5.000ns period=10.000ns})
  Path Group:             (none)
  Path Type:              Setup (Max at Slow Process Corner)
  Data Path Delay:        4.804ns  (logic 1.172ns (24.394%)  route 3.632ns (75.606%))
  Logic Levels:           6  (CARRY4=4 LUT2=2)
  Clock Path Skew:        0.924ns (DCD - SCD + CPR)
    Destination Clock Delay (DCD):    0.924ns
    Source Clock Delay      (SCD):    0.000ns
    Clock Pessimism Removal (CPR):    0.000ns
  Clock Uncertainty:      0.025ns  ((TSJ^2 + TIJ^2)^1/2 + DJ) / 2 + PE
    Total System Jitter     (TSJ):    0.050ns
    Total Input Jitter      (TIJ):    0.000ns
    Discrete Jitter          (DJ):    0.000ns
    Phase Error              (PE):    0.000ns

    Location             Delay type                Incr(ns)  Path(ns)    Netlist Resource(s)
  -------------------------------------------------------------------    -------------------
                                                      0.000     0.000 f  Nframe[3] (IN)
                         net (fo=2, unset)            0.973     0.973    bd_0_i/hls_inst/inst/mul_31ns_31ns_62_2_1_U54/Nframe[3]
    SLICE_X93Y59         LUT2 (Prop_lut2_I1_O)        0.124     1.097 r  bd_0_i/hls_inst/inst/mul_31ns_31ns_62_2_1_U54/tmp_product_i_94/O
                         net (fo=1, routed)           0.000     1.097    bd_0_i/hls_inst/inst/mul_31ns_31ns_62_2_1_U54/tmp_product_i_94_n_0
    SLICE_X93Y59         CARRY4 (Prop_carry4_S[1]_CO[3])
                                                      0.550     1.647 r  bd_0_i/hls_inst/inst/mul_31ns_31ns_62_2_1_U54/tmp_product_i_70/CO[3]
                         net (fo=1, routed)           0.000     1.647    bd_0_i/hls_inst/inst/mul_31ns_31ns_62_2_1_U54/tmp_product_i_70_n_0
    SLICE_X93Y60         CARRY4 (Prop_carry4_CI_CO[3])
                                                      0.114     1.761 r  bd_0_i/hls_inst/inst/mul_31ns_31ns_62_2_1_U54/tmp_product_i_52/CO[3]
                         net (fo=1, routed)           0.000     1.761    bd_0_i/hls_inst/inst/mul_31ns_31ns_62_2_1_U54/tmp_product_i_52_n_0
    SLICE_X93Y61         CARRY4 (Prop_carry4_CI_CO[3])
                                                      0.114     1.875 r  bd_0_i/hls_inst/inst/mul_31ns_31ns_62_2_1_U54/tmp_product_i_34/CO[3]
                         net (fo=1, routed)           0.000     1.875    bd_0_i/hls_inst/inst/mul_31ns_31ns_62_2_1_U54/tmp_product_i_34_n_0
    SLICE_X93Y62         CARRY4 (Prop_carry4_CI_CO[3])
                                                      0.114     1.989 r  bd_0_i/hls_inst/inst/mul_31ns_31ns_62_2_1_U54/tmp_product_i_32/CO[3]
                         net (fo=31, routed)          1.981     3.970    bd_0_i/hls_inst/inst/mul_31ns_31ns_62_2_1_U54/p_0_in
    SLICE_X102Y61        LUT2 (Prop_lut2_I0_O)        0.156     4.126 r  bd_0_i/hls_inst/inst/mul_31ns_31ns_62_2_1_U54/tmp_product__0_i_2/O
                         net (fo=1, routed)           0.678     4.804    bd_0_i/hls_inst/inst/mul_31ns_31ns_62_2_1_U54/tmp_product__0_i_2_n_0
    DSP48_X4Y24          DSP48E1                                      r  bd_0_i/hls_inst/inst/mul_31ns_31ns_62_2_1_U54/tmp_product__0/A[15]
  -------------------------------------------------------------------    -------------------

                         (clock ap_clk rise edge)     0.000     0.000 r  
                                                      0.000     0.000 r  ap_clk (IN)
                         net (fo=3516, unset)         0.924     0.924    bd_0_i/hls_inst/inst/mul_31ns_31ns_62_2_1_U54/ap_clk
    DSP48_X4Y24          DSP48E1                                      r  bd_0_i/hls_inst/inst/mul_31ns_31ns_62_2_1_U54/tmp_product__0/CLK

Slack:                    inf
  Source:                 N_SAMPLES_USED[3]
                            (input port)
  Destination:            bd_0_i/hls_inst/inst/mul_31ns_31ns_62_2_1_U54/tmp_product/A[12]
                            (rising edge-triggered cell DSP48E1 clocked by ap_clk  {rise@0.000ns fall@5.000ns period=10.000ns})
  Path Group:             (none)
  Path Type:              Setup (Max at Slow Process Corner)
  Data Path Delay:        4.714ns  (logic 1.140ns (24.181%)  route 3.574ns (75.819%))
  Logic Levels:           6  (CARRY4=4 LUT2=2)
  Clock Path Skew:        0.924ns (DCD - SCD + CPR)
    Destination Clock Delay (DCD):    0.924ns
    Source Clock Delay      (SCD):    0.000ns
    Clock Pessimism Removal (CPR):    0.000ns
  Clock Uncertainty:      0.025ns  ((TSJ^2 + TIJ^2)^1/2 + DJ) / 2 + PE
    Total System Jitter     (TSJ):    0.050ns
    Total Input Jitter      (TIJ):    0.000ns
    Discrete Jitter          (DJ):    0.000ns
    Phase Error              (PE):    0.000ns

    Location             Delay type                Incr(ns)  Path(ns)    Netlist Resource(s)
  -------------------------------------------------------------------    -------------------
                                                      0.000     0.000 f  N_SAMPLES_USED[3] (IN)
                         net (fo=3, unset)            0.973     0.973    bd_0_i/hls_inst/inst/mul_31ns_31ns_62_2_1_U54/N_SAMPLES_USED[3]
    SLICE_X99Y55         LUT2 (Prop_lut2_I1_O)        0.124     1.097 r  bd_0_i/hls_inst/inst/mul_31ns_31ns_62_2_1_U54/tmp_product_i_102/O
                         net (fo=1, routed)           0.000     1.097    bd_0_i/hls_inst/inst/mul_31ns_31ns_62_2_1_U54/tmp_product_i_102_n_0
    SLICE_X99Y55         CARRY4 (Prop_carry4_S[1]_CO[3])
                                                      0.550     1.647 r  bd_0_i/hls_inst/inst/mul_31ns_31ns_62_2_1_U54/tmp_product_i_79/CO[3]
                         net (fo=1, routed)           0.000     1.647    bd_0_i/hls_inst/inst/mul_31ns_31ns_62_2_1_U54/tmp_product_i_79_n_0
    SLICE_X99Y56         CARRY4 (Prop_carry4_CI_CO[3])
                                                      0.114     1.761 r  bd_0_i/hls_inst/inst/mul_31ns_31ns_62_2_1_U54/tmp_product_i_61/CO[3]
                         net (fo=1, routed)           0.000     1.761    bd_0_i/hls_inst/inst/mul_31ns_31ns_62_2_1_U54/tmp_product_i_61_n_0
    SLICE_X99Y57         CARRY4 (Prop_carry4_CI_CO[3])
                                                      0.114     1.875 r  bd_0_i/hls_inst/inst/mul_31ns_31ns_62_2_1_U54/tmp_product_i_43/CO[3]
                         net (fo=1, routed)           0.000     1.875    bd_0_i/hls_inst/inst/mul_31ns_31ns_62_2_1_U54/tmp_product_i_43_n_0
    SLICE_X99Y58         CARRY4 (Prop_carry4_CI_CO[3])
                                                      0.114     1.989 r  bd_0_i/hls_inst/inst/mul_31ns_31ns_62_2_1_U54/tmp_product_i_33/CO[3]
                         net (fo=31, routed)          1.632     3.621    bd_0_i/hls_inst/inst/mul_31ns_31ns_62_2_1_U54/tmp_product_i_33_n_0
    SLICE_X100Y62        LUT2 (Prop_lut2_I0_O)        0.124     3.745 r  bd_0_i/hls_inst/inst/mul_31ns_31ns_62_2_1_U54/tmp_product_i_19__0/O
                         net (fo=2, routed)           0.969     4.714    bd_0_i/hls_inst/inst/mul_31ns_31ns_62_2_1_U54/tmp_product_i_19__0_n_0
    DSP48_X3Y24          DSP48E1                                      r  bd_0_i/hls_inst/inst/mul_31ns_31ns_62_2_1_U54/tmp_product/A[12]
  -------------------------------------------------------------------    -------------------

                         (clock ap_clk rise edge)     0.000     0.000 r  
                                                      0.000     0.000 r  ap_clk (IN)
                         net (fo=3516, unset)         0.924     0.924    bd_0_i/hls_inst/inst/mul_31ns_31ns_62_2_1_U54/ap_clk
    DSP48_X3Y24          DSP48E1                                      r  bd_0_i/hls_inst/inst/mul_31ns_31ns_62_2_1_U54/tmp_product/CLK

Slack:                    inf
  Source:                 Nframe[3]
                            (input port)
  Destination:            bd_0_i/hls_inst/inst/mul_31ns_31ns_62_2_1_U54/tmp_product__0/A[1]
                            (rising edge-triggered cell DSP48E1 clocked by ap_clk  {rise@0.000ns fall@5.000ns period=10.000ns})
  Path Group:             (none)
  Path Type:              Setup (Max at Slow Process Corner)
  Data Path Delay:        4.688ns  (logic 1.169ns (24.937%)  route 3.519ns (75.063%))
  Logic Levels:           6  (CARRY4=4 LUT2=2)
  Clock Path Skew:        0.924ns (DCD - SCD + CPR)
    Destination Clock Delay (DCD):    0.924ns
    Source Clock Delay      (SCD):    0.000ns
    Clock Pessimism Removal (CPR):    0.000ns
  Clock Uncertainty:      0.025ns  ((TSJ^2 + TIJ^2)^1/2 + DJ) / 2 + PE
    Total System Jitter     (TSJ):    0.050ns
    Total Input Jitter      (TIJ):    0.000ns
    Discrete Jitter          (DJ):    0.000ns
    Phase Error              (PE):    0.000ns

    Location             Delay type                Incr(ns)  Path(ns)    Netlist Resource(s)
  -------------------------------------------------------------------    -------------------
                                                      0.000     0.000 f  Nframe[3] (IN)
                         net (fo=2, unset)            0.973     0.973    bd_0_i/hls_inst/inst/mul_31ns_31ns_62_2_1_U54/Nframe[3]
    SLICE_X93Y59         LUT2 (Prop_lut2_I1_O)        0.124     1.097 r  bd_0_i/hls_inst/inst/mul_31ns_31ns_62_2_1_U54/tmp_product_i_94/O
                         net (fo=1, routed)           0.000     1.097    bd_0_i/hls_inst/inst/mul_31ns_31ns_62_2_1_U54/tmp_product_i_94_n_0
    SLICE_X93Y59         CARRY4 (Prop_carry4_S[1]_CO[3])
                                                      0.550     1.647 r  bd_0_i/hls_inst/inst/mul_31ns_31ns_62_2_1_U54/tmp_product_i_70/CO[3]
                         net (fo=1, routed)           0.000     1.647    bd_0_i/hls_inst/inst/mul_31ns_31ns_62_2_1_U54/tmp_product_i_70_n_0
    SLICE_X93Y60         CARRY4 (Prop_carry4_CI_CO[3])
                                                      0.114     1.761 r  bd_0_i/hls_inst/inst/mul_31ns_31ns_62_2_1_U54/tmp_product_i_52/CO[3]
                         net (fo=1, routed)           0.000     1.761    bd_0_i/hls_inst/inst/mul_31ns_31ns_62_2_1_U54/tmp_product_i_52_n_0
    SLICE_X93Y61         CARRY4 (Prop_carry4_CI_CO[3])
                                                      0.114     1.875 r  bd_0_i/hls_inst/inst/mul_31ns_31ns_62_2_1_U54/tmp_product_i_34/CO[3]
                         net (fo=1, routed)           0.000     1.875    bd_0_i/hls_inst/inst/mul_31ns_31ns_62_2_1_U54/tmp_product_i_34_n_0
    SLICE_X93Y62         CARRY4 (Prop_carry4_CI_CO[3])
                                                      0.114     1.989 r  bd_0_i/hls_inst/inst/mul_31ns_31ns_62_2_1_U54/tmp_product_i_32/CO[3]
                         net (fo=31, routed)          1.962     3.951    bd_0_i/hls_inst/inst/mul_31ns_31ns_62_2_1_U54/p_0_in
    SLICE_X102Y61        LUT2 (Prop_lut2_I0_O)        0.153     4.104 r  bd_0_i/hls_inst/inst/mul_31ns_31ns_62_2_1_U54/tmp_product__0_i_16/O
                         net (fo=1, routed)           0.584     4.688    bd_0_i/hls_inst/inst/mul_31ns_31ns_62_2_1_U54/tmp_product__0_i_16_n_0
    DSP48_X4Y24          DSP48E1                                      r  bd_0_i/hls_inst/inst/mul_31ns_31ns_62_2_1_U54/tmp_product__0/A[1]
  -------------------------------------------------------------------    -------------------

                         (clock ap_clk rise edge)     0.000     0.000 r  
                                                      0.000     0.000 r  ap_clk (IN)
                         net (fo=3516, unset)         0.924     0.924    bd_0_i/hls_inst/inst/mul_31ns_31ns_62_2_1_U54/ap_clk
    DSP48_X4Y24          DSP48E1                                      r  bd_0_i/hls_inst/inst/mul_31ns_31ns_62_2_1_U54/tmp_product__0/CLK

Slack:                    inf
  Source:                 N_SAMPLES_USED[3]
                            (input port)
  Destination:            bd_0_i/hls_inst/inst/mul_31ns_31ns_62_2_1_U54/buff0_reg/B[10]
                            (rising edge-triggered cell DSP48E1 clocked by ap_clk  {rise@0.000ns fall@5.000ns period=10.000ns})
  Path Group:             (none)
  Path Type:              Setup (Max at Slow Process Corner)
  Data Path Delay:        4.636ns  (logic 1.140ns (24.592%)  route 3.496ns (75.408%))
  Logic Levels:           6  (CARRY4=4 LUT2=2)
  Clock Path Skew:        0.924ns (DCD - SCD + CPR)
    Destination Clock Delay (DCD):    0.924ns
    Source Clock Delay      (SCD):    0.000ns
    Clock Pessimism Removal (CPR):    0.000ns
  Clock Uncertainty:      0.025ns  ((TSJ^2 + TIJ^2)^1/2 + DJ) / 2 + PE
    Total System Jitter     (TSJ):    0.050ns
    Total Input Jitter      (TIJ):    0.000ns
    Discrete Jitter          (DJ):    0.000ns
    Phase Error              (PE):    0.000ns

    Location             Delay type                Incr(ns)  Path(ns)    Netlist Resource(s)
  -------------------------------------------------------------------    -------------------
                                                      0.000     0.000 f  N_SAMPLES_USED[3] (IN)
                         net (fo=3, unset)            0.973     0.973    bd_0_i/hls_inst/inst/mul_31ns_31ns_62_2_1_U54/N_SAMPLES_USED[3]
    SLICE_X99Y55         LUT2 (Prop_lut2_I1_O)        0.124     1.097 r  bd_0_i/hls_inst/inst/mul_31ns_31ns_62_2_1_U54/tmp_product_i_102/O
                         net (fo=1, routed)           0.000     1.097    bd_0_i/hls_inst/inst/mul_31ns_31ns_62_2_1_U54/tmp_product_i_102_n_0
    SLICE_X99Y55         CARRY4 (Prop_carry4_S[1]_CO[3])
                                                      0.550     1.647 r  bd_0_i/hls_inst/inst/mul_31ns_31ns_62_2_1_U54/tmp_product_i_79/CO[3]
                         net (fo=1, routed)           0.000     1.647    bd_0_i/hls_inst/inst/mul_31ns_31ns_62_2_1_U54/tmp_product_i_79_n_0
    SLICE_X99Y56         CARRY4 (Prop_carry4_CI_CO[3])
                                                      0.114     1.761 r  bd_0_i/hls_inst/inst/mul_31ns_31ns_62_2_1_U54/tmp_product_i_61/CO[3]
                         net (fo=1, routed)           0.000     1.761    bd_0_i/hls_inst/inst/mul_31ns_31ns_62_2_1_U54/tmp_product_i_61_n_0
    SLICE_X99Y57         CARRY4 (Prop_carry4_CI_CO[3])
                                                      0.114     1.875 r  bd_0_i/hls_inst/inst/mul_31ns_31ns_62_2_1_U54/tmp_product_i_43/CO[3]
                         net (fo=1, routed)           0.000     1.875    bd_0_i/hls_inst/inst/mul_31ns_31ns_62_2_1_U54/tmp_product_i_43_n_0
    SLICE_X99Y58         CARRY4 (Prop_carry4_CI_CO[3])
                                                      0.114     1.989 r  bd_0_i/hls_inst/inst/mul_31ns_31ns_62_2_1_U54/tmp_product_i_33/CO[3]
                         net (fo=31, routed)          1.785     3.774    bd_0_i/hls_inst/inst/mul_31ns_31ns_62_2_1_U54/tmp_product_i_33_n_0
    SLICE_X100Y62        LUT2 (Prop_lut2_I0_O)        0.124     3.898 r  bd_0_i/hls_inst/inst/mul_31ns_31ns_62_2_1_U54/buff0_reg_i_4/O
                         net (fo=2, routed)           0.738     4.636    bd_0_i/hls_inst/inst/mul_31ns_31ns_62_2_1_U54/buff0_reg_i_4_n_0
    DSP48_X3Y25          DSP48E1                                      r  bd_0_i/hls_inst/inst/mul_31ns_31ns_62_2_1_U54/buff0_reg/B[10]
  -------------------------------------------------------------------    -------------------

                         (clock ap_clk rise edge)     0.000     0.000 r  
                                                      0.000     0.000 r  ap_clk (IN)
                         net (fo=3516, unset)         0.924     0.924    bd_0_i/hls_inst/inst/mul_31ns_31ns_62_2_1_U54/ap_clk
    DSP48_X3Y25          DSP48E1                                      r  bd_0_i/hls_inst/inst/mul_31ns_31ns_62_2_1_U54/buff0_reg/CLK

Slack:                    inf
  Source:                 N_SAMPLES_USED[3]
                            (input port)
  Destination:            bd_0_i/hls_inst/inst/mul_31ns_31ns_62_2_1_U54/buff0_reg/B[9]
                            (rising edge-triggered cell DSP48E1 clocked by ap_clk  {rise@0.000ns fall@5.000ns period=10.000ns})
  Path Group:             (none)
  Path Type:              Setup (Max at Slow Process Corner)
  Data Path Delay:        4.633ns  (logic 1.168ns (25.209%)  route 3.465ns (74.791%))
  Logic Levels:           6  (CARRY4=4 LUT2=2)
  Clock Path Skew:        0.924ns (DCD - SCD + CPR)
    Destination Clock Delay (DCD):    0.924ns
    Source Clock Delay      (SCD):    0.000ns
    Clock Pessimism Removal (CPR):    0.000ns
  Clock Uncertainty:      0.025ns  ((TSJ^2 + TIJ^2)^1/2 + DJ) / 2 + PE
    Total System Jitter     (TSJ):    0.050ns
    Total Input Jitter      (TIJ):    0.000ns
    Discrete Jitter          (DJ):    0.000ns
    Phase Error              (PE):    0.000ns

    Location             Delay type                Incr(ns)  Path(ns)    Netlist Resource(s)
  -------------------------------------------------------------------    -------------------
                                                      0.000     0.000 f  N_SAMPLES_USED[3] (IN)
                         net (fo=3, unset)            0.973     0.973    bd_0_i/hls_inst/inst/mul_31ns_31ns_62_2_1_U54/N_SAMPLES_USED[3]
    SLICE_X99Y55         LUT2 (Prop_lut2_I1_O)        0.124     1.097 r  bd_0_i/hls_inst/inst/mul_31ns_31ns_62_2_1_U54/tmp_product_i_102/O
                         net (fo=1, routed)           0.000     1.097    bd_0_i/hls_inst/inst/mul_31ns_31ns_62_2_1_U54/tmp_product_i_102_n_0
    SLICE_X99Y55         CARRY4 (Prop_carry4_S[1]_CO[3])
                                                      0.550     1.647 r  bd_0_i/hls_inst/inst/mul_31ns_31ns_62_2_1_U54/tmp_product_i_79/CO[3]
                         net (fo=1, routed)           0.000     1.647    bd_0_i/hls_inst/inst/mul_31ns_31ns_62_2_1_U54/tmp_product_i_79_n_0
    SLICE_X99Y56         CARRY4 (Prop_carry4_CI_CO[3])
                                                      0.114     1.761 r  bd_0_i/hls_inst/inst/mul_31ns_31ns_62_2_1_U54/tmp_product_i_61/CO[3]
                         net (fo=1, routed)           0.000     1.761    bd_0_i/hls_inst/inst/mul_31ns_31ns_62_2_1_U54/tmp_product_i_61_n_0
    SLICE_X99Y57         CARRY4 (Prop_carry4_CI_CO[3])
                                                      0.114     1.875 r  bd_0_i/hls_inst/inst/mul_31ns_31ns_62_2_1_U54/tmp_product_i_43/CO[3]
                         net (fo=1, routed)           0.000     1.875    bd_0_i/hls_inst/inst/mul_31ns_31ns_62_2_1_U54/tmp_product_i_43_n_0
    SLICE_X99Y58         CARRY4 (Prop_carry4_CI_CO[3])
                                                      0.114     1.989 r  bd_0_i/hls_inst/inst/mul_31ns_31ns_62_2_1_U54/tmp_product_i_33/CO[3]
                         net (fo=31, routed)          1.785     3.774    bd_0_i/hls_inst/inst/mul_31ns_31ns_62_2_1_U54/tmp_product_i_33_n_0
    SLICE_X100Y62        LUT2 (Prop_lut2_I0_O)        0.152     3.926 r  bd_0_i/hls_inst/inst/mul_31ns_31ns_62_2_1_U54/buff0_reg_i_5/O
                         net (fo=2, routed)           0.708     4.633    bd_0_i/hls_inst/inst/mul_31ns_31ns_62_2_1_U54/buff0_reg_i_5_n_0
    DSP48_X3Y25          DSP48E1                                      r  bd_0_i/hls_inst/inst/mul_31ns_31ns_62_2_1_U54/buff0_reg/B[9]
  -------------------------------------------------------------------    -------------------

                         (clock ap_clk rise edge)     0.000     0.000 r  
                                                      0.000     0.000 r  ap_clk (IN)
                         net (fo=3516, unset)         0.924     0.924    bd_0_i/hls_inst/inst/mul_31ns_31ns_62_2_1_U54/ap_clk
    DSP48_X3Y25          DSP48E1                                      r  bd_0_i/hls_inst/inst/mul_31ns_31ns_62_2_1_U54/buff0_reg/CLK

Slack:                    inf
  Source:                 Nframe[3]
                            (input port)
  Destination:            bd_0_i/hls_inst/inst/mul_31ns_31ns_62_2_1_U54/tmp_product/B[6]
                            (rising edge-triggered cell DSP48E1 clocked by ap_clk  {rise@0.000ns fall@5.000ns period=10.000ns})
  Path Group:             (none)
  Path Type:              Setup (Max at Slow Process Corner)
  Data Path Delay:        4.579ns  (logic 1.169ns (25.529%)  route 3.410ns (74.471%))
  Logic Levels:           6  (CARRY4=4 LUT2=2)
  Clock Path Skew:        0.924ns (DCD - SCD + CPR)
    Destination Clock Delay (DCD):    0.924ns
    Source Clock Delay      (SCD):    0.000ns
    Clock Pessimism Removal (CPR):    0.000ns
  Clock Uncertainty:      0.025ns  ((TSJ^2 + TIJ^2)^1/2 + DJ) / 2 + PE
    Total System Jitter     (TSJ):    0.050ns
    Total Input Jitter      (TIJ):    0.000ns
    Discrete Jitter          (DJ):    0.000ns
    Phase Error              (PE):    0.000ns

    Location             Delay type                Incr(ns)  Path(ns)    Netlist Resource(s)
  -------------------------------------------------------------------    -------------------
                                                      0.000     0.000 f  Nframe[3] (IN)
                         net (fo=2, unset)            0.973     0.973    bd_0_i/hls_inst/inst/mul_31ns_31ns_62_2_1_U54/Nframe[3]
    SLICE_X93Y59         LUT2 (Prop_lut2_I1_O)        0.124     1.097 r  bd_0_i/hls_inst/inst/mul_31ns_31ns_62_2_1_U54/tmp_product_i_94/O
                         net (fo=1, routed)           0.000     1.097    bd_0_i/hls_inst/inst/mul_31ns_31ns_62_2_1_U54/tmp_product_i_94_n_0
    SLICE_X93Y59         CARRY4 (Prop_carry4_S[1]_CO[3])
                                                      0.550     1.647 r  bd_0_i/hls_inst/inst/mul_31ns_31ns_62_2_1_U54/tmp_product_i_70/CO[3]
                         net (fo=1, routed)           0.000     1.647    bd_0_i/hls_inst/inst/mul_31ns_31ns_62_2_1_U54/tmp_product_i_70_n_0
    SLICE_X93Y60         CARRY4 (Prop_carry4_CI_CO[3])
                                                      0.114     1.761 r  bd_0_i/hls_inst/inst/mul_31ns_31ns_62_2_1_U54/tmp_product_i_52/CO[3]
                         net (fo=1, routed)           0.000     1.761    bd_0_i/hls_inst/inst/mul_31ns_31ns_62_2_1_U54/tmp_product_i_52_n_0
    SLICE_X93Y61         CARRY4 (Prop_carry4_CI_CO[3])
                                                      0.114     1.875 r  bd_0_i/hls_inst/inst/mul_31ns_31ns_62_2_1_U54/tmp_product_i_34/CO[3]
                         net (fo=1, routed)           0.000     1.875    bd_0_i/hls_inst/inst/mul_31ns_31ns_62_2_1_U54/tmp_product_i_34_n_0
    SLICE_X93Y62         CARRY4 (Prop_carry4_CI_CO[3])
                                                      0.114     1.989 r  bd_0_i/hls_inst/inst/mul_31ns_31ns_62_2_1_U54/tmp_product_i_32/CO[3]
                         net (fo=31, routed)          1.628     3.617    bd_0_i/hls_inst/inst/mul_31ns_31ns_62_2_1_U54/p_0_in
    SLICE_X94Y61         LUT2 (Prop_lut2_I0_O)        0.153     3.770 r  bd_0_i/hls_inst/inst/mul_31ns_31ns_62_2_1_U54/tmp_product_i_8__0/O
                         net (fo=2, routed)           0.809     4.579    bd_0_i/hls_inst/inst/mul_31ns_31ns_62_2_1_U54/tmp_product_i_8__0_n_0
    DSP48_X3Y24          DSP48E1                                      r  bd_0_i/hls_inst/inst/mul_31ns_31ns_62_2_1_U54/tmp_product/B[6]
  -------------------------------------------------------------------    -------------------

                         (clock ap_clk rise edge)     0.000     0.000 r  
                                                      0.000     0.000 r  ap_clk (IN)
                         net (fo=3516, unset)         0.924     0.924    bd_0_i/hls_inst/inst/mul_31ns_31ns_62_2_1_U54/ap_clk
    DSP48_X3Y24          DSP48E1                                      r  bd_0_i/hls_inst/inst/mul_31ns_31ns_62_2_1_U54/tmp_product/CLK

Slack:                    inf
  Source:                 N_SAMPLES_USED[3]
                            (input port)
  Destination:            bd_0_i/hls_inst/inst/mul_31ns_31ns_62_2_1_U54/tmp_product/A[11]
                            (rising edge-triggered cell DSP48E1 clocked by ap_clk  {rise@0.000ns fall@5.000ns period=10.000ns})
  Path Group:             (none)
  Path Type:              Setup (Max at Slow Process Corner)
  Data Path Delay:        4.564ns  (logic 1.169ns (25.613%)  route 3.395ns (74.387%))
  Logic Levels:           6  (CARRY4=4 LUT2=2)
  Clock Path Skew:        0.924ns (DCD - SCD + CPR)
    Destination Clock Delay (DCD):    0.924ns
    Source Clock Delay      (SCD):    0.000ns
    Clock Pessimism Removal (CPR):    0.000ns
  Clock Uncertainty:      0.025ns  ((TSJ^2 + TIJ^2)^1/2 + DJ) / 2 + PE
    Total System Jitter     (TSJ):    0.050ns
    Total Input Jitter      (TIJ):    0.000ns
    Discrete Jitter          (DJ):    0.000ns
    Phase Error              (PE):    0.000ns

    Location             Delay type                Incr(ns)  Path(ns)    Netlist Resource(s)
  -------------------------------------------------------------------    -------------------
                                                      0.000     0.000 f  N_SAMPLES_USED[3] (IN)
                         net (fo=3, unset)            0.973     0.973    bd_0_i/hls_inst/inst/mul_31ns_31ns_62_2_1_U54/N_SAMPLES_USED[3]
    SLICE_X99Y55         LUT2 (Prop_lut2_I1_O)        0.124     1.097 r  bd_0_i/hls_inst/inst/mul_31ns_31ns_62_2_1_U54/tmp_product_i_102/O
                         net (fo=1, routed)           0.000     1.097    bd_0_i/hls_inst/inst/mul_31ns_31ns_62_2_1_U54/tmp_product_i_102_n_0
    SLICE_X99Y55         CARRY4 (Prop_carry4_S[1]_CO[3])
                                                      0.550     1.647 r  bd_0_i/hls_inst/inst/mul_31ns_31ns_62_2_1_U54/tmp_product_i_79/CO[3]
                         net (fo=1, routed)           0.000     1.647    bd_0_i/hls_inst/inst/mul_31ns_31ns_62_2_1_U54/tmp_product_i_79_n_0
    SLICE_X99Y56         CARRY4 (Prop_carry4_CI_CO[3])
                                                      0.114     1.761 r  bd_0_i/hls_inst/inst/mul_31ns_31ns_62_2_1_U54/tmp_product_i_61/CO[3]
                         net (fo=1, routed)           0.000     1.761    bd_0_i/hls_inst/inst/mul_31ns_31ns_62_2_1_U54/tmp_product_i_61_n_0
    SLICE_X99Y57         CARRY4 (Prop_carry4_CI_CO[3])
                                                      0.114     1.875 r  bd_0_i/hls_inst/inst/mul_31ns_31ns_62_2_1_U54/tmp_product_i_43/CO[3]
                         net (fo=1, routed)           0.000     1.875    bd_0_i/hls_inst/inst/mul_31ns_31ns_62_2_1_U54/tmp_product_i_43_n_0
    SLICE_X99Y58         CARRY4 (Prop_carry4_CI_CO[3])
                                                      0.114     1.989 r  bd_0_i/hls_inst/inst/mul_31ns_31ns_62_2_1_U54/tmp_product_i_33/CO[3]
                         net (fo=31, routed)          1.632     3.621    bd_0_i/hls_inst/inst/mul_31ns_31ns_62_2_1_U54/tmp_product_i_33_n_0
    SLICE_X100Y62        LUT2 (Prop_lut2_I0_O)        0.153     3.774 r  bd_0_i/hls_inst/inst/mul_31ns_31ns_62_2_1_U54/tmp_product_i_20__0/O
                         net (fo=2, routed)           0.790     4.564    bd_0_i/hls_inst/inst/mul_31ns_31ns_62_2_1_U54/tmp_product_i_20__0_n_0
    DSP48_X3Y24          DSP48E1                                      r  bd_0_i/hls_inst/inst/mul_31ns_31ns_62_2_1_U54/tmp_product/A[11]
  -------------------------------------------------------------------    -------------------

                         (clock ap_clk rise edge)     0.000     0.000 r  
                                                      0.000     0.000 r  ap_clk (IN)
                         net (fo=3516, unset)         0.924     0.924    bd_0_i/hls_inst/inst/mul_31ns_31ns_62_2_1_U54/ap_clk
    DSP48_X3Y24          DSP48E1                                      r  bd_0_i/hls_inst/inst/mul_31ns_31ns_62_2_1_U54/tmp_product/CLK

Slack:                    inf
  Source:                 Nframe[3]
                            (input port)
  Destination:            bd_0_i/hls_inst/inst/mul_31ns_31ns_62_2_1_U54/tmp_product__0/A[3]
                            (rising edge-triggered cell DSP48E1 clocked by ap_clk  {rise@0.000ns fall@5.000ns period=10.000ns})
  Path Group:             (none)
  Path Type:              Setup (Max at Slow Process Corner)
  Data Path Delay:        4.555ns  (logic 1.166ns (25.601%)  route 3.389ns (74.399%))
  Logic Levels:           6  (CARRY4=4 LUT2=2)
  Clock Path Skew:        0.924ns (DCD - SCD + CPR)
    Destination Clock Delay (DCD):    0.924ns
    Source Clock Delay      (SCD):    0.000ns
    Clock Pessimism Removal (CPR):    0.000ns
  Clock Uncertainty:      0.025ns  ((TSJ^2 + TIJ^2)^1/2 + DJ) / 2 + PE
    Total System Jitter     (TSJ):    0.050ns
    Total Input Jitter      (TIJ):    0.000ns
    Discrete Jitter          (DJ):    0.000ns
    Phase Error              (PE):    0.000ns

    Location             Delay type                Incr(ns)  Path(ns)    Netlist Resource(s)
  -------------------------------------------------------------------    -------------------
                                                      0.000     0.000 f  Nframe[3] (IN)
                         net (fo=2, unset)            0.973     0.973    bd_0_i/hls_inst/inst/mul_31ns_31ns_62_2_1_U54/Nframe[3]
    SLICE_X93Y59         LUT2 (Prop_lut2_I1_O)        0.124     1.097 r  bd_0_i/hls_inst/inst/mul_31ns_31ns_62_2_1_U54/tmp_product_i_94/O
                         net (fo=1, routed)           0.000     1.097    bd_0_i/hls_inst/inst/mul_31ns_31ns_62_2_1_U54/tmp_product_i_94_n_0
    SLICE_X93Y59         CARRY4 (Prop_carry4_S[1]_CO[3])
                                                      0.550     1.647 r  bd_0_i/hls_inst/inst/mul_31ns_31ns_62_2_1_U54/tmp_product_i_70/CO[3]
                         net (fo=1, routed)           0.000     1.647    bd_0_i/hls_inst/inst/mul_31ns_31ns_62_2_1_U54/tmp_product_i_70_n_0
    SLICE_X93Y60         CARRY4 (Prop_carry4_CI_CO[3])
                                                      0.114     1.761 r  bd_0_i/hls_inst/inst/mul_31ns_31ns_62_2_1_U54/tmp_product_i_52/CO[3]
                         net (fo=1, routed)           0.000     1.761    bd_0_i/hls_inst/inst/mul_31ns_31ns_62_2_1_U54/tmp_product_i_52_n_0
    SLICE_X93Y61         CARRY4 (Prop_carry4_CI_CO[3])
                                                      0.114     1.875 r  bd_0_i/hls_inst/inst/mul_31ns_31ns_62_2_1_U54/tmp_product_i_34/CO[3]
                         net (fo=1, routed)           0.000     1.875    bd_0_i/hls_inst/inst/mul_31ns_31ns_62_2_1_U54/tmp_product_i_34_n_0
    SLICE_X93Y62         CARRY4 (Prop_carry4_CI_CO[3])
                                                      0.114     1.989 r  bd_0_i/hls_inst/inst/mul_31ns_31ns_62_2_1_U54/tmp_product_i_32/CO[3]
                         net (fo=31, routed)          1.742     3.731    bd_0_i/hls_inst/inst/mul_31ns_31ns_62_2_1_U54/p_0_in
    SLICE_X102Y61        LUT2 (Prop_lut2_I0_O)        0.150     3.881 r  bd_0_i/hls_inst/inst/mul_31ns_31ns_62_2_1_U54/tmp_product__0_i_14/O
                         net (fo=1, routed)           0.673     4.555    bd_0_i/hls_inst/inst/mul_31ns_31ns_62_2_1_U54/tmp_product__0_i_14_n_0
    DSP48_X4Y24          DSP48E1                                      r  bd_0_i/hls_inst/inst/mul_31ns_31ns_62_2_1_U54/tmp_product__0/A[3]
  -------------------------------------------------------------------    -------------------

                         (clock ap_clk rise edge)     0.000     0.000 r  
                                                      0.000     0.000 r  ap_clk (IN)
                         net (fo=3516, unset)         0.924     0.924    bd_0_i/hls_inst/inst/mul_31ns_31ns_62_2_1_U54/ap_clk
    DSP48_X4Y24          DSP48E1                                      r  bd_0_i/hls_inst/inst/mul_31ns_31ns_62_2_1_U54/tmp_product__0/CLK

Slack:                    inf
  Source:                 N_SAMPLES_USED[3]
                            (input port)
  Destination:            bd_0_i/hls_inst/inst/mul_31ns_31ns_62_2_1_U54/tmp_product/A[4]
                            (rising edge-triggered cell DSP48E1 clocked by ap_clk  {rise@0.000ns fall@5.000ns period=10.000ns})
  Path Group:             (none)
  Path Type:              Setup (Max at Slow Process Corner)
  Data Path Delay:        4.537ns  (logic 1.140ns (25.127%)  route 3.397ns (74.873%))
  Logic Levels:           6  (CARRY4=4 LUT2=2)
  Clock Path Skew:        0.924ns (DCD - SCD + CPR)
    Destination Clock Delay (DCD):    0.924ns
    Source Clock Delay      (SCD):    0.000ns
    Clock Pessimism Removal (CPR):    0.000ns
  Clock Uncertainty:      0.025ns  ((TSJ^2 + TIJ^2)^1/2 + DJ) / 2 + PE
    Total System Jitter     (TSJ):    0.050ns
    Total Input Jitter      (TIJ):    0.000ns
    Discrete Jitter          (DJ):    0.000ns
    Phase Error              (PE):    0.000ns

    Location             Delay type                Incr(ns)  Path(ns)    Netlist Resource(s)
  -------------------------------------------------------------------    -------------------
                                                      0.000     0.000 f  N_SAMPLES_USED[3] (IN)
                         net (fo=3, unset)            0.973     0.973    bd_0_i/hls_inst/inst/mul_31ns_31ns_62_2_1_U54/N_SAMPLES_USED[3]
    SLICE_X99Y55         LUT2 (Prop_lut2_I1_O)        0.124     1.097 r  bd_0_i/hls_inst/inst/mul_31ns_31ns_62_2_1_U54/tmp_product_i_102/O
                         net (fo=1, routed)           0.000     1.097    bd_0_i/hls_inst/inst/mul_31ns_31ns_62_2_1_U54/tmp_product_i_102_n_0
    SLICE_X99Y55         CARRY4 (Prop_carry4_S[1]_CO[3])
                                                      0.550     1.647 r  bd_0_i/hls_inst/inst/mul_31ns_31ns_62_2_1_U54/tmp_product_i_79/CO[3]
                         net (fo=1, routed)           0.000     1.647    bd_0_i/hls_inst/inst/mul_31ns_31ns_62_2_1_U54/tmp_product_i_79_n_0
    SLICE_X99Y56         CARRY4 (Prop_carry4_CI_CO[3])
                                                      0.114     1.761 r  bd_0_i/hls_inst/inst/mul_31ns_31ns_62_2_1_U54/tmp_product_i_61/CO[3]
                         net (fo=1, routed)           0.000     1.761    bd_0_i/hls_inst/inst/mul_31ns_31ns_62_2_1_U54/tmp_product_i_61_n_0
    SLICE_X99Y57         CARRY4 (Prop_carry4_CI_CO[3])
                                                      0.114     1.875 r  bd_0_i/hls_inst/inst/mul_31ns_31ns_62_2_1_U54/tmp_product_i_43/CO[3]
                         net (fo=1, routed)           0.000     1.875    bd_0_i/hls_inst/inst/mul_31ns_31ns_62_2_1_U54/tmp_product_i_43_n_0
    SLICE_X99Y58         CARRY4 (Prop_carry4_CI_CO[3])
                                                      0.114     1.989 r  bd_0_i/hls_inst/inst/mul_31ns_31ns_62_2_1_U54/tmp_product_i_33/CO[3]
                         net (fo=31, routed)          1.370     3.359    bd_0_i/hls_inst/inst/mul_31ns_31ns_62_2_1_U54/tmp_product_i_33_n_0
    SLICE_X98Y60         LUT2 (Prop_lut2_I0_O)        0.124     3.483 r  bd_0_i/hls_inst/inst/mul_31ns_31ns_62_2_1_U54/tmp_product_i_27/O
                         net (fo=2, routed)           1.054     4.537    bd_0_i/hls_inst/inst/mul_31ns_31ns_62_2_1_U54/tmp_product_i_27_n_0
    DSP48_X3Y24          DSP48E1                                      r  bd_0_i/hls_inst/inst/mul_31ns_31ns_62_2_1_U54/tmp_product/A[4]
  -------------------------------------------------------------------    -------------------

                         (clock ap_clk rise edge)     0.000     0.000 r  
                                                      0.000     0.000 r  ap_clk (IN)
                         net (fo=3516, unset)         0.924     0.924    bd_0_i/hls_inst/inst/mul_31ns_31ns_62_2_1_U54/ap_clk
    DSP48_X3Y24          DSP48E1                                      r  bd_0_i/hls_inst/inst/mul_31ns_31ns_62_2_1_U54/tmp_product/CLK

Slack:                    inf
  Source:                 N_SAMPLES_USED[3]
                            (input port)
  Destination:            bd_0_i/hls_inst/inst/mul_31ns_31ns_62_2_1_U54/tmp_product/A[14]
                            (rising edge-triggered cell DSP48E1 clocked by ap_clk  {rise@0.000ns fall@5.000ns period=10.000ns})
  Path Group:             (none)
  Path Type:              Setup (Max at Slow Process Corner)
  Data Path Delay:        4.526ns  (logic 1.140ns (25.186%)  route 3.386ns (74.814%))
  Logic Levels:           6  (CARRY4=4 LUT2=2)
  Clock Path Skew:        0.924ns (DCD - SCD + CPR)
    Destination Clock Delay (DCD):    0.924ns
    Source Clock Delay      (SCD):    0.000ns
    Clock Pessimism Removal (CPR):    0.000ns
  Clock Uncertainty:      0.025ns  ((TSJ^2 + TIJ^2)^1/2 + DJ) / 2 + PE
    Total System Jitter     (TSJ):    0.050ns
    Total Input Jitter      (TIJ):    0.000ns
    Discrete Jitter          (DJ):    0.000ns
    Phase Error              (PE):    0.000ns

    Location             Delay type                Incr(ns)  Path(ns)    Netlist Resource(s)
  -------------------------------------------------------------------    -------------------
                                                      0.000     0.000 f  N_SAMPLES_USED[3] (IN)
                         net (fo=3, unset)            0.973     0.973    bd_0_i/hls_inst/inst/mul_31ns_31ns_62_2_1_U54/N_SAMPLES_USED[3]
    SLICE_X99Y55         LUT2 (Prop_lut2_I1_O)        0.124     1.097 r  bd_0_i/hls_inst/inst/mul_31ns_31ns_62_2_1_U54/tmp_product_i_102/O
                         net (fo=1, routed)           0.000     1.097    bd_0_i/hls_inst/inst/mul_31ns_31ns_62_2_1_U54/tmp_product_i_102_n_0
    SLICE_X99Y55         CARRY4 (Prop_carry4_S[1]_CO[3])
                                                      0.550     1.647 r  bd_0_i/hls_inst/inst/mul_31ns_31ns_62_2_1_U54/tmp_product_i_79/CO[3]
                         net (fo=1, routed)           0.000     1.647    bd_0_i/hls_inst/inst/mul_31ns_31ns_62_2_1_U54/tmp_product_i_79_n_0
    SLICE_X99Y56         CARRY4 (Prop_carry4_CI_CO[3])
                                                      0.114     1.761 r  bd_0_i/hls_inst/inst/mul_31ns_31ns_62_2_1_U54/tmp_product_i_61/CO[3]
                         net (fo=1, routed)           0.000     1.761    bd_0_i/hls_inst/inst/mul_31ns_31ns_62_2_1_U54/tmp_product_i_61_n_0
    SLICE_X99Y57         CARRY4 (Prop_carry4_CI_CO[3])
                                                      0.114     1.875 r  bd_0_i/hls_inst/inst/mul_31ns_31ns_62_2_1_U54/tmp_product_i_43/CO[3]
                         net (fo=1, routed)           0.000     1.875    bd_0_i/hls_inst/inst/mul_31ns_31ns_62_2_1_U54/tmp_product_i_43_n_0
    SLICE_X99Y58         CARRY4 (Prop_carry4_CI_CO[3])
                                                      0.114     1.989 r  bd_0_i/hls_inst/inst/mul_31ns_31ns_62_2_1_U54/tmp_product_i_33/CO[3]
                         net (fo=31, routed)          1.636     3.625    bd_0_i/hls_inst/inst/mul_31ns_31ns_62_2_1_U54/tmp_product_i_33_n_0
    SLICE_X100Y63        LUT2 (Prop_lut2_I0_O)        0.124     3.749 r  bd_0_i/hls_inst/inst/mul_31ns_31ns_62_2_1_U54/tmp_product_i_17__0/O
                         net (fo=2, routed)           0.778     4.526    bd_0_i/hls_inst/inst/mul_31ns_31ns_62_2_1_U54/tmp_product_i_17__0_n_0
    DSP48_X3Y24          DSP48E1                                      r  bd_0_i/hls_inst/inst/mul_31ns_31ns_62_2_1_U54/tmp_product/A[14]
  -------------------------------------------------------------------    -------------------

                         (clock ap_clk rise edge)     0.000     0.000 r  
                                                      0.000     0.000 r  ap_clk (IN)
                         net (fo=3516, unset)         0.924     0.924    bd_0_i/hls_inst/inst/mul_31ns_31ns_62_2_1_U54/ap_clk
    DSP48_X3Y24          DSP48E1                                      r  bd_0_i/hls_inst/inst/mul_31ns_31ns_62_2_1_U54/tmp_product/CLK





Min Delay Paths
--------------------------------------------------------------------------------------
Slack:                    inf
  Source:                 bd_0_wrapper/bd_0/bd_0_hls_inst_0/bd_0_hls_inst_0_chirp/bd_0_hls_inst_0_chirp_fmul_32ns_32ns_32_4_max_dsp_1__xdcDup__1/bd_0_hls_inst_0_chirp_fmul_32ns_32ns_32_4_max_dsp_1_ip/<hidden>/<hidden>/<hidden>/<hidden>/<hidden>/<hidden>
                            (internal pin)
  Destination:            bd_0_wrapper/bd_0/bd_0_hls_inst_0/bd_0_hls_inst_0_chirp/bd_0_hls_inst_0_chirp_fmul_32ns_32ns_32_4_max_dsp_1__xdcDup__1/bd_0_hls_inst_0_chirp_fmul_32ns_32ns_32_4_max_dsp_1_ip/<hidden>/<hidden>/<hidden>/<hidden>/<hidden>/<hidden>
                            (rising edge-triggered cell DSP48E1 clocked by ap_clk  {rise@0.000ns fall@5.000ns period=10.000ns})
  Path Group:             (none)
  Path Type:              Hold (Min at Slow Process Corner)
  Data Path Delay:        0.002ns  (logic 0.000ns (0.000%)  route 0.002ns (100.000%))
  Logic Levels:           0  
  Clock Uncertainty:      0.025ns  ((TSJ^2 + TIJ^2)^1/2 + DJ) / 2 + PE
    Total System Jitter     (TSJ):    0.050ns
    Total Input Jitter      (TIJ):    0.000ns
    Discrete Jitter          (DJ):    0.000ns
    Phase Error              (PE):    0.000ns

    Location             Delay type                Incr(ns)  Path(ns)    Netlist Resource(s)
  -------------------------------------------------------------------    -------------------
    DSP48_X2Y23          DSP48E1                      0.000     0.000 r  bd_0_wrapper/bd_0/bd_0_hls_inst_0/bd_0_hls_inst_0_chirp/bd_0_hls_inst_0_chirp_fmul_32ns_32ns_32_4_max_dsp_1__xdcDup__1/bd_0_hls_inst_0_chirp_fmul_32ns_32ns_32_4_max_dsp_1_ip/<hidden>/<hidden>/<hidden>/<hidden>/<hidden>/<hidden>
                         net (fo=1, routed)           0.002     0.002    bd_0_wrapper/bd_0/bd_0_hls_inst_0/bd_0_hls_inst_0_chirp/bd_0_hls_inst_0_chirp_fmul_32ns_32ns_32_4_max_dsp_1__xdcDup__1/bd_0_hls_inst_0_chirp_fmul_32ns_32ns_32_4_max_dsp_1_ip/<hidden>/<hidden>/<hidden>/<hidden>/<hidden>/<hidden>
    DSP48_X2Y24          DSP48E1                                      r  bd_0_wrapper/bd_0/bd_0_hls_inst_0/bd_0_hls_inst_0_chirp/bd_0_hls_inst_0_chirp_fmul_32ns_32ns_32_4_max_dsp_1__xdcDup__1/bd_0_hls_inst_0_chirp_fmul_32ns_32ns_32_4_max_dsp_1_ip/<hidden>/<hidden>/<hidden>/<hidden>/<hidden>/<hidden>
  -------------------------------------------------------------------    -------------------

                         (clock ap_clk rise edge)     0.000     0.000 r  
                                                      0.000     0.000 r  ap_clk (IN)
                         net (fo=3516, unset)         0.973     0.973    bd_0_wrapper/bd_0/bd_0_hls_inst_0/bd_0_hls_inst_0_chirp/bd_0_hls_inst_0_chirp_fmul_32ns_32ns_32_4_max_dsp_1__xdcDup__1/bd_0_hls_inst_0_chirp_fmul_32ns_32ns_32_4_max_dsp_1_ip/<hidden>/<hidden>/<hidden>/<hidden>/<hidden>/<hidden>
    DSP48_X2Y24          DSP48E1                                      r  bd_0_wrapper/bd_0/bd_0_hls_inst_0/bd_0_hls_inst_0_chirp/bd_0_hls_inst_0_chirp_fmul_32ns_32ns_32_4_max_dsp_1__xdcDup__1/bd_0_hls_inst_0_chirp_fmul_32ns_32ns_32_4_max_dsp_1_ip/<hidden>/<hidden>/<hidden>/<hidden>/<hidden>/<hidden>

Slack:                    inf
  Source:                 bd_0_wrapper/bd_0/bd_0_hls_inst_0/bd_0_hls_inst_0_chirp/bd_0_hls_inst_0_chirp_fmul_32ns_32ns_32_4_max_dsp_1__xdcDup__1/bd_0_hls_inst_0_chirp_fmul_32ns_32ns_32_4_max_dsp_1_ip/<hidden>/<hidden>/<hidden>/<hidden>/<hidden>/<hidden>
                            (internal pin)
  Destination:            bd_0_wrapper/bd_0/bd_0_hls_inst_0/bd_0_hls_inst_0_chirp/bd_0_hls_inst_0_chirp_fmul_32ns_32ns_32_4_max_dsp_1__xdcDup__1/bd_0_hls_inst_0_chirp_fmul_32ns_32ns_32_4_max_dsp_1_ip/<hidden>/<hidden>/<hidden>/<hidden>/<hidden>/<hidden>
                            (rising edge-triggered cell DSP48E1 clocked by ap_clk  {rise@0.000ns fall@5.000ns period=10.000ns})
  Path Group:             (none)
  Path Type:              Hold (Min at Slow Process Corner)
  Data Path Delay:        0.002ns  (logic 0.000ns (0.000%)  route 0.002ns (100.000%))
  Logic Levels:           0  
  Clock Uncertainty:      0.025ns  ((TSJ^2 + TIJ^2)^1/2 + DJ) / 2 + PE
    Total System Jitter     (TSJ):    0.050ns
    Total Input Jitter      (TIJ):    0.000ns
    Discrete Jitter          (DJ):    0.000ns
    Phase Error              (PE):    0.000ns

    Location             Delay type                Incr(ns)  Path(ns)    Netlist Resource(s)
  -------------------------------------------------------------------    -------------------
    DSP48_X2Y23          DSP48E1                      0.000     0.000 r  bd_0_wrapper/bd_0/bd_0_hls_inst_0/bd_0_hls_inst_0_chirp/bd_0_hls_inst_0_chirp_fmul_32ns_32ns_32_4_max_dsp_1__xdcDup__1/bd_0_hls_inst_0_chirp_fmul_32ns_32ns_32_4_max_dsp_1_ip/<hidden>/<hidden>/<hidden>/<hidden>/<hidden>/<hidden>
                         net (fo=1, routed)           0.002     0.002    bd_0_wrapper/bd_0/bd_0_hls_inst_0/bd_0_hls_inst_0_chirp/bd_0_hls_inst_0_chirp_fmul_32ns_32ns_32_4_max_dsp_1__xdcDup__1/bd_0_hls_inst_0_chirp_fmul_32ns_32ns_32_4_max_dsp_1_ip/<hidden>/<hidden>/<hidden>/<hidden>/<hidden>/<hidden>
    DSP48_X2Y24          DSP48E1                                      r  bd_0_wrapper/bd_0/bd_0_hls_inst_0/bd_0_hls_inst_0_chirp/bd_0_hls_inst_0_chirp_fmul_32ns_32ns_32_4_max_dsp_1__xdcDup__1/bd_0_hls_inst_0_chirp_fmul_32ns_32ns_32_4_max_dsp_1_ip/<hidden>/<hidden>/<hidden>/<hidden>/<hidden>/<hidden>
  -------------------------------------------------------------------    -------------------

                         (clock ap_clk rise edge)     0.000     0.000 r  
                                                      0.000     0.000 r  ap_clk (IN)
                         net (fo=3516, unset)         0.973     0.973    bd_0_wrapper/bd_0/bd_0_hls_inst_0/bd_0_hls_inst_0_chirp/bd_0_hls_inst_0_chirp_fmul_32ns_32ns_32_4_max_dsp_1__xdcDup__1/bd_0_hls_inst_0_chirp_fmul_32ns_32ns_32_4_max_dsp_1_ip/<hidden>/<hidden>/<hidden>/<hidden>/<hidden>/<hidden>
    DSP48_X2Y24          DSP48E1                                      r  bd_0_wrapper/bd_0/bd_0_hls_inst_0/bd_0_hls_inst_0_chirp/bd_0_hls_inst_0_chirp_fmul_32ns_32ns_32_4_max_dsp_1__xdcDup__1/bd_0_hls_inst_0_chirp_fmul_32ns_32ns_32_4_max_dsp_1_ip/<hidden>/<hidden>/<hidden>/<hidden>/<hidden>/<hidden>

Slack:                    inf
  Source:                 bd_0_wrapper/bd_0/bd_0_hls_inst_0/bd_0_hls_inst_0_chirp/bd_0_hls_inst_0_chirp_fmul_32ns_32ns_32_4_max_dsp_1__xdcDup__1/bd_0_hls_inst_0_chirp_fmul_32ns_32ns_32_4_max_dsp_1_ip/<hidden>/<hidden>/<hidden>/<hidden>/<hidden>/<hidden>
                            (internal pin)
  Destination:            bd_0_wrapper/bd_0/bd_0_hls_inst_0/bd_0_hls_inst_0_chirp/bd_0_hls_inst_0_chirp_fmul_32ns_32ns_32_4_max_dsp_1__xdcDup__1/bd_0_hls_inst_0_chirp_fmul_32ns_32ns_32_4_max_dsp_1_ip/<hidden>/<hidden>/<hidden>/<hidden>/<hidden>/<hidden>
                            (rising edge-triggered cell DSP48E1 clocked by ap_clk  {rise@0.000ns fall@5.000ns period=10.000ns})
  Path Group:             (none)
  Path Type:              Hold (Min at Slow Process Corner)
  Data Path Delay:        0.002ns  (logic 0.000ns (0.000%)  route 0.002ns (100.000%))
  Logic Levels:           0  
  Clock Uncertainty:      0.025ns  ((TSJ^2 + TIJ^2)^1/2 + DJ) / 2 + PE
    Total System Jitter     (TSJ):    0.050ns
    Total Input Jitter      (TIJ):    0.000ns
    Discrete Jitter          (DJ):    0.000ns
    Phase Error              (PE):    0.000ns

    Location             Delay type                Incr(ns)  Path(ns)    Netlist Resource(s)
  -------------------------------------------------------------------    -------------------
    DSP48_X2Y23          DSP48E1                      0.000     0.000 r  bd_0_wrapper/bd_0/bd_0_hls_inst_0/bd_0_hls_inst_0_chirp/bd_0_hls_inst_0_chirp_fmul_32ns_32ns_32_4_max_dsp_1__xdcDup__1/bd_0_hls_inst_0_chirp_fmul_32ns_32ns_32_4_max_dsp_1_ip/<hidden>/<hidden>/<hidden>/<hidden>/<hidden>/<hidden>
                         net (fo=1, routed)           0.002     0.002    bd_0_wrapper/bd_0/bd_0_hls_inst_0/bd_0_hls_inst_0_chirp/bd_0_hls_inst_0_chirp_fmul_32ns_32ns_32_4_max_dsp_1__xdcDup__1/bd_0_hls_inst_0_chirp_fmul_32ns_32ns_32_4_max_dsp_1_ip/<hidden>/<hidden>/<hidden>/<hidden>/<hidden>/<hidden>
    DSP48_X2Y24          DSP48E1                                      r  bd_0_wrapper/bd_0/bd_0_hls_inst_0/bd_0_hls_inst_0_chirp/bd_0_hls_inst_0_chirp_fmul_32ns_32ns_32_4_max_dsp_1__xdcDup__1/bd_0_hls_inst_0_chirp_fmul_32ns_32ns_32_4_max_dsp_1_ip/<hidden>/<hidden>/<hidden>/<hidden>/<hidden>/<hidden>
  -------------------------------------------------------------------    -------------------

                         (clock ap_clk rise edge)     0.000     0.000 r  
                                                      0.000     0.000 r  ap_clk (IN)
                         net (fo=3516, unset)         0.973     0.973    bd_0_wrapper/bd_0/bd_0_hls_inst_0/bd_0_hls_inst_0_chirp/bd_0_hls_inst_0_chirp_fmul_32ns_32ns_32_4_max_dsp_1__xdcDup__1/bd_0_hls_inst_0_chirp_fmul_32ns_32ns_32_4_max_dsp_1_ip/<hidden>/<hidden>/<hidden>/<hidden>/<hidden>/<hidden>
    DSP48_X2Y24          DSP48E1                                      r  bd_0_wrapper/bd_0/bd_0_hls_inst_0/bd_0_hls_inst_0_chirp/bd_0_hls_inst_0_chirp_fmul_32ns_32ns_32_4_max_dsp_1__xdcDup__1/bd_0_hls_inst_0_chirp_fmul_32ns_32ns_32_4_max_dsp_1_ip/<hidden>/<hidden>/<hidden>/<hidden>/<hidden>/<hidden>

Slack:                    inf
  Source:                 bd_0_wrapper/bd_0/bd_0_hls_inst_0/bd_0_hls_inst_0_chirp/bd_0_hls_inst_0_chirp_fmul_32ns_32ns_32_4_max_dsp_1__xdcDup__1/bd_0_hls_inst_0_chirp_fmul_32ns_32ns_32_4_max_dsp_1_ip/<hidden>/<hidden>/<hidden>/<hidden>/<hidden>/<hidden>
                            (internal pin)
  Destination:            bd_0_wrapper/bd_0/bd_0_hls_inst_0/bd_0_hls_inst_0_chirp/bd_0_hls_inst_0_chirp_fmul_32ns_32ns_32_4_max_dsp_1__xdcDup__1/bd_0_hls_inst_0_chirp_fmul_32ns_32ns_32_4_max_dsp_1_ip/<hidden>/<hidden>/<hidden>/<hidden>/<hidden>/<hidden>
                            (rising edge-triggered cell DSP48E1 clocked by ap_clk  {rise@0.000ns fall@5.000ns period=10.000ns})
  Path Group:             (none)
  Path Type:              Hold (Min at Slow Process Corner)
  Data Path Delay:        0.002ns  (logic 0.000ns (0.000%)  route 0.002ns (100.000%))
  Logic Levels:           0  
  Clock Uncertainty:      0.025ns  ((TSJ^2 + TIJ^2)^1/2 + DJ) / 2 + PE
    Total System Jitter     (TSJ):    0.050ns
    Total Input Jitter      (TIJ):    0.000ns
    Discrete Jitter          (DJ):    0.000ns
    Phase Error              (PE):    0.000ns

    Location             Delay type                Incr(ns)  Path(ns)    Netlist Resource(s)
  -------------------------------------------------------------------    -------------------
    DSP48_X2Y23          DSP48E1                      0.000     0.000 r  bd_0_wrapper/bd_0/bd_0_hls_inst_0/bd_0_hls_inst_0_chirp/bd_0_hls_inst_0_chirp_fmul_32ns_32ns_32_4_max_dsp_1__xdcDup__1/bd_0_hls_inst_0_chirp_fmul_32ns_32ns_32_4_max_dsp_1_ip/<hidden>/<hidden>/<hidden>/<hidden>/<hidden>/<hidden>
                         net (fo=1, routed)           0.002     0.002    bd_0_wrapper/bd_0/bd_0_hls_inst_0/bd_0_hls_inst_0_chirp/bd_0_hls_inst_0_chirp_fmul_32ns_32ns_32_4_max_dsp_1__xdcDup__1/bd_0_hls_inst_0_chirp_fmul_32ns_32ns_32_4_max_dsp_1_ip/<hidden>/<hidden>/<hidden>/<hidden>/<hidden>/<hidden>
    DSP48_X2Y24          DSP48E1                                      r  bd_0_wrapper/bd_0/bd_0_hls_inst_0/bd_0_hls_inst_0_chirp/bd_0_hls_inst_0_chirp_fmul_32ns_32ns_32_4_max_dsp_1__xdcDup__1/bd_0_hls_inst_0_chirp_fmul_32ns_32ns_32_4_max_dsp_1_ip/<hidden>/<hidden>/<hidden>/<hidden>/<hidden>/<hidden>
  -------------------------------------------------------------------    -------------------

                         (clock ap_clk rise edge)     0.000     0.000 r  
                                                      0.000     0.000 r  ap_clk (IN)
                         net (fo=3516, unset)         0.973     0.973    bd_0_wrapper/bd_0/bd_0_hls_inst_0/bd_0_hls_inst_0_chirp/bd_0_hls_inst_0_chirp_fmul_32ns_32ns_32_4_max_dsp_1__xdcDup__1/bd_0_hls_inst_0_chirp_fmul_32ns_32ns_32_4_max_dsp_1_ip/<hidden>/<hidden>/<hidden>/<hidden>/<hidden>/<hidden>
    DSP48_X2Y24          DSP48E1                                      r  bd_0_wrapper/bd_0/bd_0_hls_inst_0/bd_0_hls_inst_0_chirp/bd_0_hls_inst_0_chirp_fmul_32ns_32ns_32_4_max_dsp_1__xdcDup__1/bd_0_hls_inst_0_chirp_fmul_32ns_32ns_32_4_max_dsp_1_ip/<hidden>/<hidden>/<hidden>/<hidden>/<hidden>/<hidden>

Slack:                    inf
  Source:                 bd_0_wrapper/bd_0/bd_0_hls_inst_0/bd_0_hls_inst_0_chirp/bd_0_hls_inst_0_chirp_fmul_32ns_32ns_32_4_max_dsp_1__xdcDup__1/bd_0_hls_inst_0_chirp_fmul_32ns_32ns_32_4_max_dsp_1_ip/<hidden>/<hidden>/<hidden>/<hidden>/<hidden>/<hidden>
                            (internal pin)
  Destination:            bd_0_wrapper/bd_0/bd_0_hls_inst_0/bd_0_hls_inst_0_chirp/bd_0_hls_inst_0_chirp_fmul_32ns_32ns_32_4_max_dsp_1__xdcDup__1/bd_0_hls_inst_0_chirp_fmul_32ns_32ns_32_4_max_dsp_1_ip/<hidden>/<hidden>/<hidden>/<hidden>/<hidden>/<hidden>
                            (rising edge-triggered cell DSP48E1 clocked by ap_clk  {rise@0.000ns fall@5.000ns period=10.000ns})
  Path Group:             (none)
  Path Type:              Hold (Min at Slow Process Corner)
  Data Path Delay:        0.002ns  (logic 0.000ns (0.000%)  route 0.002ns (100.000%))
  Logic Levels:           0  
  Clock Uncertainty:      0.025ns  ((TSJ^2 + TIJ^2)^1/2 + DJ) / 2 + PE
    Total System Jitter     (TSJ):    0.050ns
    Total Input Jitter      (TIJ):    0.000ns
    Discrete Jitter          (DJ):    0.000ns
    Phase Error              (PE):    0.000ns

    Location             Delay type                Incr(ns)  Path(ns)    Netlist Resource(s)
  -------------------------------------------------------------------    -------------------
    DSP48_X2Y23          DSP48E1                      0.000     0.000 r  bd_0_wrapper/bd_0/bd_0_hls_inst_0/bd_0_hls_inst_0_chirp/bd_0_hls_inst_0_chirp_fmul_32ns_32ns_32_4_max_dsp_1__xdcDup__1/bd_0_hls_inst_0_chirp_fmul_32ns_32ns_32_4_max_dsp_1_ip/<hidden>/<hidden>/<hidden>/<hidden>/<hidden>/<hidden>
                         net (fo=1, routed)           0.002     0.002    bd_0_wrapper/bd_0/bd_0_hls_inst_0/bd_0_hls_inst_0_chirp/bd_0_hls_inst_0_chirp_fmul_32ns_32ns_32_4_max_dsp_1__xdcDup__1/bd_0_hls_inst_0_chirp_fmul_32ns_32ns_32_4_max_dsp_1_ip/<hidden>/<hidden>/<hidden>/<hidden>/<hidden>/<hidden>
    DSP48_X2Y24          DSP48E1                                      r  bd_0_wrapper/bd_0/bd_0_hls_inst_0/bd_0_hls_inst_0_chirp/bd_0_hls_inst_0_chirp_fmul_32ns_32ns_32_4_max_dsp_1__xdcDup__1/bd_0_hls_inst_0_chirp_fmul_32ns_32ns_32_4_max_dsp_1_ip/<hidden>/<hidden>/<hidden>/<hidden>/<hidden>/<hidden>
  -------------------------------------------------------------------    -------------------

                         (clock ap_clk rise edge)     0.000     0.000 r  
                                                      0.000     0.000 r  ap_clk (IN)
                         net (fo=3516, unset)         0.973     0.973    bd_0_wrapper/bd_0/bd_0_hls_inst_0/bd_0_hls_inst_0_chirp/bd_0_hls_inst_0_chirp_fmul_32ns_32ns_32_4_max_dsp_1__xdcDup__1/bd_0_hls_inst_0_chirp_fmul_32ns_32ns_32_4_max_dsp_1_ip/<hidden>/<hidden>/<hidden>/<hidden>/<hidden>/<hidden>
    DSP48_X2Y24          DSP48E1                                      r  bd_0_wrapper/bd_0/bd_0_hls_inst_0/bd_0_hls_inst_0_chirp/bd_0_hls_inst_0_chirp_fmul_32ns_32ns_32_4_max_dsp_1__xdcDup__1/bd_0_hls_inst_0_chirp_fmul_32ns_32ns_32_4_max_dsp_1_ip/<hidden>/<hidden>/<hidden>/<hidden>/<hidden>/<hidden>

Slack:                    inf
  Source:                 bd_0_wrapper/bd_0/bd_0_hls_inst_0/bd_0_hls_inst_0_chirp/bd_0_hls_inst_0_chirp_fmul_32ns_32ns_32_4_max_dsp_1__xdcDup__1/bd_0_hls_inst_0_chirp_fmul_32ns_32ns_32_4_max_dsp_1_ip/<hidden>/<hidden>/<hidden>/<hidden>/<hidden>/<hidden>
                            (internal pin)
  Destination:            bd_0_wrapper/bd_0/bd_0_hls_inst_0/bd_0_hls_inst_0_chirp/bd_0_hls_inst_0_chirp_fmul_32ns_32ns_32_4_max_dsp_1__xdcDup__1/bd_0_hls_inst_0_chirp_fmul_32ns_32ns_32_4_max_dsp_1_ip/<hidden>/<hidden>/<hidden>/<hidden>/<hidden>/<hidden>
                            (rising edge-triggered cell DSP48E1 clocked by ap_clk  {rise@0.000ns fall@5.000ns period=10.000ns})
  Path Group:             (none)
  Path Type:              Hold (Min at Slow Process Corner)
  Data Path Delay:        0.002ns  (logic 0.000ns (0.000%)  route 0.002ns (100.000%))
  Logic Levels:           0  
  Clock Uncertainty:      0.025ns  ((TSJ^2 + TIJ^2)^1/2 + DJ) / 2 + PE
    Total System Jitter     (TSJ):    0.050ns
    Total Input Jitter      (TIJ):    0.000ns
    Discrete Jitter          (DJ):    0.000ns
    Phase Error              (PE):    0.000ns

    Location             Delay type                Incr(ns)  Path(ns)    Netlist Resource(s)
  -------------------------------------------------------------------    -------------------
    DSP48_X2Y23          DSP48E1                      0.000     0.000 r  bd_0_wrapper/bd_0/bd_0_hls_inst_0/bd_0_hls_inst_0_chirp/bd_0_hls_inst_0_chirp_fmul_32ns_32ns_32_4_max_dsp_1__xdcDup__1/bd_0_hls_inst_0_chirp_fmul_32ns_32ns_32_4_max_dsp_1_ip/<hidden>/<hidden>/<hidden>/<hidden>/<hidden>/<hidden>
                         net (fo=1, routed)           0.002     0.002    bd_0_wrapper/bd_0/bd_0_hls_inst_0/bd_0_hls_inst_0_chirp/bd_0_hls_inst_0_chirp_fmul_32ns_32ns_32_4_max_dsp_1__xdcDup__1/bd_0_hls_inst_0_chirp_fmul_32ns_32ns_32_4_max_dsp_1_ip/<hidden>/<hidden>/<hidden>/<hidden>/<hidden>/<hidden>
    DSP48_X2Y24          DSP48E1                                      r  bd_0_wrapper/bd_0/bd_0_hls_inst_0/bd_0_hls_inst_0_chirp/bd_0_hls_inst_0_chirp_fmul_32ns_32ns_32_4_max_dsp_1__xdcDup__1/bd_0_hls_inst_0_chirp_fmul_32ns_32ns_32_4_max_dsp_1_ip/<hidden>/<hidden>/<hidden>/<hidden>/<hidden>/<hidden>
  -------------------------------------------------------------------    -------------------

                         (clock ap_clk rise edge)     0.000     0.000 r  
                                                      0.000     0.000 r  ap_clk (IN)
                         net (fo=3516, unset)         0.973     0.973    bd_0_wrapper/bd_0/bd_0_hls_inst_0/bd_0_hls_inst_0_chirp/bd_0_hls_inst_0_chirp_fmul_32ns_32ns_32_4_max_dsp_1__xdcDup__1/bd_0_hls_inst_0_chirp_fmul_32ns_32ns_32_4_max_dsp_1_ip/<hidden>/<hidden>/<hidden>/<hidden>/<hidden>/<hidden>
    DSP48_X2Y24          DSP48E1                                      r  bd_0_wrapper/bd_0/bd_0_hls_inst_0/bd_0_hls_inst_0_chirp/bd_0_hls_inst_0_chirp_fmul_32ns_32ns_32_4_max_dsp_1__xdcDup__1/bd_0_hls_inst_0_chirp_fmul_32ns_32ns_32_4_max_dsp_1_ip/<hidden>/<hidden>/<hidden>/<hidden>/<hidden>/<hidden>

Slack:                    inf
  Source:                 bd_0_wrapper/bd_0/bd_0_hls_inst_0/bd_0_hls_inst_0_chirp/bd_0_hls_inst_0_chirp_fmul_32ns_32ns_32_4_max_dsp_1__xdcDup__1/bd_0_hls_inst_0_chirp_fmul_32ns_32ns_32_4_max_dsp_1_ip/<hidden>/<hidden>/<hidden>/<hidden>/<hidden>/<hidden>
                            (internal pin)
  Destination:            bd_0_wrapper/bd_0/bd_0_hls_inst_0/bd_0_hls_inst_0_chirp/bd_0_hls_inst_0_chirp_fmul_32ns_32ns_32_4_max_dsp_1__xdcDup__1/bd_0_hls_inst_0_chirp_fmul_32ns_32ns_32_4_max_dsp_1_ip/<hidden>/<hidden>/<hidden>/<hidden>/<hidden>/<hidden>
                            (rising edge-triggered cell DSP48E1 clocked by ap_clk  {rise@0.000ns fall@5.000ns period=10.000ns})
  Path Group:             (none)
  Path Type:              Hold (Min at Slow Process Corner)
  Data Path Delay:        0.002ns  (logic 0.000ns (0.000%)  route 0.002ns (100.000%))
  Logic Levels:           0  
  Clock Uncertainty:      0.025ns  ((TSJ^2 + TIJ^2)^1/2 + DJ) / 2 + PE
    Total System Jitter     (TSJ):    0.050ns
    Total Input Jitter      (TIJ):    0.000ns
    Discrete Jitter          (DJ):    0.000ns
    Phase Error              (PE):    0.000ns

    Location             Delay type                Incr(ns)  Path(ns)    Netlist Resource(s)
  -------------------------------------------------------------------    -------------------
    DSP48_X2Y23          DSP48E1                      0.000     0.000 r  bd_0_wrapper/bd_0/bd_0_hls_inst_0/bd_0_hls_inst_0_chirp/bd_0_hls_inst_0_chirp_fmul_32ns_32ns_32_4_max_dsp_1__xdcDup__1/bd_0_hls_inst_0_chirp_fmul_32ns_32ns_32_4_max_dsp_1_ip/<hidden>/<hidden>/<hidden>/<hidden>/<hidden>/<hidden>
                         net (fo=1, routed)           0.002     0.002    bd_0_wrapper/bd_0/bd_0_hls_inst_0/bd_0_hls_inst_0_chirp/bd_0_hls_inst_0_chirp_fmul_32ns_32ns_32_4_max_dsp_1__xdcDup__1/bd_0_hls_inst_0_chirp_fmul_32ns_32ns_32_4_max_dsp_1_ip/<hidden>/<hidden>/<hidden>/<hidden>/<hidden>/<hidden>
    DSP48_X2Y24          DSP48E1                                      r  bd_0_wrapper/bd_0/bd_0_hls_inst_0/bd_0_hls_inst_0_chirp/bd_0_hls_inst_0_chirp_fmul_32ns_32ns_32_4_max_dsp_1__xdcDup__1/bd_0_hls_inst_0_chirp_fmul_32ns_32ns_32_4_max_dsp_1_ip/<hidden>/<hidden>/<hidden>/<hidden>/<hidden>/<hidden>
  -------------------------------------------------------------------    -------------------

                         (clock ap_clk rise edge)     0.000     0.000 r  
                                                      0.000     0.000 r  ap_clk (IN)
                         net (fo=3516, unset)         0.973     0.973    bd_0_wrapper/bd_0/bd_0_hls_inst_0/bd_0_hls_inst_0_chirp/bd_0_hls_inst_0_chirp_fmul_32ns_32ns_32_4_max_dsp_1__xdcDup__1/bd_0_hls_inst_0_chirp_fmul_32ns_32ns_32_4_max_dsp_1_ip/<hidden>/<hidden>/<hidden>/<hidden>/<hidden>/<hidden>
    DSP48_X2Y24          DSP48E1                                      r  bd_0_wrapper/bd_0/bd_0_hls_inst_0/bd_0_hls_inst_0_chirp/bd_0_hls_inst_0_chirp_fmul_32ns_32ns_32_4_max_dsp_1__xdcDup__1/bd_0_hls_inst_0_chirp_fmul_32ns_32ns_32_4_max_dsp_1_ip/<hidden>/<hidden>/<hidden>/<hidden>/<hidden>/<hidden>

Slack:                    inf
  Source:                 bd_0_wrapper/bd_0/bd_0_hls_inst_0/bd_0_hls_inst_0_chirp/bd_0_hls_inst_0_chirp_fmul_32ns_32ns_32_4_max_dsp_1__xdcDup__1/bd_0_hls_inst_0_chirp_fmul_32ns_32ns_32_4_max_dsp_1_ip/<hidden>/<hidden>/<hidden>/<hidden>/<hidden>/<hidden>
                            (internal pin)
  Destination:            bd_0_wrapper/bd_0/bd_0_hls_inst_0/bd_0_hls_inst_0_chirp/bd_0_hls_inst_0_chirp_fmul_32ns_32ns_32_4_max_dsp_1__xdcDup__1/bd_0_hls_inst_0_chirp_fmul_32ns_32ns_32_4_max_dsp_1_ip/<hidden>/<hidden>/<hidden>/<hidden>/<hidden>/<hidden>
                            (rising edge-triggered cell DSP48E1 clocked by ap_clk  {rise@0.000ns fall@5.000ns period=10.000ns})
  Path Group:             (none)
  Path Type:              Hold (Min at Slow Process Corner)
  Data Path Delay:        0.002ns  (logic 0.000ns (0.000%)  route 0.002ns (100.000%))
  Logic Levels:           0  
  Clock Uncertainty:      0.025ns  ((TSJ^2 + TIJ^2)^1/2 + DJ) / 2 + PE
    Total System Jitter     (TSJ):    0.050ns
    Total Input Jitter      (TIJ):    0.000ns
    Discrete Jitter          (DJ):    0.000ns
    Phase Error              (PE):    0.000ns

    Location             Delay type                Incr(ns)  Path(ns)    Netlist Resource(s)
  -------------------------------------------------------------------    -------------------
    DSP48_X2Y23          DSP48E1                      0.000     0.000 r  bd_0_wrapper/bd_0/bd_0_hls_inst_0/bd_0_hls_inst_0_chirp/bd_0_hls_inst_0_chirp_fmul_32ns_32ns_32_4_max_dsp_1__xdcDup__1/bd_0_hls_inst_0_chirp_fmul_32ns_32ns_32_4_max_dsp_1_ip/<hidden>/<hidden>/<hidden>/<hidden>/<hidden>/<hidden>
                         net (fo=1, routed)           0.002     0.002    bd_0_wrapper/bd_0/bd_0_hls_inst_0/bd_0_hls_inst_0_chirp/bd_0_hls_inst_0_chirp_fmul_32ns_32ns_32_4_max_dsp_1__xdcDup__1/bd_0_hls_inst_0_chirp_fmul_32ns_32ns_32_4_max_dsp_1_ip/<hidden>/<hidden>/<hidden>/<hidden>/<hidden>/<hidden>
    DSP48_X2Y24          DSP48E1                                      r  bd_0_wrapper/bd_0/bd_0_hls_inst_0/bd_0_hls_inst_0_chirp/bd_0_hls_inst_0_chirp_fmul_32ns_32ns_32_4_max_dsp_1__xdcDup__1/bd_0_hls_inst_0_chirp_fmul_32ns_32ns_32_4_max_dsp_1_ip/<hidden>/<hidden>/<hidden>/<hidden>/<hidden>/<hidden>
  -------------------------------------------------------------------    -------------------

                         (clock ap_clk rise edge)     0.000     0.000 r  
                                                      0.000     0.000 r  ap_clk (IN)
                         net (fo=3516, unset)         0.973     0.973    bd_0_wrapper/bd_0/bd_0_hls_inst_0/bd_0_hls_inst_0_chirp/bd_0_hls_inst_0_chirp_fmul_32ns_32ns_32_4_max_dsp_1__xdcDup__1/bd_0_hls_inst_0_chirp_fmul_32ns_32ns_32_4_max_dsp_1_ip/<hidden>/<hidden>/<hidden>/<hidden>/<hidden>/<hidden>
    DSP48_X2Y24          DSP48E1                                      r  bd_0_wrapper/bd_0/bd_0_hls_inst_0/bd_0_hls_inst_0_chirp/bd_0_hls_inst_0_chirp_fmul_32ns_32ns_32_4_max_dsp_1__xdcDup__1/bd_0_hls_inst_0_chirp_fmul_32ns_32ns_32_4_max_dsp_1_ip/<hidden>/<hidden>/<hidden>/<hidden>/<hidden>/<hidden>

Slack:                    inf
  Source:                 bd_0_wrapper/bd_0/bd_0_hls_inst_0/bd_0_hls_inst_0_chirp/bd_0_hls_inst_0_chirp_fmul_32ns_32ns_32_4_max_dsp_1__xdcDup__1/bd_0_hls_inst_0_chirp_fmul_32ns_32ns_32_4_max_dsp_1_ip/<hidden>/<hidden>/<hidden>/<hidden>/<hidden>/<hidden>
                            (internal pin)
  Destination:            bd_0_wrapper/bd_0/bd_0_hls_inst_0/bd_0_hls_inst_0_chirp/bd_0_hls_inst_0_chirp_fmul_32ns_32ns_32_4_max_dsp_1__xdcDup__1/bd_0_hls_inst_0_chirp_fmul_32ns_32ns_32_4_max_dsp_1_ip/<hidden>/<hidden>/<hidden>/<hidden>/<hidden>/<hidden>
                            (rising edge-triggered cell DSP48E1 clocked by ap_clk  {rise@0.000ns fall@5.000ns period=10.000ns})
  Path Group:             (none)
  Path Type:              Hold (Min at Slow Process Corner)
  Data Path Delay:        0.002ns  (logic 0.000ns (0.000%)  route 0.002ns (100.000%))
  Logic Levels:           0  
  Clock Uncertainty:      0.025ns  ((TSJ^2 + TIJ^2)^1/2 + DJ) / 2 + PE
    Total System Jitter     (TSJ):    0.050ns
    Total Input Jitter      (TIJ):    0.000ns
    Discrete Jitter          (DJ):    0.000ns
    Phase Error              (PE):    0.000ns

    Location             Delay type                Incr(ns)  Path(ns)    Netlist Resource(s)
  -------------------------------------------------------------------    -------------------
    DSP48_X2Y23          DSP48E1                      0.000     0.000 r  bd_0_wrapper/bd_0/bd_0_hls_inst_0/bd_0_hls_inst_0_chirp/bd_0_hls_inst_0_chirp_fmul_32ns_32ns_32_4_max_dsp_1__xdcDup__1/bd_0_hls_inst_0_chirp_fmul_32ns_32ns_32_4_max_dsp_1_ip/<hidden>/<hidden>/<hidden>/<hidden>/<hidden>/<hidden>
                         net (fo=1, routed)           0.002     0.002    bd_0_wrapper/bd_0/bd_0_hls_inst_0/bd_0_hls_inst_0_chirp/bd_0_hls_inst_0_chirp_fmul_32ns_32ns_32_4_max_dsp_1__xdcDup__1/bd_0_hls_inst_0_chirp_fmul_32ns_32ns_32_4_max_dsp_1_ip/<hidden>/<hidden>/<hidden>/<hidden>/<hidden>/<hidden>
    DSP48_X2Y24          DSP48E1                                      r  bd_0_wrapper/bd_0/bd_0_hls_inst_0/bd_0_hls_inst_0_chirp/bd_0_hls_inst_0_chirp_fmul_32ns_32ns_32_4_max_dsp_1__xdcDup__1/bd_0_hls_inst_0_chirp_fmul_32ns_32ns_32_4_max_dsp_1_ip/<hidden>/<hidden>/<hidden>/<hidden>/<hidden>/<hidden>
  -------------------------------------------------------------------    -------------------

                         (clock ap_clk rise edge)     0.000     0.000 r  
                                                      0.000     0.000 r  ap_clk (IN)
                         net (fo=3516, unset)         0.973     0.973    bd_0_wrapper/bd_0/bd_0_hls_inst_0/bd_0_hls_inst_0_chirp/bd_0_hls_inst_0_chirp_fmul_32ns_32ns_32_4_max_dsp_1__xdcDup__1/bd_0_hls_inst_0_chirp_fmul_32ns_32ns_32_4_max_dsp_1_ip/<hidden>/<hidden>/<hidden>/<hidden>/<hidden>/<hidden>
    DSP48_X2Y24          DSP48E1                                      r  bd_0_wrapper/bd_0/bd_0_hls_inst_0/bd_0_hls_inst_0_chirp/bd_0_hls_inst_0_chirp_fmul_32ns_32ns_32_4_max_dsp_1__xdcDup__1/bd_0_hls_inst_0_chirp_fmul_32ns_32ns_32_4_max_dsp_1_ip/<hidden>/<hidden>/<hidden>/<hidden>/<hidden>/<hidden>

Slack:                    inf
  Source:                 bd_0_wrapper/bd_0/bd_0_hls_inst_0/bd_0_hls_inst_0_chirp/bd_0_hls_inst_0_chirp_fmul_32ns_32ns_32_4_max_dsp_1__xdcDup__1/bd_0_hls_inst_0_chirp_fmul_32ns_32ns_32_4_max_dsp_1_ip/<hidden>/<hidden>/<hidden>/<hidden>/<hidden>/<hidden>
                            (internal pin)
  Destination:            bd_0_wrapper/bd_0/bd_0_hls_inst_0/bd_0_hls_inst_0_chirp/bd_0_hls_inst_0_chirp_fmul_32ns_32ns_32_4_max_dsp_1__xdcDup__1/bd_0_hls_inst_0_chirp_fmul_32ns_32ns_32_4_max_dsp_1_ip/<hidden>/<hidden>/<hidden>/<hidden>/<hidden>/<hidden>
                            (rising edge-triggered cell DSP48E1 clocked by ap_clk  {rise@0.000ns fall@5.000ns period=10.000ns})
  Path Group:             (none)
  Path Type:              Hold (Min at Slow Process Corner)
  Data Path Delay:        0.002ns  (logic 0.000ns (0.000%)  route 0.002ns (100.000%))
  Logic Levels:           0  
  Clock Uncertainty:      0.025ns  ((TSJ^2 + TIJ^2)^1/2 + DJ) / 2 + PE
    Total System Jitter     (TSJ):    0.050ns
    Total Input Jitter      (TIJ):    0.000ns
    Discrete Jitter          (DJ):    0.000ns
    Phase Error              (PE):    0.000ns

    Location             Delay type                Incr(ns)  Path(ns)    Netlist Resource(s)
  -------------------------------------------------------------------    -------------------
    DSP48_X2Y23          DSP48E1                      0.000     0.000 r  bd_0_wrapper/bd_0/bd_0_hls_inst_0/bd_0_hls_inst_0_chirp/bd_0_hls_inst_0_chirp_fmul_32ns_32ns_32_4_max_dsp_1__xdcDup__1/bd_0_hls_inst_0_chirp_fmul_32ns_32ns_32_4_max_dsp_1_ip/<hidden>/<hidden>/<hidden>/<hidden>/<hidden>/<hidden>
                         net (fo=1, routed)           0.002     0.002    bd_0_wrapper/bd_0/bd_0_hls_inst_0/bd_0_hls_inst_0_chirp/bd_0_hls_inst_0_chirp_fmul_32ns_32ns_32_4_max_dsp_1__xdcDup__1/bd_0_hls_inst_0_chirp_fmul_32ns_32ns_32_4_max_dsp_1_ip/<hidden>/<hidden>/<hidden>/<hidden>/<hidden>/<hidden>
    DSP48_X2Y24          DSP48E1                                      r  bd_0_wrapper/bd_0/bd_0_hls_inst_0/bd_0_hls_inst_0_chirp/bd_0_hls_inst_0_chirp_fmul_32ns_32ns_32_4_max_dsp_1__xdcDup__1/bd_0_hls_inst_0_chirp_fmul_32ns_32ns_32_4_max_dsp_1_ip/<hidden>/<hidden>/<hidden>/<hidden>/<hidden>/<hidden>
  -------------------------------------------------------------------    -------------------

                         (clock ap_clk rise edge)     0.000     0.000 r  
                                                      0.000     0.000 r  ap_clk (IN)
                         net (fo=3516, unset)         0.973     0.973    bd_0_wrapper/bd_0/bd_0_hls_inst_0/bd_0_hls_inst_0_chirp/bd_0_hls_inst_0_chirp_fmul_32ns_32ns_32_4_max_dsp_1__xdcDup__1/bd_0_hls_inst_0_chirp_fmul_32ns_32ns_32_4_max_dsp_1_ip/<hidden>/<hidden>/<hidden>/<hidden>/<hidden>/<hidden>
    DSP48_X2Y24          DSP48E1                                      r  bd_0_wrapper/bd_0/bd_0_hls_inst_0/bd_0_hls_inst_0_chirp/bd_0_hls_inst_0_chirp_fmul_32ns_32ns_32_4_max_dsp_1__xdcDup__1/bd_0_hls_inst_0_chirp_fmul_32ns_32ns_32_4_max_dsp_1_ip/<hidden>/<hidden>/<hidden>/<hidden>/<hidden>/<hidden>





