#-----------------------------------------------------------
# Vivado v2025.2 (64-bit)
# SW Build 6299465 on Fri Nov 14 19:35:11 GMT 2025
# IP Build 6300035 on Fri Nov 14 10:48:45 MST 2025
# SharedData Build 6298862 on Thu Nov 13 04:50:51 MST 2025
# Start of session at: Tue Aug 18 14:59:18 2026
# Process ID         : 17360
# Current directory  : C:/Users/vempa/Documents/Projects/RADAR_Chirp_Engine/ChirpGenerator/ChirpGenerator/hls/impl/verilog
# Command line       : vivado.exe -mode batch -source run_vivado.tcl
# Log file           : C:/Users/vempa/Documents/Projects/RADAR_Chirp_Engine/ChirpGenerator/ChirpGenerator/hls/impl/verilog/vivado.log
# Journal file       : C:/Users/vempa/Documents/Projects/RADAR_Chirp_Engine/ChirpGenerator/ChirpGenerator/hls/impl/verilog\vivado.jou
# Running On         : BHARADWAJ
# Platform           : Windows Server 2016 or Windows 10
# Operating System   : 26200
# Processor Detail   : AMD Ryzen 9 5950X 16-Core Processor            
# CPU Frequency      : 3394 MHz
# CPU Physical cores : 16
# CPU Logical cores  : 32
# Host memory        : 34277 MB
# Swap memory        : 2147 MB
# Total Virtual      : 36425 MB
# Available Virtual  : 14297 MB
#-----------------------------------------------------------
source run_vivado.tcl
# source ./settings.tcl
## set top_module chirp
## set language verilog
## set family zynq
## set device xc7z020
## set package -clg484
## set speed -1
## set clock ap_clk
## set fsm_ext "off"
## set add_io_buffers false 
# source -notrace ./extraction.tcl
# set vivado_proj_name project
# set vivado_proj_dir .
# set target_device "${device}${package}${speed}"
# set target_clk_period_ns "10.000"
# set target_clk_freq_hz [expr {floor(1000 / $target_clk_period_ns) * 1000000}]
# set other_clks_freq_hz {}
# set ip_vlnv xilinx.com:hls:chirp:1.0
# set ip_repo_path ../ip
# set bd_design_name bd_0
# set bd_inst_name hls_inst
# set bd_props {}
# set has_synth true
# set synth_design_args {-directive sdx_optimization_effort_high}
# set synth_dcp ""
# set synth_props {}
# set has_impl 1
# set impl_props {}
# set has_subcore 1
# set report_options [dict create]
# dict set report_options report_level 2
# dict set report_options report_max_paths 10
# dict set report_options stdout_hls_reports 1
# dict set report_options stdout_vivado_reports 0
# dict set report_options hls_project ChirpGenerator
# dict set report_options hls_solution hls
# dict set report_options has_synth $has_synth
# dict set report_options has_impl $has_impl
# dict set report_options vivado_reportbasename $top_module
# dict set report_options vivado_reportdir ./report
# dict set report_options hls_impl_dir ..
# dict set report_options hls_reportdir ../report/$language
# dict set report_options target_clk_period $target_clk_period_ns
# dict set report_options target_device $target_device
# dict set report_options language $language
# dict set report_options clock_name $clock
# dict set report_options error_if_impl_timing_fails false
# dict set report_options topmodule "chirp"
# dict set report_options funcmodules chirp_chirp_Pipeline_VITIS_LOOP_60_1_VITIS_LOOP_63_2
# dict set report_options bindmodules {chirp_fadd_32ns_32ns_32_5_full_dsp_1 chirp_fmul_32ns_32ns_32_4_max_dsp_1 chirp_sitofp_32ns_32_6_no_dsp_1 chirp_fptrunc_64ns_32_2_no_dsp_1 chirp_fpext_32ns_64_2_no_dsp_1 chirp_fcmp_32ns_32ns_1_2_no_dsp_1 chirp_dmul_64ns_64ns_64_7_max_dsp_1 chirp_mul_23s_22ns_45_1_1 chirp_mul_30s_29ns_58_2_1 chirp_mul_80s_24ns_80_5_1 chirp_sparsemux_17_3_1_1_1 chirp_sparsemux_33_4_1_1_1 chirp_ctlz_30_30_1_1 chirp_mul_15ns_15ns_30_1_1 chirp_mul_15ns_15s_30_1_1 chirp_ctlz_32_32_1_1 chirp_chirp_Pipeline_VITIS_LOOP_60_1_VITIS_LOOP_63_2_ref_4oPi_table_100_ROM_1P_LUTRbkb chirp_chirp_Pipeline_VITIS_LOOP_60_1_VITIS_LOOP_63_2_second_order_float_sin_cos_K0_cud chirp_chirp_Pipeline_VITIS_LOOP_60_1_VITIS_LOOP_63_2_second_order_float_sin_cos_K1_dEe chirp_chirp_Pipeline_VITIS_LOOP_60_1_VITIS_LOOP_63_2_second_order_float_sin_cos_K2_eOg chirp_flow_control_loop_pipe_sequential_init chirp_fdiv_32ns_32ns_32_16_no_dsp_1 chirp_mul_31ns_31ns_62_2_1}
# dict set report_options max_module_depth 6
# create_project $vivado_proj_name $vivado_proj_dir -part $target_device -force
INFO: [ProjectBase 1-489] The host OS only allows 260 characters in a normal path. The project is stored in a path with more than 80 characters. If you experience issues with IP, Block Designs, or files not being found, please consider moving the project to a location with a shorter path. Alternately consider using the OS subst command to map part of the path to a drive letter.
Current project path is 'C:/Users/vempa/Documents/Projects/RADAR_Chirp_Engine/ChirpGenerator/ChirpGenerator/hls/impl/verilog'
# set_property target_language $language [current_project]
# if { ![file exists $ip_repo_path] } {
#   error "Cannot find packaged HLS IP"
# }
# set_property ip_repo_paths [file normalize $ip_repo_path] [current_project]
# update_ip_catalog
INFO: [IP_Flow 19-234] Refreshing IP repositories
INFO: [IP_Flow 19-1700] Loaded user IP repository 'c:/Users/vempa/Documents/Projects/RADAR_Chirp_Engine/ChirpGenerator/ChirpGenerator/hls/impl/ip'.
INFO: [IP_Flow 19-2313] Loaded Vivado IP repository 'C:/AMDDesignTools/2025.2/Vivado/data/ip'.
# create_bd_design bd_0
Wrote  : <C:\Users\vempa\Documents\Projects\RADAR_Chirp_Engine\ChirpGenerator\ChirpGenerator\hls\impl\verilog\project.srcs\sources_1\bd\bd_0\bd_0.bd> 
# set cell_inst [create_bd_cell -type ip -vlnv $ip_vlnv $bd_inst_name]
# if { [llength $bd_props] } { 
#   set_property -dict $bd_props $cell_inst 
# }
# make_bd_pins_external $cell_inst
# make_bd_intf_pins_external $cell_inst
# set bd_clk_ports [get_bd_ports -filter {TYPE==clk}]
# if { $target_clk_freq_hz ne "" } { 
#   foreach bd_clk_port $bd_clk_ports {
#     # Remove "_0" suffix from BD ports & interfaces so they match IP ports 
#     set clk_name [regsub {_0$} [get_property name $bd_clk_port] {}]
#     set port_freq_hz $target_clk_freq_hz
#     if { [dict exists $other_clks_freq_hz $clk_name] } {
#         set port_freq_hz [dict get $other_clks_freq_hz $clk_name]
#     }
#     set_property CONFIG.FREQ_HZ $port_freq_hz $bd_clk_port
#   }
# }
# foreach bd_port [get_bd_intf_ports] {
#   set_property name [regsub {_0$} [get_property name $bd_port] {}] $bd_port
# }
# foreach bd_port [get_bd_ports -filter {INTF!=TRUE}] {
#   set_property name [regsub {_0$} [get_property name $bd_port] {}] $bd_port
# }
# set s_axi_addr_width_min 32
WARNING: [BD 5-233] No interface ports matched 'get_bd_intf_ports -filter {MODE == "Slave" && VLNV =~ "xilinx.com:interface:aximm_rtl:*"}'
# foreach bd_port [get_bd_intf_ports -filter {MODE == "Slave" && VLNV =~ "xilinx.com:interface:aximm_rtl:*"}] {
#   set bd_port_addr_width [get_property CONFIG.ADDR_WIDTH $bd_port]
#   if { $bd_port_addr_width < $s_axi_addr_width_min } {
#     puts "INFO: Updating $bd_port CONFIG.ADDR_WIDTH to $s_axi_addr_width_min"
#     set_property CONFIG.ADDR_WIDTH $s_axi_addr_width_min $bd_port
#   }
# }
# set_msg_config -id {[BD 41-1265]} -severity {CRITICAL WARNING} -new_severity {INFO}
# assign_bd_address
INFO: [BD 41-3093] Triggering Legacy Auto Assign Algorithm
Wrote  : <C:\Users\vempa\Documents\Projects\RADAR_Chirp_Engine\ChirpGenerator\ChirpGenerator\hls\impl\verilog\project.srcs\sources_1\bd\bd_0\bd_0.bd> 
Verilog Output written to : C:/Users/vempa/Documents/Projects/RADAR_Chirp_Engine/ChirpGenerator/ChirpGenerator/hls/impl/verilog/project.gen/sources_1/bd/bd_0/synth/bd_0.v
Verilog Output written to : C:/Users/vempa/Documents/Projects/RADAR_Chirp_Engine/ChirpGenerator/ChirpGenerator/hls/impl/verilog/project.gen/sources_1/bd/bd_0/sim/bd_0.v
Verilog Output written to : C:/Users/vempa/Documents/Projects/RADAR_Chirp_Engine/ChirpGenerator/ChirpGenerator/hls/impl/verilog/project.gen/sources_1/bd/bd_0/hdl/bd_0_wrapper.v
# set toprtl [make_wrapper -files [get_files ${bd_design_name}.bd] -top]
# add_files -norecurse $toprtl
# set top_inst_name [file root [file tail $toprtl]]
# puts "Using BD top: $top_inst_name"
Using BD top: bd_0_wrapper
# set xdc_files [glob -nocomplain ./*.xdc]
# if { [llength $xdc_files] } {
#     add_files -fileset constrs_1 -norecurse $xdc_files
# }
# launch_runs synth_1 -scripts_only
INFO: [BD 41-1662] The design 'bd_0.bd' is already validated. Therefore parameter propagation will not be re-run.
Verilog Output written to : C:/Users/vempa/Documents/Projects/RADAR_Chirp_Engine/ChirpGenerator/ChirpGenerator/hls/impl/verilog/project.gen/sources_1/bd/bd_0/synth/bd_0.v
Verilog Output written to : C:/Users/vempa/Documents/Projects/RADAR_Chirp_Engine/ChirpGenerator/ChirpGenerator/hls/impl/verilog/project.gen/sources_1/bd/bd_0/sim/bd_0.v
Verilog Output written to : C:/Users/vempa/Documents/Projects/RADAR_Chirp_Engine/ChirpGenerator/ChirpGenerator/hls/impl/verilog/project.gen/sources_1/bd/bd_0/hdl/bd_0_wrapper.v
INFO: [BD 41-1029] Generation completed for the IP Integrator block hls_inst .
Exporting to file C:/Users/vempa/Documents/Projects/RADAR_Chirp_Engine/ChirpGenerator/ChirpGenerator/hls/impl/verilog/project.gen/sources_1/bd/bd_0/hw_handoff/bd_0.hwh
Generated Hardware Definition File C:/Users/vempa/Documents/Projects/RADAR_Chirp_Engine/ChirpGenerator/ChirpGenerator/hls/impl/verilog/project.gen/sources_1/bd/bd_0/synth/bd_0.hwdef
INFO: [BD 41-3262] Generated VHDL Instantiation Template file c:/Users/vempa/Documents/Projects/RADAR_Chirp_Engine/ChirpGenerator/ChirpGenerator/hls/impl/verilog/project.gen/sources_1/bd/bd_0/bd_0.vho
INFO: [BD 41-3262] Generated Verilog Instantiation Template file c:/Users/vempa/Documents/Projects/RADAR_Chirp_Engine/ChirpGenerator/ChirpGenerator/hls/impl/verilog/project.gen/sources_1/bd/bd_0/bd_0.veo
INFO: [BD 41-3262] Generated System Verilog Instantiation Template file c:/Users/vempa/Documents/Projects/RADAR_Chirp_Engine/ChirpGenerator/ChirpGenerator/hls/impl/verilog/project.gen/sources_1/bd/bd_0/bd_0_sv.sveo
WARNING: [Vivado 12-7122] Auto Incremental Compile:: No reference checkpoint was found in run synth_1. Auto-incremental flow will not be run, the standard flow will be run instead.
launch_runs: Time (s): cpu = 00:00:09 ; elapsed = 00:00:12 . Memory (MB): peak = 646.754 ; gain = 48.852
# foreach run [get_runs -filter {IS_SYNTHESIS == 1}] {
#   reset_run [get_runs $run]
# }
# set_property XPM_LIBRARIES {XPM_MEMORY XPM_FIFO} [current_project]
# hls_vivado_reports_setup $report_options
TIMESTAMP: HLS-REPORT: initialize report directories: 2026-08-18 14:59:40 +0530
# if { $has_subcore } { report_ip_status }
Copyright 1986-2022 Xilinx, Inc. All Rights Reserved. Copyright 2022-2025 Advanced Micro Devices, Inc. All Rights Reserved.
---------------------------------------------------------------------------------------------------------------------------------------------
| Tool Version : Vivado v.2025.2 (win64) Build 6299465 Fri Nov 14 19:35:11 GMT 2025
| Date         : Tue Aug 18 14:59:40 2026
| Host         : BHARADWAJ running 64-bit major release  (build 9200)
| Command      : report_ip_status
---------------------------------------------------------------------------------------------------------------------------------------------

IP Status Summary

1. Project IP Status
--------------------
Your project uses 9 IP. Some of these IP may have undergone changes in this release of the software. Please review the recommended actions.

More information on the Xilinx versioning policy is available at www.xilinx.com.

Project IP Instances
+-----------------------------------------+------------+---------------------+-----------+--------------------+---------+-----------------------+------------+----------------------+
| Instance Name                           | Status     | Recommendation      | Change    | IP Name            | IP      | New Version           | New        | Original Part        |
|                                         |            |                     | Log       |                    | Version |                       | License    |                      |
+-----------------------------------------+------------+---------------------+-----------+--------------------+---------+-----------------------+------------+----------------------+
| bd_0_hls_inst_0                         | Up-to-date | No changes required | Change    | Chirp              | 1.0     | 1.0 (Rev. 2114746858) | Included   | xc7z020clg484-1      |
|                                         |            |                     | Log not   |                    | (Rev.   |                       |            |                      |
|                                         |            |                     | available |                    | 2114746 |                       |            |                      |
+-----------------------------------------+------------+---------------------+-----------+--------------------+---------+-----------------------+------------+----------------------+
| chirp_dmul_64ns_64ns_64_7_max_dsp_1_ip  | Up-to-date | No changes required |  *(1)     | Floating-point     | 7.1     | 7.1 (Rev. 21)         | Included   | xc7z020clg484-1      |
|                                         |            |                     |           |                    | (Rev.   |                       |            |                      |
|                                         |            |                     |           |                    | 21)     |                       |            |                      |
+-----------------------------------------+------------+---------------------+-----------+--------------------+---------+-----------------------+------------+----------------------+
| chirp_fadd_32ns_32ns_32_5_full_dsp_1_ip | Up-to-date | No changes required |  *(2)     | Floating-point     | 7.1     | 7.1 (Rev. 21)         | Included   | xc7z020clg484-1      |
|                                         |            |                     |           |                    | (Rev.   |                       |            |                      |
|                                         |            |                     |           |                    | 21)     |                       |            |                      |
+-----------------------------------------+------------+---------------------+-----------+--------------------+---------+-----------------------+------------+----------------------+
| chirp_fcmp_32ns_32ns_1_2_no_dsp_1_ip    | Up-to-date | No changes required |  *(3)     | Floating-point     | 7.1     | 7.1 (Rev. 21)         | Included   | xc7z020clg484-1      |
|                                         |            |                     |           |                    | (Rev.   |                       |            |                      |
|                                         |            |                     |           |                    | 21)     |                       |            |                      |
+-----------------------------------------+------------+---------------------+-----------+--------------------+---------+-----------------------+------------+----------------------+
| chirp_fdiv_32ns_32ns_32_16_no_dsp_1_ip  | Up-to-date | No changes required |  *(4)     | Floating-point     | 7.1     | 7.1 (Rev. 21)         | Included   | xc7z020clg484-1      |
|                                         |            |                     |           |                    | (Rev.   |                       |            |                      |
|                                         |            |                     |           |                    | 21)     |                       |            |                      |
+-----------------------------------------+------------+---------------------+-----------+--------------------+---------+-----------------------+------------+----------------------+
| chirp_fmul_32ns_32ns_32_4_max_dsp_1_ip  | Up-to-date | No changes required |  *(5)     | Floating-point     | 7.1     | 7.1 (Rev. 21)         | Included   | xc7z020clg484-1      |
|                                         |            |                     |           |                    | (Rev.   |                       |            |                      |
|                                         |            |                     |           |                    | 21)     |                       |            |                      |
+-----------------------------------------+------------+---------------------+-----------+--------------------+---------+-----------------------+------------+----------------------+
| chirp_fpext_32ns_64_2_no_dsp_1_ip       | Up-to-date | No changes required |  *(6)     | Floating-point     | 7.1     | 7.1 (Rev. 21)         | Included   | xc7z020clg484-1      |
|                                         |            |                     |           |                    | (Rev.   |                       |            |                      |
|                                         |            |                     |           |                    | 21)     |                       |            |                      |
+-----------------------------------------+------------+---------------------+-----------+--------------------+---------+-----------------------+------------+----------------------+
| chirp_fptrunc_64ns_32_2_no_dsp_1_ip     | Up-to-date | No changes required |  *(7)     | Floating-point     | 7.1     | 7.1 (Rev. 21)         | Included   | xc7z020clg484-1      |
|                                         |            |                     |           |                    | (Rev.   |                       |            |                      |
|                                         |            |                     |           |                    | 21)     |                       |            |                      |
+-----------------------------------------+------------+---------------------+-----------+--------------------+---------+-----------------------+------------+----------------------+
| chirp_sitofp_32ns_32_6_no_dsp_1_ip      | Up-to-date | No changes required |  *(8)     | Floating-point     | 7.1     | 7.1 (Rev. 21)         | Included   | xc7z020clg484-1      |
|                                         |            |                     |           |                    | (Rev.   |                       |            |                      |
|                                         |            |                     |           |                    | 21)     |                       |            |                      |
+-----------------------------------------+------------+---------------------+-----------+--------------------+---------+-----------------------+------------+----------------------+
*(1) c:/AMDDesignTools/2025.2/Vivado/data/ip/xilinx/floating_point_v7_1/doc/floating_point_v7_1_changelog.txt
*(2) c:/AMDDesignTools/2025.2/Vivado/data/ip/xilinx/floating_point_v7_1/doc/floating_point_v7_1_changelog.txt
*(3) c:/AMDDesignTools/2025.2/Vivado/data/ip/xilinx/floating_point_v7_1/doc/floating_point_v7_1_changelog.txt
*(4) c:/AMDDesignTools/2025.2/Vivado/data/ip/xilinx/floating_point_v7_1/doc/floating_point_v7_1_changelog.txt
*(5) c:/AMDDesignTools/2025.2/Vivado/data/ip/xilinx/floating_point_v7_1/doc/floating_point_v7_1_changelog.txt
*(6) c:/AMDDesignTools/2025.2/Vivado/data/ip/xilinx/floating_point_v7_1/doc/floating_point_v7_1_changelog.txt
*(7) c:/AMDDesignTools/2025.2/Vivado/data/ip/xilinx/floating_point_v7_1/doc/floating_point_v7_1_changelog.txt
*(8) c:/AMDDesignTools/2025.2/Vivado/data/ip/xilinx/floating_point_v7_1/doc/floating_point_v7_1_changelog.txt


# if { $has_synth || $has_impl } {
#   # synth properties setting
#   set_property -name {STEPS.SYNTH_DESIGN.ARGS.MORE OPTIONS} -value {-mode out_of_context} -objects [get_runs synth_1]
#   set ip_inst [get_ips -quiet ${bd_design_name}*${bd_inst_name}*]
#   if { ![llength $ip_inst] } {
#       error "Cannot find HLS IP instance: ${bd_design_name}*${bd_inst_name}*"
#   }
#   set synth_run [get_runs -filter {IS_SYNTHESIS == 1} ${ip_inst}*]
#   if { ![llength $synth_run] } {
#       error "Cannot find synth run for HLS IP: ${ip_inst}*"
#   }
# 
#   if { [llength $synth_design_args] } {
#       set_property -name {STEPS.SYNTH_DESIGN.ARGS.MORE OPTIONS} -value $synth_design_args -objects $synth_run
#   }
# 
#   if { [llength $synth_props] } {
#     set_property -dict $synth_props $synth_run
#   }
# 
#   # launch run synth
#   launch_runs synth_1
#   wait_on_run synth_1
#   # synth reports
#   hls_vivado_reports_synth synth_1 $report_options
#   if { $synth_dcp ne "" } {
#     file mkdir [file dirname $synth_dcp]
#     set run_dcp [glob -nocomplain [get_property DIRECTORY $synth_run]/*.dcp]
#     if { [llength $run_dcp] != 1 } { error "Cannot find single dcp file for run $synth_run" }
#     file copy -force $run_dcp $synth_dcp
#   }
# }
WARNING: [Vivado 12-7122] Auto Incremental Compile:: No reference checkpoint was found in run synth_1. Auto-incremental flow will not be run, the standard flow will be run instead.
[Tue Aug 18 14:59:43 2026] Launched bd_0_hls_inst_0_synth_1...
Run output will be captured here: C:/Users/vempa/Documents/Projects/RADAR_Chirp_Engine/ChirpGenerator/ChirpGenerator/hls/impl/verilog/project.runs/bd_0_hls_inst_0_synth_1/runme.log
[Tue Aug 18 14:59:43 2026] Launched synth_1...
Run output will be captured here: C:/Users/vempa/Documents/Projects/RADAR_Chirp_Engine/ChirpGenerator/ChirpGenerator/hls/impl/verilog/project.runs/synth_1/runme.log
[Tue Aug 18 14:59:43 2026] Waiting for synth_1 to finish...

*** Running vivado
    with args -log bd_0_wrapper.vds -m64 -product Vivado -mode batch -messageDb vivado.pb -notrace -source bd_0_wrapper.tcl

!! WARNING !!
"PYTHONPATH" variable is set greater than default max string limit of "519" characters.
Please ignore this, if you have already made changes to your system registry to accept more than
default limit of 519 characters.
!! WARNING !!


****** Vivado v2025.2 (64-bit)
  **** SW Build 6299465 on Fri Nov 14 19:35:11 GMT 2025
  **** IP Build 6300035 on Fri Nov 14 10:48:45 MST 2025
  **** SharedData Build 6298862 on Thu Nov 13 04:50:51 MST 2025
  **** Start of session at: Tue Aug 18 15:01:44 2026
    ** Copyright 1986-2022 Xilinx, Inc. All Rights Reserved.
    ** Copyright 2022-2025 Advanced Micro Devices, Inc. All Rights Reserved.

source bd_0_wrapper.tcl -notrace
INFO: Dispatch client connection id - 59613
create_project: Time (s): cpu = 00:00:07 ; elapsed = 00:00:05 . Memory (MB): peak = 541.953 ; gain = 222.609
INFO: [IP_Flow 19-234] Refreshing IP repositories
INFO: [IP_Flow 19-1700] Loaded user IP repository 'c:/Users/vempa/Documents/Projects/RADAR_Chirp_Engine/ChirpGenerator/ChirpGenerator/hls/impl/ip'.
INFO: [IP_Flow 19-2313] Loaded Vivado IP repository 'C:/AMDDesignTools/2025.2/Vivado/data/ip'.
WARNING: [IP_Flow 19-4995] The host OS only allows 260 characters in a normal path. The IP cache path is more than 80 characters. If you experience issues with IP caching, please consider changing the IP cache to a location with a shorter path. Alternately consider using the OS subst command to map part of the path to a drive letter. 
Current IP cache path is c:/Users/vempa/Documents/Projects/RADAR_Chirp_Engine/ChirpGenerator/ChirpGenerator/hls/impl/verilog/project.cache/ip 
Command: synth_design -top bd_0_wrapper -part xc7z020clg484-1 -mode out_of_context
Starting synth_design
Attempting to get a license for feature 'Synthesis' and/or device 'xc7z020'
INFO: [Common 17-349] Got license for feature 'Synthesis' and/or device 'xc7z020'
INFO: [Device 21-403] Loading part xc7z020clg484-1
INFO: [Synth 8-7079] Multithreading enabled for synth_design using a maximum of 2 processes.
INFO: [Synth 8-7078] Launching helper process for spawning children vivado processes
INFO: [Synth 8-7075] Helper process launched with PID 25236
---------------------------------------------------------------------------------
Starting RTL Elaboration : Time (s): cpu = 00:00:05 ; elapsed = 00:00:05 . Memory (MB): peak = 1325.465 ; gain = 539.160
---------------------------------------------------------------------------------
INFO: [Synth 8-6157] synthesizing module 'bd_0_wrapper' [c:/Users/vempa/Documents/Projects/RADAR_Chirp_Engine/ChirpGenerator/ChirpGenerator/hls/impl/verilog/project.gen/sources_1/bd/bd_0/hdl/bd_0_wrapper.v:13]
INFO: [Synth 8-6157] synthesizing module 'bd_0' [c:/Users/vempa/Documents/Projects/RADAR_Chirp_Engine/ChirpGenerator/ChirpGenerator/hls/impl/verilog/project.gen/sources_1/bd/bd_0/synth/bd_0.v:13]
INFO: [Synth 8-6157] synthesizing module 'bd_0_hls_inst_0' [C:/Users/vempa/Documents/Projects/RADAR_Chirp_Engine/ChirpGenerator/ChirpGenerator/hls/impl/verilog/project.runs/synth_1/.Xil/Vivado-28636-BHARADWAJ/realtime/bd_0_hls_inst_0_stub.v:6]
INFO: [Synth 8-6155] done synthesizing module 'bd_0_hls_inst_0' (0#1) [C:/Users/vempa/Documents/Projects/RADAR_Chirp_Engine/ChirpGenerator/ChirpGenerator/hls/impl/verilog/project.runs/synth_1/.Xil/Vivado-28636-BHARADWAJ/realtime/bd_0_hls_inst_0_stub.v:6]
INFO: [Synth 8-6155] done synthesizing module 'bd_0' (0#1) [c:/Users/vempa/Documents/Projects/RADAR_Chirp_Engine/ChirpGenerator/ChirpGenerator/hls/impl/verilog/project.gen/sources_1/bd/bd_0/synth/bd_0.v:13]
INFO: [Synth 8-6155] done synthesizing module 'bd_0_wrapper' (0#1) [c:/Users/vempa/Documents/Projects/RADAR_Chirp_Engine/ChirpGenerator/ChirpGenerator/hls/impl/verilog/project.gen/sources_1/bd/bd_0/hdl/bd_0_wrapper.v:13]
---------------------------------------------------------------------------------
Finished RTL Elaboration : Time (s): cpu = 00:00:07 ; elapsed = 00:00:07 . Memory (MB): peak = 1450.129 ; gain = 663.824
---------------------------------------------------------------------------------
---------------------------------------------------------------------------------
Start Handling Custom Attributes
---------------------------------------------------------------------------------
---------------------------------------------------------------------------------
Finished Handling Custom Attributes : Time (s): cpu = 00:00:07 ; elapsed = 00:00:07 . Memory (MB): peak = 1450.129 ; gain = 663.824
---------------------------------------------------------------------------------
---------------------------------------------------------------------------------
Finished RTL Optimization Phase 1 : Time (s): cpu = 00:00:07 ; elapsed = 00:00:07 . Memory (MB): peak = 1450.129 ; gain = 663.824
---------------------------------------------------------------------------------
Netlist sorting complete. Time (s): cpu = 00:00:00 ; elapsed = 00:00:00.004 . Memory (MB): peak = 1450.129 ; gain = 0.000
INFO: [Project 1-570] Preparing netlist for logic optimization

Processing XDC Constraints
Initializing timing engine
Parsing XDC File [c:/Users/vempa/Documents/Projects/RADAR_Chirp_Engine/ChirpGenerator/ChirpGenerator/hls/impl/verilog/project.gen/sources_1/bd/bd_0/ip/bd_0_hls_inst_0/bd_0_hls_inst_0/bd_0_hls_inst_0_in_context.xdc] for cell 'bd_0_i/hls_inst'
Finished Parsing XDC File [c:/Users/vempa/Documents/Projects/RADAR_Chirp_Engine/ChirpGenerator/ChirpGenerator/hls/impl/verilog/project.gen/sources_1/bd/bd_0/ip/bd_0_hls_inst_0/bd_0_hls_inst_0/bd_0_hls_inst_0_in_context.xdc] for cell 'bd_0_i/hls_inst'
Parsing XDC File [C:/Users/vempa/Documents/Projects/RADAR_Chirp_Engine/ChirpGenerator/ChirpGenerator/hls/impl/verilog/chirp.xdc]
Finished Parsing XDC File [C:/Users/vempa/Documents/Projects/RADAR_Chirp_Engine/ChirpGenerator/ChirpGenerator/hls/impl/verilog/chirp.xdc]
Parsing XDC File [C:/Users/vempa/Documents/Projects/RADAR_Chirp_Engine/ChirpGenerator/ChirpGenerator/hls/impl/verilog/project.runs/synth_1/dont_touch.xdc]
Finished Parsing XDC File [C:/Users/vempa/Documents/Projects/RADAR_Chirp_Engine/ChirpGenerator/ChirpGenerator/hls/impl/verilog/project.runs/synth_1/dont_touch.xdc]
Completed Processing XDC Constraints

Netlist sorting complete. Time (s): cpu = 00:00:00 ; elapsed = 00:00:00 . Memory (MB): peak = 1450.129 ; gain = 0.000
INFO: [Project 1-111] Unisim Transformation Summary:
No Unisim elements were transformed.

Constraint Validation Runtime : Time (s): cpu = 00:00:00 ; elapsed = 00:00:00.020 . Memory (MB): peak = 1450.129 ; gain = 0.000
---------------------------------------------------------------------------------
Finished Constraint Validation : Time (s): cpu = 00:00:14 ; elapsed = 00:00:15 . Memory (MB): peak = 1450.129 ; gain = 663.824
---------------------------------------------------------------------------------
---------------------------------------------------------------------------------
Start Loading Part and Timing Information
---------------------------------------------------------------------------------
Loading part: xc7z020clg484-1
---------------------------------------------------------------------------------
Finished Loading Part and Timing Information : Time (s): cpu = 00:00:14 ; elapsed = 00:00:15 . Memory (MB): peak = 1450.129 ; gain = 663.824
---------------------------------------------------------------------------------
---------------------------------------------------------------------------------
Start Applying 'set_property' XDC Constraints
---------------------------------------------------------------------------------
---------------------------------------------------------------------------------
Finished applying 'set_property' XDC Constraints : Time (s): cpu = 00:00:14 ; elapsed = 00:00:15 . Memory (MB): peak = 1450.129 ; gain = 663.824
---------------------------------------------------------------------------------
---------------------------------------------------------------------------------
Finished RTL Optimization Phase 2 : Time (s): cpu = 00:00:14 ; elapsed = 00:00:15 . Memory (MB): peak = 1450.129 ; gain = 663.824
---------------------------------------------------------------------------------
---------------------------------------------------------------------------------
Start RTL Component Statistics 
---------------------------------------------------------------------------------
Detailed RTL Component Info : 
---------------------------------------------------------------------------------
Finished RTL Component Statistics 
---------------------------------------------------------------------------------
---------------------------------------------------------------------------------
Start Part Resource Summary
---------------------------------------------------------------------------------
Part Resources:
DSPs: 220 (col length:60)
BRAMs: 280 (col length: RAMB18 60 RAMB36 30)
---------------------------------------------------------------------------------
Finished Part Resource Summary
---------------------------------------------------------------------------------
---------------------------------------------------------------------------------
Start Cross Boundary and Area Optimization
---------------------------------------------------------------------------------
---------------------------------------------------------------------------------
Finished Cross Boundary and Area Optimization : Time (s): cpu = 00:00:16 ; elapsed = 00:00:17 . Memory (MB): peak = 1457.285 ; gain = 670.980
---------------------------------------------------------------------------------
---------------------------------------------------------------------------------
Start Applying XDC Timing Constraints
---------------------------------------------------------------------------------
---------------------------------------------------------------------------------
Finished Applying XDC Timing Constraints : Time (s): cpu = 00:00:20 ; elapsed = 00:00:21 . Memory (MB): peak = 1623.676 ; gain = 837.371
---------------------------------------------------------------------------------
---------------------------------------------------------------------------------
Start Timing Optimization
---------------------------------------------------------------------------------
---------------------------------------------------------------------------------
Finished Timing Optimization : Time (s): cpu = 00:00:20 ; elapsed = 00:00:21 . Memory (MB): peak = 1623.676 ; gain = 837.371
---------------------------------------------------------------------------------
---------------------------------------------------------------------------------
Start Technology Mapping
---------------------------------------------------------------------------------
---------------------------------------------------------------------------------
Finished Technology Mapping : Time (s): cpu = 00:00:20 ; elapsed = 00:00:21 . Memory (MB): peak = 1633.355 ; gain = 847.051
---------------------------------------------------------------------------------
---------------------------------------------------------------------------------
Start IO Insertion
---------------------------------------------------------------------------------
---------------------------------------------------------------------------------
Start Flattening Before IO Insertion
---------------------------------------------------------------------------------
---------------------------------------------------------------------------------
Finished Flattening Before IO Insertion
---------------------------------------------------------------------------------
---------------------------------------------------------------------------------
Start Final Netlist Cleanup
---------------------------------------------------------------------------------
---------------------------------------------------------------------------------
Finished Final Netlist Cleanup
---------------------------------------------------------------------------------
---------------------------------------------------------------------------------
Finished IO Insertion : Time (s): cpu = 00:00:24 ; elapsed = 00:00:25 . Memory (MB): peak = 1882.703 ; gain = 1096.398
---------------------------------------------------------------------------------
---------------------------------------------------------------------------------
Start Renaming Generated Instances
---------------------------------------------------------------------------------
---------------------------------------------------------------------------------
Finished Renaming Generated Instances : Time (s): cpu = 00:00:24 ; elapsed = 00:00:25 . Memory (MB): peak = 1882.703 ; gain = 1096.398
---------------------------------------------------------------------------------
---------------------------------------------------------------------------------
Start Rebuilding User Hierarchy
---------------------------------------------------------------------------------
---------------------------------------------------------------------------------
Finished Rebuilding User Hierarchy : Time (s): cpu = 00:00:24 ; elapsed = 00:00:25 . Memory (MB): peak = 1882.703 ; gain = 1096.398
---------------------------------------------------------------------------------
---------------------------------------------------------------------------------
Start Renaming Generated Ports
---------------------------------------------------------------------------------
---------------------------------------------------------------------------------
Finished Renaming Generated Ports : Time (s): cpu = 00:00:24 ; elapsed = 00:00:25 . Memory (MB): peak = 1882.703 ; gain = 1096.398
---------------------------------------------------------------------------------
---------------------------------------------------------------------------------
Start Handling Custom Attributes
---------------------------------------------------------------------------------
---------------------------------------------------------------------------------
Finished Handling Custom Attributes : Time (s): cpu = 00:00:24 ; elapsed = 00:00:25 . Memory (MB): peak = 1882.703 ; gain = 1096.398
---------------------------------------------------------------------------------
---------------------------------------------------------------------------------
Start Renaming Generated Nets
---------------------------------------------------------------------------------
---------------------------------------------------------------------------------
Finished Renaming Generated Nets : Time (s): cpu = 00:00:24 ; elapsed = 00:00:25 . Memory (MB): peak = 1882.703 ; gain = 1096.398
---------------------------------------------------------------------------------
---------------------------------------------------------------------------------
Start Writing Synthesis Report
---------------------------------------------------------------------------------

Report BlackBoxes: 
+------+----------------+----------+
|      |BlackBox name   |Instances |
+------+----------------+----------+
|1     |bd_0_hls_inst_0 |         1|
+------+----------------+----------+

Report Cell Usage: 
+------+--------------+------+
|      |Cell          |Count |
+------+--------------+------+
|1     |bd_0_hls_inst |     1|
+------+--------------+------+
---------------------------------------------------------------------------------
Finished Writing Synthesis Report : Time (s): cpu = 00:00:24 ; elapsed = 00:00:25 . Memory (MB): peak = 1882.703 ; gain = 1096.398
---------------------------------------------------------------------------------
Synthesis finished with 0 errors, 0 critical warnings and 0 warnings.
Synthesis Optimization Runtime : Time (s): cpu = 00:00:15 ; elapsed = 00:00:23 . Memory (MB): peak = 1882.703 ; gain = 1096.398
Synthesis Optimization Complete : Time (s): cpu = 00:00:24 ; elapsed = 00:00:25 . Memory (MB): peak = 1882.703 ; gain = 1096.398
INFO: [Project 1-571] Translating synthesized netlist
Netlist sorting complete. Time (s): cpu = 00:00:00 ; elapsed = 00:00:00.004 . Memory (MB): peak = 1882.703 ; gain = 0.000
INFO: [Project 1-570] Preparing netlist for logic optimization
INFO: [Opt 31-138] Pushed 0 inverter(s) to 0 load pin(s).
Netlist sorting complete. Time (s): cpu = 00:00:00 ; elapsed = 00:00:00 . Memory (MB): peak = 1886.465 ; gain = 0.000
INFO: [Project 1-111] Unisim Transformation Summary:
No Unisim elements were transformed.

Synth Design complete | Checksum: fa3f8e49
INFO: [Common 17-83] Releasing license: Synthesis
21 Infos, 1 Warnings, 0 Critical Warnings and 0 Errors encountered.
synth_design completed successfully
synth_design: Time (s): cpu = 00:00:27 ; elapsed = 00:00:32 . Memory (MB): peak = 1886.465 ; gain = 1335.539
INFO: [Common 17-1381] The checkpoint 'C:/Users/vempa/Documents/Projects/RADAR_Chirp_Engine/ChirpGenerator/ChirpGenerator/hls/impl/verilog/project.runs/synth_1/bd_0_wrapper.dcp' has been generated.
INFO: [Vivado 12-24828] Executing command : report_utilization -file bd_0_wrapper_utilization_synth.rpt -pb bd_0_wrapper_utilization_synth.pb
INFO: [Common 17-206] Exiting Vivado at Tue Aug 18 15:02:25 2026...
[Tue Aug 18 15:02:31 2026] synth_1 finished
wait_on_runs: Time (s): cpu = 00:00:00 ; elapsed = 00:02:47 . Memory (MB): peak = 646.754 ; gain = 0.000
TIMESTAMP: HLS-REPORT: synthesis open_run: 2026-08-18 15:02:31 +0530
INFO: HLS-REPORT: Opening synthesis design database: open_run synth_1
Design is defaulting to impl run constrset: constrs_1
Design is defaulting to synth run part: xc7z020clg484-1
INFO: [Device 21-403] Loading part xc7z020clg484-1
INFO: [Project 1-5699] Read binary netlist with skipMacroContent - 1
INFO: [Project 1-454] Reading design checkpoint 'c:/Users/vempa/Documents/Projects/RADAR_Chirp_Engine/ChirpGenerator/ChirpGenerator/hls/impl/verilog/project.gen/sources_1/bd/bd_0/ip/bd_0_hls_inst_0/bd_0_hls_inst_0.dcp' for cell 'bd_0_i/hls_inst'
Netlist sorting complete. Time (s): cpu = 00:00:00 ; elapsed = 00:00:00.222 . Memory (MB): peak = 914.898 ; gain = 0.000
INFO: [Netlist 29-17] Analyzing 601 Unisim elements for replacement
INFO: [Netlist 29-28] Unisim Transformation completed in 0 CPU seconds
INFO: [Project 1-479] Netlist was created with Vivado 2025.2
INFO: [Project 1-570] Preparing netlist for logic optimization
Parsing XDC File [C:/Users/vempa/Documents/Projects/RADAR_Chirp_Engine/ChirpGenerator/ChirpGenerator/hls/impl/verilog/chirp.xdc]
Finished Parsing XDC File [C:/Users/vempa/Documents/Projects/RADAR_Chirp_Engine/ChirpGenerator/ChirpGenerator/hls/impl/verilog/chirp.xdc]
INFO: [Opt 31-138] Pushed 0 inverter(s) to 0 load pin(s).
Netlist sorting complete. Time (s): cpu = 00:00:00 ; elapsed = 00:00:00.004 . Memory (MB): peak = 1065.988 ; gain = 0.000
INFO: [Project 1-111] Unisim Transformation Summary:
No Unisim elements were transformed.

open_run: Time (s): cpu = 00:00:05 ; elapsed = 00:00:05 . Memory (MB): peak = 1065.988 ; gain = 419.234
TIMESTAMP: HLS-REPORT: synthesis generate_reports_vivado: 2026-08-18 15:02:36 +0530
INFO: HLS-REPORT: Running report: report_utilization -file ./report/chirp_utilization_synth.rpt
INFO: HLS-REPORT: Running report: report_utilization -hierarchical -hierarchical_depth 6 -file ./report/chirp_utilization_hierarchical_synth.rpt
INFO: HLS-REPORT: Running report: report_timing_summary -file ./report/chirp_timing_synth.rpt
INFO: [Timing 38-35] Done setting XDC timing constraints.
INFO: [Timing 38-91] UpdateTimingParams: Speed grade: -1, Delay Type: min_max.
INFO: [Timing 38-191] Multithreading enabled for timing update using a maximum of 2 CPUs
WARNING: [Timing 38-242] The property HD.CLK_SRC of clock port "ap_clk" is not set. In out-of-context mode, this prevents timing estimation for clock delay/skew
Resolution: Set the HD.CLK_SRC property of the out-of-context port to the location of the clock buffer instance in the top-level design
report_timing_summary: Time (s): cpu = 00:00:09 ; elapsed = 00:00:07 . Memory (MB): peak = 1630.801 ; gain = 564.812
INFO: HLS-REPORT: Running report: report_power -file ./report/chirp_power_synth.rpt -xpe ./chirp_power.xpe
Command: report_power -file ./report/chirp_power_synth.rpt -xpe ./chirp_power.xpe
Running Vector-less Activity Propagation...

Finished Running Vector-less Activity Propagation
12 Infos, 2 Warnings, 0 Critical Warnings and 0 Errors encountered.
report_power completed successfully
INFO: HLS-REPORT: Running report: report_timing -max_paths 10 -file ./report/chirp_timing_paths_synth.rpt
INFO: [Timing 38-91] UpdateTimingParams: Speed grade: -1, Delay Type: max.
INFO: [Timing 38-191] Multithreading enabled for timing update using a maximum of 2 CPUs
INFO: [Timing 38-78] ReportTimingParams: -max_paths 10 -nworst 1 -delay_type max -sort_by slack.
INFO: HLS-REPORT: Running report: report_design_analysis -file ./report/chirp_design_analysis_synth.rpt
INFO: [Implflow 30-839]  
INFO: HLS-REPORT: Running report: ::tclapp::xilinx::designutils::report_failfast -detailed_report synth -file ./report/chirp_failfast_synth.rpt
 -I- design metrics completed in 0 seconds
 -I- DONT_TOUCH metric completed in 0 seconds
 -I- MARK_DEBUG metric completed in 1 seconds
 -I- utilization metrics completed in 0 seconds
 -I- control set metrics completed in 0 seconds
 -I- methodology check metrics completed in 1 seconds
 -I- average fanout metrics completed in 1 seconds (0 modules)
 -I- non-FD high fanout nets completed in 1 seconds
 -I- path budgeting metrics completed in 1 seconds
#  +-----------------------------------------------------------------------------------------+
#  | Design Summary                                                                          |
#  | design_1                                                                                |
#  | xc7z020clg484-1                                                                         |
#  +-----------------------------------------------------------+-----------+--------+--------+
#  | Criteria                                                  | Guideline | Actual | Status |
#  +-----------------------------------------------------------+-----------+--------+--------+
#  | LUT                                                       | 70%       | 6.10%  | OK     |
#  | FD                                                        | 50%       | 3.20%  | OK     |
#  | LUTRAM+SRL                                                | 25%       | 1.14%  | OK     |
#  | MUXF7                                                     | 15%       | 0.48%  | OK     |
#  | DSP                                                       | 80%       | 17.73% | OK     |
#  | RAMB/FIFO                                                 | 80%       | 0.00%  | OK     |
#  | DSP+RAMB+URAM (Avg)                                       | 70%       | 17.73% | OK     |
#  | BUFGCE* + BUFGCTRL                                        | 24        | 0      | OK     |
#  | DONT_TOUCH (cells/nets)                                   | 0         | 0      | OK     |
#  | MARK_DEBUG (nets)                                         | 0         | 0      | OK     |
#  | Control Sets                                              | 998       | 30     | OK     |
#  | Average Fanout for modules > 100k cells                   | 4         | 2.18   | OK     |
#  | Max Average Fanout for modules > 100k cells               | 4         | 0      | OK     |
#  | Non-FD high fanout nets > 10k loads                       | 0         | 0      | OK     |
#  +-----------------------------------------------------------+-----------+--------+--------+
#  | TIMING-6 (No common primary clock between related clocks) | 0         | 0      | OK     |
#  | TIMING-7 (No common node between related clocks)          | 0         | 0      | OK     |
#  | TIMING-8 (No common period between related clocks)        | 0         | 0      | OK     |
#  | TIMING-14 (LUT on the clock tree)                         | 0         | 0      | OK     |
#  | TIMING-35 (No common node in paths with the same clock)   | 0         | 0      | OK     |
#  +-----------------------------------------------------------+-----------+--------+--------+
#  | Number of paths above max LUT budgeting (0.575ns)         | 0         | 0      | OK     |
#  | Number of paths above max Net budgeting (0.403ns)         | 0         | 0      | OK     |
#  +-----------------------------------------------------------+-----------+--------+--------+
 -I- Generated file C:/Users/vempa/Documents/Projects/RADAR_Chirp_Engine/ChirpGenerator/ChirpGenerator/hls/impl/verilog/report/chirp_failfast_synth.rpt
 -I- Number of criteria to review: 0
 -I- This report should be run before placing the design and uses conservative guidelines beyond which runtime and timing closure will likely be more challenging
 -I- report_failfast completed in 5 seconds
TIMESTAMP: HLS-REPORT: synthesis gen_data_dict_vivado: 2026-08-18 15:02:50 +0530
TIMESTAMP: HLS-REPORT: synth extract_util_hier: 2026-08-18 15:02:50 +0530
TIMESTAMP: HLS-REPORT: synth get_cell_hier_data: 2026-08-18 15:02:50 +0530
TIMESTAMP: HLS-REPORT: synth get_timing_paths: 2026-08-18 15:02:50 +0530
TIMESTAMP: HLS-REPORT: synth process timing paths: 2026-08-18 15:02:50 +0530
TIMESTAMP: HLS-REPORT: synth get_all_vv_rpt_files: 2026-08-18 15:02:50 +0530
TIMESTAMP: HLS-REPORT: synthesis write_reports_vivado: 2026-08-18 15:02:50 +0530
HLS EXTRACTION: synth area_totals:  0 53200 106400 220 280 0 0
HLS EXTRACTION: synth area_current: 0 3245 3407 39 0 0 198 0 0 0
HLS EXTRACTION: synth resources_dict: AVAIL_LUT 53200 LUT 3245 AVAIL_FF 106400 FF 3407 AVAIL_DSP 220 DSP 39 AVAIL_BRAM 280 BRAM 0 AVAIL_URAM 0 URAM 0 LATCH 0 SRL 198 AVAIL_CLB 0 CLB 0
INFO: HLS-REPORT: generated C:/Users/vempa/Documents/Projects/RADAR_Chirp_Engine/ChirpGenerator/ChirpGenerator/hls/impl/verilog/report/vivado_syn.xml
INFO: HLS-REPORT: generated C:/Users/vempa/Documents/Projects/RADAR_Chirp_Engine/ChirpGenerator/ChirpGenerator/hls/impl/report/verilog/chirp_export.rpt


Implementation tool: Xilinx Vivado v.2025.2
Project:             ChirpGenerator
Solution:            hls
Device target:       xc7z020-clg484-1
Report date:         Tue Aug 18 15:02:52 +0530 2026

#=== Post-Synthesis Resource usage ===
SLICE:            0
LUT:           3245
FF:            3407
DSP:             39
BRAM:             0
URAM:             0
LATCH:            0
SRL:            198
CLB:              0

#=== Final timing ===
CP required:                     10.000
CP achieved post-synthesis:      8.276
Timing met

TIMESTAMP: HLS-REPORT: synthesis end: 2026-08-18 15:02:52 +0530
# if { $has_impl } {
#   # launch run impl
#   if { [llength $impl_props] } {
#     set_property -dict $impl_props [get_runs impl_1]
#   }
#   launch_runs impl_1
#   wait_on_run impl_1
#   # impl reports
#   hls_vivado_reports_impl impl_1 $report_options
# }
INFO: [Timing 38-480] Writing timing data to binary archive.
Write ShapeDB Complete: Time (s): cpu = 00:00:01 ; elapsed = 00:00:00.021 . Memory (MB): peak = 1769.664 ; gain = 0.000
WARNING: [Common 17-210] 'write_hwdef' is deprecated.
[Tue Aug 18 15:02:53 2026] Launched impl_1...
Run output will be captured here: C:/Users/vempa/Documents/Projects/RADAR_Chirp_Engine/ChirpGenerator/ChirpGenerator/hls/impl/verilog/project.runs/impl_1/runme.log
[Tue Aug 18 15:02:53 2026] Waiting for impl_1 to finish...

*** Running vivado
    with args -log bd_0_wrapper.vdi -applog -m64 -product Vivado -messageDb vivado.pb -mode batch -source bd_0_wrapper.tcl -notrace

!! WARNING !!
"PYTHONPATH" variable is set greater than default max string limit of "519" characters.
Please ignore this, if you have already made changes to your system registry to accept more than
default limit of 519 characters.
!! WARNING !!


****** Vivado v2025.2 (64-bit)
  **** SW Build 6299465 on Fri Nov 14 19:35:11 GMT 2025
  **** IP Build 6300035 on Fri Nov 14 10:48:45 MST 2025
  **** SharedData Build 6298862 on Thu Nov 13 04:50:51 MST 2025
  **** Start of session at: Tue Aug 18 15:03:00 2026
    ** Copyright 1986-2022 Xilinx, Inc. All Rights Reserved.
    ** Copyright 2022-2025 Advanced Micro Devices, Inc. All Rights Reserved.

source bd_0_wrapper.tcl -notrace
INFO: Dispatch client connection id - 59613
Command: open_checkpoint C:/Users/vempa/Documents/Projects/RADAR_Chirp_Engine/ChirpGenerator/ChirpGenerator/hls/impl/verilog/project.runs/impl_1/bd_0_wrapper.dcp
INFO: [Device 21-403] Loading part xc7z020clg484-1
Netlist sorting complete. Time (s): cpu = 00:00:00 ; elapsed = 00:00:00.198 . Memory (MB): peak = 804.672 ; gain = 0.000
INFO: [Netlist 29-17] Analyzing 601 Unisim elements for replacement
INFO: [Netlist 29-28] Unisim Transformation completed in 0 CPU seconds
INFO: [Project 1-479] Netlist was created with Vivado 2025.2
INFO: [Project 1-570] Preparing netlist for logic optimization
Read ShapeDB Complete: Time (s): cpu = 00:00:00 ; elapsed = 00:00:00.014 . Memory (MB): peak = 917.621 ; gain = 1.363
INFO: [Timing 38-478] Restoring timing data from binary archive.
INFO: [Timing 38-479] Binary timing data restore complete.
INFO: [Project 1-856] Restoring constraints from binary archive.
INFO: [Project 1-853] Binary constraint restore complete.
Netlist sorting complete. Time (s): cpu = 00:00:00 ; elapsed = 00:00:00.004 . Memory (MB): peak = 1520.270 ; gain = 0.000
INFO: [Project 1-111] Unisim Transformation Summary:
No Unisim elements were transformed.

INFO: [Project 1-604] Checkpoint was created with Vivado v2025.2 (64-bit) build 6299465
open_checkpoint: Time (s): cpu = 00:00:16 ; elapsed = 00:00:15 . Memory (MB): peak = 1520.270 ; gain = 1200.348
INFO: [IP_Flow 19-234] Refreshing IP repositories
INFO: [IP_Flow 19-1700] Loaded user IP repository 'c:/Users/vempa/Documents/Projects/RADAR_Chirp_Engine/ChirpGenerator/ChirpGenerator/hls/impl/ip'.
INFO: [IP_Flow 19-2313] Loaded Vivado IP repository 'C:/AMDDesignTools/2025.2/Vivado/data/ip'.
WARNING: [IP_Flow 19-4995] The host OS only allows 260 characters in a normal path. The IP cache path is more than 80 characters. If you experience issues with IP caching, please consider changing the IP cache to a location with a shorter path. Alternately consider using the OS subst command to map part of the path to a drive letter. 
Current IP cache path is C:/Users/vempa/Documents/Projects/RADAR_Chirp_Engine/ChirpGenerator/ChirpGenerator/hls/impl/verilog/project.cache/ip 
Command: opt_design
Attempting to get a license for feature 'Implementation' and/or device 'xc7z020'
INFO: [Common 17-349] Got license for feature 'Implementation' and/or device 'xc7z020'
Running DRC as a precondition to command opt_design

Starting DRC Task
INFO: [DRC 23-27] Running DRC with 2 threads
WARNING: [DRC 23-814] Not all possible (connectivity based) DRCs may have been run because this design is seen as Out of Context.
INFO: [Project 1-461] DRC finished with 0 Errors
INFO: [Project 1-462] Please refer to the DRC report (report_drc) for more information.

Time (s): cpu = 00:00:01 ; elapsed = 00:00:00.326 . Memory (MB): peak = 1552.719 ; gain = 24.977

Starting Cache Timing Information Task
Ending Cache Timing Information Task | Checksum: 1f4c5eb6c

Time (s): cpu = 00:00:00 ; elapsed = 00:00:00.011 . Memory (MB): peak = 1552.719 ; gain = 0.000

Starting Logic Optimization Task

Phase 1 Initialization

Phase 1.1 Core Generation And Design Setup
Phase 1.1 Core Generation And Design Setup | Checksum: 1f4c5eb6c

Time (s): cpu = 00:00:00 ; elapsed = 00:00:00.009 . Memory (MB): peak = 1995.793 ; gain = 0.000

Phase 1.2 Setup Constraints And Sort Netlist
Phase 1.2 Setup Constraints And Sort Netlist | Checksum: 1f4c5eb6c

Time (s): cpu = 00:00:00 ; elapsed = 00:00:00.015 . Memory (MB): peak = 1995.793 ; gain = 0.000
Phase 1 Initialization | Checksum: 1f4c5eb6c

Time (s): cpu = 00:00:00 ; elapsed = 00:00:00.016 . Memory (MB): peak = 1995.793 ; gain = 0.000

Phase 2 Timer Update And Timing Data Collection

Phase 2.1 Detect if minReqCache needed
Phase 2.1 Detect if minReqCache needed | Checksum: 1f4c5eb6c

Time (s): cpu = 00:00:00 ; elapsed = 00:00:00.038 . Memory (MB): peak = 1995.793 ; gain = 0.000

Phase 2.2 Timer Update
Phase 2.2 Timer Update | Checksum: 1f4c5eb6c

Time (s): cpu = 00:00:00 ; elapsed = 00:00:00.052 . Memory (MB): peak = 1995.793 ; gain = 0.000
Phase 2 Timer Update And Timing Data Collection | Checksum: 1f4c5eb6c

Time (s): cpu = 00:00:00 ; elapsed = 00:00:00.054 . Memory (MB): peak = 1995.793 ; gain = 0.000

Phase 3 Retarget
INFO: [Opt 31-1851] Number of loadless carry chains removed were: 0
INFO: [Opt 31-1834] Total Chains To Be Transformed Were: 0 AND Number of Transformed insts Created are: 0
INFO: [Opt 31-1566] Pulled 1 inverters resulting in an inversion of 3 pins
INFO: [Opt 31-138] Pushed 1 inverter(s) to 9 load pin(s).
INFO: [Opt 31-49] Retargeted 0 cell(s).
Phase 3 Retarget | Checksum: 10e7c0fc2

Time (s): cpu = 00:00:00 ; elapsed = 00:00:00.229 . Memory (MB): peak = 1995.793 ; gain = 0.000
Retarget | Checksum: 10e7c0fc2
INFO: [Opt 31-389] Phase Retarget created 30 cells and removed 67 cells

Phase 4 Constant propagation
INFO: [Opt 31-138] Pushed 0 inverter(s) to 0 load pin(s).
Phase 4 Constant propagation | Checksum: 191d0386c

Time (s): cpu = 00:00:01 ; elapsed = 00:00:00.341 . Memory (MB): peak = 1995.793 ; gain = 0.000
Constant propagation | Checksum: 191d0386c
INFO: [Opt 31-389] Phase Constant propagation created 50 cells and removed 145 cells

Phase 5 Sweep
INFO: [Constraints 18-11670] Building netlist checker database with flags, 0x8
Done building netlist checker database: Time (s): cpu = 00:00:00 ; elapsed = 00:00:00.005 . Memory (MB): peak = 1995.793 ; gain = 0.000
INFO: [Constraints 18-11670] Building netlist checker database with flags, 0x8
Done building netlist checker database: Time (s): cpu = 00:00:00 ; elapsed = 00:00:00.005 . Memory (MB): peak = 1995.793 ; gain = 0.000
Phase 5 Sweep | Checksum: ac2b1b6c

Time (s): cpu = 00:00:01 ; elapsed = 00:00:00.549 . Memory (MB): peak = 1995.793 ; gain = 0.000
Sweep | Checksum: ac2b1b6c
INFO: [Opt 31-389] Phase Sweep created 0 cells and removed 98 cells

Phase 6 BUFG optimization
Phase 6 BUFG optimization | Checksum: ac2b1b6c

Time (s): cpu = 00:00:01 ; elapsed = 00:00:00.589 . Memory (MB): peak = 1995.793 ; gain = 0.000
BUFG optimization | Checksum: ac2b1b6c
INFO: [Opt 31-662] Phase BUFG optimization created 0 cells of which 0 are BUFGs and removed 0 cells.

Phase 7 Shift Register Optimization
INFO: [Opt 31-1064] SRL Remap converted 0 SRLs to 0 registers and converted 0 registers of register chains to 0 SRLs
Phase 7 Shift Register Optimization | Checksum: ac2b1b6c

Time (s): cpu = 00:00:01 ; elapsed = 00:00:00.607 . Memory (MB): peak = 1995.793 ; gain = 0.000
Shift Register Optimization | Checksum: ac2b1b6c
INFO: [Opt 31-389] Phase Shift Register Optimization created 0 cells and removed 0 cells

Phase 8 Post Processing Netlist
Phase 8 Post Processing Netlist | Checksum: ac2b1b6c

Time (s): cpu = 00:00:01 ; elapsed = 00:00:00.628 . Memory (MB): peak = 1995.793 ; gain = 0.000
Post Processing Netlist | Checksum: ac2b1b6c
INFO: [Opt 31-389] Phase Post Processing Netlist created 0 cells and removed 0 cells

Phase 9 Finalization

Phase 9.1 Finalizing Design Cores and Updating Shapes
Phase 9.1 Finalizing Design Cores and Updating Shapes | Checksum: 171b3f4b2

Time (s): cpu = 00:00:01 ; elapsed = 00:00:00.841 . Memory (MB): peak = 1995.793 ; gain = 0.000

Phase 9.2 Verifying Netlist Connectivity

Starting Connectivity Check Task

Time (s): cpu = 00:00:00 ; elapsed = 00:00:00.013 . Memory (MB): peak = 1995.793 ; gain = 0.000
Phase 9.2 Verifying Netlist Connectivity | Checksum: 171b3f4b2

Time (s): cpu = 00:00:01 ; elapsed = 00:00:00.856 . Memory (MB): peak = 1995.793 ; gain = 0.000
Phase 9 Finalization | Checksum: 171b3f4b2

Time (s): cpu = 00:00:01 ; elapsed = 00:00:00.857 . Memory (MB): peak = 1995.793 ; gain = 0.000
Opt_design Change Summary
=========================


-------------------------------------------------------------------------------------------------------------------------
|  Phase                        |  #Cells created  |  #Cells Removed  |  #Constrained objects preventing optimizations  |
-------------------------------------------------------------------------------------------------------------------------
|  Retarget                     |              30  |              67  |                                              0  |
|  Constant propagation         |              50  |             145  |                                              0  |
|  Sweep                        |               0  |              98  |                                              0  |
|  BUFG optimization            |               0  |               0  |                                              0  |
|  Shift Register Optimization  |               0  |               0  |                                              0  |
|  Post Processing Netlist      |               0  |               0  |                                              0  |
-------------------------------------------------------------------------------------------------------------------------


Ending Logic Optimization Task | Checksum: 171b3f4b2

Time (s): cpu = 00:00:01 ; elapsed = 00:00:00.860 . Memory (MB): peak = 1995.793 ; gain = 0.000

Starting Power Optimization Task
INFO: [Pwropt 34-132] Skipping clock gating for clocks with a period < 2.00 ns.
Ending Power Optimization Task | Checksum: 171b3f4b2

Time (s): cpu = 00:00:00 ; elapsed = 00:00:00.013 . Memory (MB): peak = 1995.793 ; gain = 0.000

Starting Final Cleanup Task
Ending Final Cleanup Task | Checksum: 171b3f4b2

Time (s): cpu = 00:00:00 ; elapsed = 00:00:00.001 . Memory (MB): peak = 1995.793 ; gain = 0.000
Netlist sorting complete. Time (s): cpu = 00:00:00 ; elapsed = 00:00:00.003 . Memory (MB): peak = 1995.793 ; gain = 0.000
INFO: [Common 17-83] Releasing license: Implementation
35 Infos, 2 Warnings, 0 Critical Warnings and 0 Errors encountered.
opt_design completed successfully
INFO: [Vivado 12-24828] Executing command : report_drc -file bd_0_wrapper_drc_opted.rpt -pb bd_0_wrapper_drc_opted.pb -rpx bd_0_wrapper_drc_opted.rpx
Command: report_drc -file bd_0_wrapper_drc_opted.rpt -pb bd_0_wrapper_drc_opted.pb -rpx bd_0_wrapper_drc_opted.rpx
INFO: [IP_Flow 19-1839] IP Catalog is up to date.
INFO: [DRC 23-27] Running DRC with 2 threads
WARNING: [DRC 23-814] Not all possible (connectivity based) DRCs may have been run because this design is seen as Out of Context.
INFO: [Vivado_Tcl 2-168] The results of DRC are in file C:/Users/vempa/Documents/Projects/RADAR_Chirp_Engine/ChirpGenerator/ChirpGenerator/hls/impl/verilog/project.runs/impl_1/bd_0_wrapper_drc_opted.rpt.
report_drc completed successfully
INFO: [Timing 38-35] Done setting XDC timing constraints.
INFO: [Timing 38-480] Writing timing data to binary archive.
Write ShapeDB Complete: Time (s): cpu = 00:00:00 ; elapsed = 00:00:00.011 . Memory (MB): peak = 1995.793 ; gain = 0.000
INFO: [Common 17-1381] The checkpoint 'C:/Users/vempa/Documents/Projects/RADAR_Chirp_Engine/ChirpGenerator/ChirpGenerator/hls/impl/verilog/project.runs/impl_1/bd_0_wrapper_opt.dcp' has been generated.
Command: place_design
Attempting to get a license for feature 'Implementation' and/or device 'xc7z020'
INFO: [Common 17-349] Got license for feature 'Implementation' and/or device 'xc7z020'
INFO: [Common 17-83] Releasing license: Implementation
INFO: [DRC 23-27] Running DRC with 2 threads
WARNING: [DRC 23-814] Not all possible (connectivity based) DRCs may have been run because this design is seen as Out of Context.
INFO: [Vivado_Tcl 4-198] DRC finished with 0 Errors
INFO: [Vivado_Tcl 4-199] Please refer to the DRC report (report_drc) for more information.
Running DRC as a precondition to command place_design
INFO: [DRC 23-27] Running DRC with 2 threads
WARNING: [DRC 23-814] Not all possible (connectivity based) DRCs may have been run because this design is seen as Out of Context.
INFO: [Vivado_Tcl 4-198] DRC finished with 0 Errors
INFO: [Vivado_Tcl 4-199] Please refer to the DRC report (report_drc) for more information.
INFO: [Place 30-611] Multithreading enabled for place_design using a maximum of 2 CPUs

Starting Placer Task

Phase 1 Placer Initialization

Phase 1.1 Placer Initialization Netlist Sorting
Netlist sorting complete. Time (s): cpu = 00:00:00 ; elapsed = 00:00:00.004 . Memory (MB): peak = 1995.793 ; gain = 0.000
Phase 1.1 Placer Initialization Netlist Sorting | Checksum: 1011a2c10

Time (s): cpu = 00:00:00 ; elapsed = 00:00:00.007 . Memory (MB): peak = 1995.793 ; gain = 0.000
Netlist sorting complete. Time (s): cpu = 00:00:00 ; elapsed = 00:00:00.004 . Memory (MB): peak = 1995.793 ; gain = 0.000

Phase 1.2 IO Placement/ Clock Placement/ Build Placer Device
Phase 1.2 IO Placement/ Clock Placement/ Build Placer Device | Checksum: 5a8df07b

Time (s): cpu = 00:00:01 ; elapsed = 00:00:00.293 . Memory (MB): peak = 1995.793 ; gain = 0.000

Phase 1.3 Build Placer Netlist Model
Phase 1.3 Build Placer Netlist Model | Checksum: 74f0ebfd

Time (s): cpu = 00:00:04 ; elapsed = 00:00:02 . Memory (MB): peak = 1995.793 ; gain = 0.000

Phase 1.4 Constrain Clocks/Macros
Phase 1.4 Constrain Clocks/Macros | Checksum: 74f0ebfd

Time (s): cpu = 00:00:04 ; elapsed = 00:00:02 . Memory (MB): peak = 1995.793 ; gain = 0.000
Phase 1 Placer Initialization | Checksum: 74f0ebfd

Time (s): cpu = 00:00:04 ; elapsed = 00:00:02 . Memory (MB): peak = 1995.793 ; gain = 0.000

Phase 2 Global Placement

Phase 2.1 Floorplanning
Phase 2.1 Floorplanning | Checksum: 113dffdb1

Time (s): cpu = 00:00:06 ; elapsed = 00:00:03 . Memory (MB): peak = 1995.793 ; gain = 0.000

Phase 2.2 Update Timing before SLR Path Opt
Phase 2.2 Update Timing before SLR Path Opt | Checksum: 81f81b44

Time (s): cpu = 00:00:08 ; elapsed = 00:00:05 . Memory (MB): peak = 1995.793 ; gain = 0.000

Phase 2.3 Post-Processing in Floorplanning
Phase 2.3 Post-Processing in Floorplanning | Checksum: 81f81b44

Time (s): cpu = 00:00:08 ; elapsed = 00:00:05 . Memory (MB): peak = 1995.793 ; gain = 0.000

Phase 2.4 Global Place Phase1
Phase 2.4 Global Place Phase1 | Checksum: 5e0427e4

Time (s): cpu = 00:00:15 ; elapsed = 00:00:09 . Memory (MB): peak = 1995.793 ; gain = 0.000

Phase 2.5 Global Place Phase2

Phase 2.5.1 UpdateTiming Before Physical Synthesis
Phase 2.5.1 UpdateTiming Before Physical Synthesis | Checksum: 5e0427e4

Time (s): cpu = 00:00:16 ; elapsed = 00:00:09 . Memory (MB): peak = 1995.793 ; gain = 0.000

Phase 2.5.2 Physical Synthesis In Placer
INFO: [Physopt 32-1035] Found 0 LUTNM shape to break, 195 LUT instances to create LUTNM shape
INFO: [Physopt 32-1044] Break lutnm for timing: one critical 0, two critical 0, total 0, new lutff created 0
INFO: [Physopt 32-1138] End 1 Pass. Optimized 94 nets or LUTs. Breaked 0 LUT, combined 94 existing LUTs and moved 0 existing LUT
INFO: [Physopt 32-65] No nets found for high-fanout optimization.
INFO: [Physopt 32-232] Optimized 0 net. Created 0 new instance.
INFO: [Physopt 32-775] End 1 Pass. Optimized 0 net or cell. Created 0 new cell, deleted 0 existing cell and moved 0 existing cell
INFO: [Physopt 32-670] No setup violation found.  DSP Register Optimization was not performed.
INFO: [Physopt 32-670] No setup violation found.  Shift Register to Pipeline Optimization was not performed.
INFO: [Physopt 32-670] No setup violation found.  Shift Register Optimization was not performed.
INFO: [Physopt 32-670] No setup violation found.  BRAM Register Optimization was not performed.
INFO: [Physopt 32-670] No setup violation found.  URAM Register Optimization was not performed.
INFO: [Physopt 32-949] No candidate nets found for dynamic/static region interface net replication
INFO: [Physopt 32-775] End 1 Pass. Optimized 0 net or cell. Created 0 new cell, deleted 0 existing cell and moved 0 existing cell
Netlist sorting complete. Time (s): cpu = 00:00:00 ; elapsed = 00:00:00.008 . Memory (MB): peak = 1995.793 ; gain = 0.000

Summary of Physical Synthesis Optimizations
============================================


-----------------------------------------------------------------------------------------------------------------------------------------------------------
|  Optimization                                     |  Added Cells  |  Removed Cells  |  Optimized Cells/Nets  |  Dont Touch  |  Iterations  |  Elapsed   |
-----------------------------------------------------------------------------------------------------------------------------------------------------------
|  LUT Combining                                    |            0  |             94  |                    94  |           0  |           1  |  00:00:00  |
|  Retime                                           |            0  |              0  |                     0  |           0  |           1  |  00:00:00  |
|  Very High Fanout                                 |            0  |              0  |                     0  |           0  |           1  |  00:00:00  |
|  DSP Register                                     |            0  |              0  |                     0  |           0  |           0  |  00:00:00  |
|  Shift Register to Pipeline                       |            0  |              0  |                     0  |           0  |           0  |  00:00:00  |
|  Shift Register                                   |            0  |              0  |                     0  |           0  |           0  |  00:00:00  |
|  BRAM Register                                    |            0  |              0  |                     0  |           0  |           0  |  00:00:00  |
|  URAM Register                                    |            0  |              0  |                     0  |           0  |           0  |  00:00:00  |
|  Dynamic/Static Region Interface Net Replication  |            0  |              0  |                     0  |           0  |           1  |  00:00:00  |
|  Total                                            |            0  |             94  |                    94  |           0  |           4  |  00:00:00  |
-----------------------------------------------------------------------------------------------------------------------------------------------------------


Phase 2.5.2 Physical Synthesis In Placer | Checksum: 990a0b64

Time (s): cpu = 00:00:17 ; elapsed = 00:00:10 . Memory (MB): peak = 1995.793 ; gain = 0.000
Phase 2.5 Global Place Phase2 | Checksum: 61730890

Time (s): cpu = 00:00:17 ; elapsed = 00:00:10 . Memory (MB): peak = 1995.793 ; gain = 0.000
Phase 2 Global Placement | Checksum: 61730890

Time (s): cpu = 00:00:17 ; elapsed = 00:00:10 . Memory (MB): peak = 1995.793 ; gain = 0.000

Phase 3 Detail Placement

Phase 3.1 Commit Multi Column Macros
Phase 3.1 Commit Multi Column Macros | Checksum: 1489e386b

Time (s): cpu = 00:00:18 ; elapsed = 00:00:11 . Memory (MB): peak = 1995.793 ; gain = 0.000

Phase 3.2 Commit Most Macros & LUTRAMs
Phase 3.2 Commit Most Macros & LUTRAMs | Checksum: b3fc16b9

Time (s): cpu = 00:00:20 ; elapsed = 00:00:12 . Memory (MB): peak = 1995.793 ; gain = 0.000

Phase 3.3 Area Swap Optimization
Phase 3.3 Area Swap Optimization | Checksum: 169d1c57f

Time (s): cpu = 00:00:20 ; elapsed = 00:00:12 . Memory (MB): peak = 1995.793 ; gain = 0.000

Phase 3.4 Pipeline Register Optimization
Phase 3.4 Pipeline Register Optimization | Checksum: bc5c7688

Time (s): cpu = 00:00:20 ; elapsed = 00:00:12 . Memory (MB): peak = 1995.793 ; gain = 0.000

Phase 3.5 Small Shape Detail Placement
Phase 3.5 Small Shape Detail Placement | Checksum: df3a9afa

Time (s): cpu = 00:00:22 ; elapsed = 00:00:14 . Memory (MB): peak = 1995.793 ; gain = 0.000

Phase 3.6 Re-assign LUT pins
Phase 3.6 Re-assign LUT pins | Checksum: 5319edd6

Time (s): cpu = 00:00:22 ; elapsed = 00:00:14 . Memory (MB): peak = 1995.793 ; gain = 0.000

Phase 3.7 Pipeline Register Optimization
Phase 3.7 Pipeline Register Optimization | Checksum: 184557e08

Time (s): cpu = 00:00:22 ; elapsed = 00:00:15 . Memory (MB): peak = 1995.793 ; gain = 0.000
Phase 3 Detail Placement | Checksum: 184557e08

Time (s): cpu = 00:00:22 ; elapsed = 00:00:15 . Memory (MB): peak = 1995.793 ; gain = 0.000

Phase 4 Post Placement Optimization and Clean-Up

Phase 4.1 Post Commit Optimization
INFO: [Timing 38-35] Done setting XDC timing constraints.

Phase 4.1.1 Post Placement Optimization
Post Placement Optimization Initialization | Checksum: 13296beae

Phase 4.1.1.1 BUFG Insertion

Starting Physical Synthesis Task

Phase 1 Physical Synthesis Initialization
INFO: [Physopt 32-721] Multithreading enabled for phys_opt_design using a maximum of 2 CPUs
INFO: [Physopt 32-619] Estimated Timing Summary | WNS=1.253 | TNS=0.000 |
Phase 1 Physical Synthesis Initialization | Checksum: 123c082a6

Time (s): cpu = 00:00:00 ; elapsed = 00:00:00.140 . Memory (MB): peak = 1995.793 ; gain = 0.000
INFO: [Place 46-56] BUFG insertion identified 0 candidate nets. Inserted BUFG: 0, Replicated BUFG Driver: 0, Skipped due to Placement/Routing Conflicts: 0, Skipped due to Timing Degradation: 0, Skipped due to netlist editing failed: 0.
Ending Physical Synthesis Task | Checksum: 1145222af

Time (s): cpu = 00:00:00 ; elapsed = 00:00:00.158 . Memory (MB): peak = 1995.793 ; gain = 0.000
Phase 4.1.1.1 BUFG Insertion | Checksum: 13296beae

Time (s): cpu = 00:00:25 ; elapsed = 00:00:17 . Memory (MB): peak = 1995.793 ; gain = 0.000

Phase 4.1.1.2 Post Placement Timing Optimization
INFO: [Place 30-746] Post Placement Timing Summary WNS=1.253. For the most accurate timing information please run report_timing.
Phase 4.1.1.2 Post Placement Timing Optimization | Checksum: 10daab6e9

Time (s): cpu = 00:00:25 ; elapsed = 00:00:17 . Memory (MB): peak = 1995.793 ; gain = 0.000

Time (s): cpu = 00:00:25 ; elapsed = 00:00:17 . Memory (MB): peak = 1995.793 ; gain = 0.000
Phase 4.1 Post Commit Optimization | Checksum: 10daab6e9

Time (s): cpu = 00:00:25 ; elapsed = 00:00:17 . Memory (MB): peak = 1995.793 ; gain = 0.000

Phase 4.2 Post Placement Cleanup
Phase 4.2 Post Placement Cleanup | Checksum: 10daab6e9

Time (s): cpu = 00:00:25 ; elapsed = 00:00:17 . Memory (MB): peak = 1995.793 ; gain = 0.000

Phase 4.3 Placer Reporting

Phase 4.3.1 Print Estimated Congestion
INFO: [Place 30-612] Post-Placement Estimated Congestion 
 ____________________________________________________
|           | Global Congestion | Short Congestion  |
| Direction | Region Size       | Region Size       |
|___________|___________________|___________________|
|      North|                1x1|                2x2|
|___________|___________________|___________________|
|      South|                1x1|                1x1|
|___________|___________________|___________________|
|       East|                1x1|                1x1|
|___________|___________________|___________________|
|       West|                1x1|                1x1|
|___________|___________________|___________________|

Phase 4.3.1 Print Estimated Congestion | Checksum: 10daab6e9

Time (s): cpu = 00:00:25 ; elapsed = 00:00:17 . Memory (MB): peak = 1995.793 ; gain = 0.000
Phase 4.3 Placer Reporting | Checksum: 10daab6e9

Time (s): cpu = 00:00:25 ; elapsed = 00:00:17 . Memory (MB): peak = 1995.793 ; gain = 0.000

Phase 4.4 Final Placement Cleanup
Netlist sorting complete. Time (s): cpu = 00:00:01 ; elapsed = 00:00:00.004 . Memory (MB): peak = 1995.793 ; gain = 0.000

Time (s): cpu = 00:00:26 ; elapsed = 00:00:17 . Memory (MB): peak = 1995.793 ; gain = 0.000
Phase 4 Post Placement Optimization and Clean-Up | Checksum: 1e6feae2d

Time (s): cpu = 00:00:26 ; elapsed = 00:00:17 . Memory (MB): peak = 1995.793 ; gain = 0.000
Ending Placer Task | Checksum: 17d0c5151

Time (s): cpu = 00:00:26 ; elapsed = 00:00:17 . Memory (MB): peak = 1995.793 ; gain = 0.000
70 Infos, 5 Warnings, 0 Critical Warnings and 0 Errors encountered.
place_design completed successfully
place_design: Time (s): cpu = 00:00:26 ; elapsed = 00:00:17 . Memory (MB): peak = 1995.793 ; gain = 0.000
INFO: [Vivado 12-24838] Running report commands "report_control_sets, report_io, report_utilization" in parallel.
Running report generation with 2 threads.
INFO: [Vivado 12-24828] Executing command : report_utilization -file bd_0_wrapper_utilization_placed.rpt -pb bd_0_wrapper_utilization_placed.pb
INFO: [Vivado 12-24828] Executing command : report_io -file bd_0_wrapper_io_placed.rpt
report_io: Time (s): cpu = 00:00:00 ; elapsed = 00:00:00.112 . Memory (MB): peak = 1995.793 ; gain = 0.000
INFO: [Vivado 12-24828] Executing command : report_control_sets -verbose -file bd_0_wrapper_control_sets_placed.rpt
report_control_sets: Time (s): cpu = 00:00:00 ; elapsed = 00:00:00.019 . Memory (MB): peak = 1995.793 ; gain = 0.000
INFO: [Timing 38-480] Writing timing data to binary archive.
Wrote PlaceDB: Time (s): cpu = 00:00:00 ; elapsed = 00:00:00 . Memory (MB): peak = 1995.793 ; gain = 0.000
Wrote PulsedLatchDB: Time (s): cpu = 00:00:00 ; elapsed = 00:00:00 . Memory (MB): peak = 1995.793 ; gain = 0.000
Writing XDEF routing.
Write ShapeDB Complete: Time (s): cpu = 00:00:00 ; elapsed = 00:00:00.024 . Memory (MB): peak = 1995.793 ; gain = 0.000
Writing XDEF routing logical nets.
Writing XDEF routing special nets.
Wrote RouteStorage: Time (s): cpu = 00:00:00 ; elapsed = 00:00:00.109 . Memory (MB): peak = 1995.793 ; gain = 0.000
Wrote PlaceStorage: Time (s): cpu = 00:00:01 ; elapsed = 00:00:00.344 . Memory (MB): peak = 1995.793 ; gain = 0.000
Wrote Netlist Cache: Time (s): cpu = 00:00:00 ; elapsed = 00:00:00.013 . Memory (MB): peak = 1995.793 ; gain = 0.000
Wrote Device Cache: Time (s): cpu = 00:00:00 ; elapsed = 00:00:00.013 . Memory (MB): peak = 1995.793 ; gain = 0.000
Write Physdb Complete: Time (s): cpu = 00:00:01 ; elapsed = 00:00:00.495 . Memory (MB): peak = 1995.793 ; gain = 0.000
INFO: [Common 17-1381] The checkpoint 'C:/Users/vempa/Documents/Projects/RADAR_Chirp_Engine/ChirpGenerator/ChirpGenerator/hls/impl/verilog/project.runs/impl_1/bd_0_wrapper_placed.dcp' has been generated.
Command: phys_opt_design
Attempting to get a license for feature 'Implementation' and/or device 'xc7z020'
INFO: [Common 17-349] Got license for feature 'Implementation' and/or device 'xc7z020'

Starting Initial Update Timing Task
WARNING: [Timing 38-242] The property HD.CLK_SRC of clock port "ap_clk" is not set. In out-of-context mode, this prevents timing estimation for clock delay/skew
Resolution: Set the HD.CLK_SRC property of the out-of-context port to the location of the clock buffer instance in the top-level design

Time (s): cpu = 00:00:02 ; elapsed = 00:00:01 . Memory (MB): peak = 1995.793 ; gain = 0.000
INFO: [Vivado_Tcl 4-2279] Estimated Timing Summary | WNS= 1.253 | TNS= 0.000 | 
INFO: [Vivado_Tcl 4-383] Design worst setup slack (WNS) is greater than or equal to 0.000 ns. All physical synthesis setup optimizations will be skipped.
INFO: [Vivado_Tcl 4-232] No setup violation found. The netlist was not modified.
INFO: [Common 17-83] Releasing license: Implementation
81 Infos, 6 Warnings, 0 Critical Warnings and 0 Errors encountered.
phys_opt_design completed successfully
INFO: [Timing 38-480] Writing timing data to binary archive.
Wrote PlaceDB: Time (s): cpu = 00:00:00 ; elapsed = 00:00:00 . Memory (MB): peak = 1995.793 ; gain = 0.000
Wrote PulsedLatchDB: Time (s): cpu = 00:00:00 ; elapsed = 00:00:00 . Memory (MB): peak = 1995.793 ; gain = 0.000
Writing XDEF routing.
Write ShapeDB Complete: Time (s): cpu = 00:00:00 ; elapsed = 00:00:00.024 . Memory (MB): peak = 1995.793 ; gain = 0.000
Writing XDEF routing logical nets.
Writing XDEF routing special nets.
Wrote RouteStorage: Time (s): cpu = 00:00:01 ; elapsed = 00:00:00.038 . Memory (MB): peak = 1995.793 ; gain = 0.000
Wrote PlaceStorage: Time (s): cpu = 00:00:01 ; elapsed = 00:00:00.323 . Memory (MB): peak = 1995.793 ; gain = 0.000
Wrote Netlist Cache: Time (s): cpu = 00:00:00 ; elapsed = 00:00:00.014 . Memory (MB): peak = 1995.793 ; gain = 0.000
Wrote Device Cache: Time (s): cpu = 00:00:00 ; elapsed = 00:00:00.015 . Memory (MB): peak = 1995.793 ; gain = 0.000
Write Physdb Complete: Time (s): cpu = 00:00:02 ; elapsed = 00:00:00.403 . Memory (MB): peak = 1995.793 ; gain = 0.000
INFO: [Common 17-1381] The checkpoint 'C:/Users/vempa/Documents/Projects/RADAR_Chirp_Engine/ChirpGenerator/ChirpGenerator/hls/impl/verilog/project.runs/impl_1/bd_0_wrapper_physopt.dcp' has been generated.
Command: route_design
Attempting to get a license for feature 'Implementation' and/or device 'xc7z020'
INFO: [Common 17-349] Got license for feature 'Implementation' and/or device 'xc7z020'


Starting Routing Task
INFO: [Route 35-254] Multithreading enabled for route_design using a maximum of 2 CPUs

Phase 1 Build RT Design
Checksum: PlaceDB: 697691ba ConstDB: 0 ShapeSum: fd9c4ca7 RouteDB: 15f972f0
WARNING: [Route 35-197] Clock port "ap_clk" does not have an associated HD.CLK_SRC. Without this constraint, timing analysis may not be accurate and upstream checks cannot be done to ensure correct clock placement.
WARNING: [Route 35-198] Port "ap_rst" does not have an associated HD.PARTPIN_LOCS, which will prevent the partial routing of the signal "ap_rst". Without this partial route, timing analysis to/from this port will not be accurate, and no routing information for this port can be exported.
WARNING: [Route 35-198] Port "Tc[23]" does not have an associated HD.PARTPIN_LOCS, which will prevent the partial routing of the signal "Tc[23]". Without this partial route, timing analysis to/from this port will not be accurate, and no routing information for this port can be exported.
WARNING: [Route 35-198] Port "Tc[25]" does not have an associated HD.PARTPIN_LOCS, which will prevent the partial routing of the signal "Tc[25]". Without this partial route, timing analysis to/from this port will not be accurate, and no routing information for this port can be exported.
WARNING: [Route 35-198] Port "Tc[26]" does not have an associated HD.PARTPIN_LOCS, which will prevent the partial routing of the signal "Tc[26]". Without this partial route, timing analysis to/from this port will not be accurate, and no routing information for this port can be exported.
WARNING: [Route 35-198] Port "fs[23]" does not have an associated HD.PARTPIN_LOCS, which will prevent the partial routing of the signal "fs[23]". Without this partial route, timing analysis to/from this port will not be accurate, and no routing information for this port can be exported.
WARNING: [Route 35-198] Port "fs[25]" does not have an associated HD.PARTPIN_LOCS, which will prevent the partial routing of the signal "fs[25]". Without this partial route, timing analysis to/from this port will not be accurate, and no routing information for this port can be exported.
WARNING: [Route 35-198] Port "fs[26]" does not have an associated HD.PARTPIN_LOCS, which will prevent the partial routing of the signal "fs[26]". Without this partial route, timing analysis to/from this port will not be accurate, and no routing information for this port can be exported.
WARNING: [Route 35-198] Port "f0[23]" does not have an associated HD.PARTPIN_LOCS, which will prevent the partial routing of the signal "f0[23]". Without this partial route, timing analysis to/from this port will not be accurate, and no routing information for this port can be exported.
WARNING: [Route 35-198] Port "f0[25]" does not have an associated HD.PARTPIN_LOCS, which will prevent the partial routing of the signal "f0[25]". Without this partial route, timing analysis to/from this port will not be accurate, and no routing information for this port can be exported.
WARNING: [Route 35-198] Port "f0[29]" does not have an associated HD.PARTPIN_LOCS, which will prevent the partial routing of the signal "f0[29]". Without this partial route, timing analysis to/from this port will not be accurate, and no routing information for this port can be exported.
WARNING: [Route 35-198] Port "f0[31]" does not have an associated HD.PARTPIN_LOCS, which will prevent the partial routing of the signal "f0[31]". Without this partial route, timing analysis to/from this port will not be accurate, and no routing information for this port can be exported.
WARNING: [Route 35-198] Port "f0[24]" does not have an associated HD.PARTPIN_LOCS, which will prevent the partial routing of the signal "f0[24]". Without this partial route, timing analysis to/from this port will not be accurate, and no routing information for this port can be exported.
WARNING: [Route 35-198] Port "Tc[27]" does not have an associated HD.PARTPIN_LOCS, which will prevent the partial routing of the signal "Tc[27]". Without this partial route, timing analysis to/from this port will not be accurate, and no routing information for this port can be exported.
WARNING: [Route 35-198] Port "Tc[29]" does not have an associated HD.PARTPIN_LOCS, which will prevent the partial routing of the signal "Tc[29]". Without this partial route, timing analysis to/from this port will not be accurate, and no routing information for this port can be exported.
WARNING: [Route 35-198] Port "Tc[30]" does not have an associated HD.PARTPIN_LOCS, which will prevent the partial routing of the signal "Tc[30]". Without this partial route, timing analysis to/from this port will not be accurate, and no routing information for this port can be exported.
WARNING: [Route 35-198] Port "fs[24]" does not have an associated HD.PARTPIN_LOCS, which will prevent the partial routing of the signal "fs[24]". Without this partial route, timing analysis to/from this port will not be accurate, and no routing information for this port can be exported.
WARNING: [Route 35-198] Port "fs[27]" does not have an associated HD.PARTPIN_LOCS, which will prevent the partial routing of the signal "fs[27]". Without this partial route, timing analysis to/from this port will not be accurate, and no routing information for this port can be exported.
WARNING: [Route 35-198] Port "fs[28]" does not have an associated HD.PARTPIN_LOCS, which will prevent the partial routing of the signal "fs[28]". Without this partial route, timing analysis to/from this port will not be accurate, and no routing information for this port can be exported.
WARNING: [Route 35-198] Port "fs[29]" does not have an associated HD.PARTPIN_LOCS, which will prevent the partial routing of the signal "fs[29]". Without this partial route, timing analysis to/from this port will not be accurate, and no routing information for this port can be exported.
WARNING: [Route 35-198] Port "fs[30]" does not have an associated HD.PARTPIN_LOCS, which will prevent the partial routing of the signal "fs[30]". Without this partial route, timing analysis to/from this port will not be accurate, and no routing information for this port can be exported.
WARNING: [Route 35-198] Port "Tc[24]" does not have an associated HD.PARTPIN_LOCS, which will prevent the partial routing of the signal "Tc[24]". Without this partial route, timing analysis to/from this port will not be accurate, and no routing information for this port can be exported.
WARNING: [Route 35-198] Port "Tc[28]" does not have an associated HD.PARTPIN_LOCS, which will prevent the partial routing of the signal "Tc[28]". Without this partial route, timing analysis to/from this port will not be accurate, and no routing information for this port can be exported.
WARNING: [Route 35-198] Port "ap_ctrl_start" does not have an associated HD.PARTPIN_LOCS, which will prevent the partial routing of the signal "ap_ctrl_start". Without this partial route, timing analysis to/from this port will not be accurate, and no routing information for this port can be exported.
WARNING: [Route 35-198] Port "f0[26]" does not have an associated HD.PARTPIN_LOCS, which will prevent the partial routing of the signal "f0[26]". Without this partial route, timing analysis to/from this port will not be accurate, and no routing information for this port can be exported.
WARNING: [Route 35-198] Port "f0[27]" does not have an associated HD.PARTPIN_LOCS, which will prevent the partial routing of the signal "f0[27]". Without this partial route, timing analysis to/from this port will not be accurate, and no routing information for this port can be exported.
WARNING: [Route 35-198] Port "f0[28]" does not have an associated HD.PARTPIN_LOCS, which will prevent the partial routing of the signal "f0[28]". Without this partial route, timing analysis to/from this port will not be accurate, and no routing information for this port can be exported.
WARNING: [Route 35-198] Port "f0[30]" does not have an associated HD.PARTPIN_LOCS, which will prevent the partial routing of the signal "f0[30]". Without this partial route, timing analysis to/from this port will not be accurate, and no routing information for this port can be exported.
WARNING: [Route 35-198] Port "B[25]" does not have an associated HD.PARTPIN_LOCS, which will prevent the partial routing of the signal "B[25]". Without this partial route, timing analysis to/from this port will not be accurate, and no routing information for this port can be exported.
WARNING: [Route 35-198] Port "B[27]" does not have an associated HD.PARTPIN_LOCS, which will prevent the partial routing of the signal "B[27]". Without this partial route, timing analysis to/from this port will not be accurate, and no routing information for this port can be exported.
WARNING: [Route 35-198] Port "B[28]" does not have an associated HD.PARTPIN_LOCS, which will prevent the partial routing of the signal "B[28]". Without this partial route, timing analysis to/from this port will not be accurate, and no routing information for this port can be exported.
WARNING: [Route 35-198] Port "B[29]" does not have an associated HD.PARTPIN_LOCS, which will prevent the partial routing of the signal "B[29]". Without this partial route, timing analysis to/from this port will not be accurate, and no routing information for this port can be exported.
WARNING: [Route 35-198] Port "B[30]" does not have an associated HD.PARTPIN_LOCS, which will prevent the partial routing of the signal "B[30]". Without this partial route, timing analysis to/from this port will not be accurate, and no routing information for this port can be exported.
WARNING: [Route 35-198] Port "Tc[3]" does not have an associated HD.PARTPIN_LOCS, which will prevent the partial routing of the signal "Tc[3]". Without this partial route, timing analysis to/from this port will not be accurate, and no routing information for this port can be exported.
WARNING: [Route 35-198] Port "B[24]" does not have an associated HD.PARTPIN_LOCS, which will prevent the partial routing of the signal "B[24]". Without this partial route, timing analysis to/from this port will not be accurate, and no routing information for this port can be exported.
WARNING: [Route 35-198] Port "B[23]" does not have an associated HD.PARTPIN_LOCS, which will prevent the partial routing of the signal "B[23]". Without this partial route, timing analysis to/from this port will not be accurate, and no routing information for this port can be exported.
WARNING: [Route 35-198] Port "B[26]" does not have an associated HD.PARTPIN_LOCS, which will prevent the partial routing of the signal "B[26]". Without this partial route, timing analysis to/from this port will not be accurate, and no routing information for this port can be exported.
WARNING: [Route 35-198] Port "fs[31]" does not have an associated HD.PARTPIN_LOCS, which will prevent the partial routing of the signal "fs[31]". Without this partial route, timing analysis to/from this port will not be accurate, and no routing information for this port can be exported.
WARNING: [Route 35-198] Port "B[31]" does not have an associated HD.PARTPIN_LOCS, which will prevent the partial routing of the signal "B[31]". Without this partial route, timing analysis to/from this port will not be accurate, and no routing information for this port can be exported.
WARNING: [Route 35-198] Port "Tc[0]" does not have an associated HD.PARTPIN_LOCS, which will prevent the partial routing of the signal "Tc[0]". Without this partial route, timing analysis to/from this port will not be accurate, and no routing information for this port can be exported.
WARNING: [Route 35-198] Port "Tc[31]" does not have an associated HD.PARTPIN_LOCS, which will prevent the partial routing of the signal "Tc[31]". Without this partial route, timing analysis to/from this port will not be accurate, and no routing information for this port can be exported.
WARNING: [Route 35-198] Port "B[13]" does not have an associated HD.PARTPIN_LOCS, which will prevent the partial routing of the signal "B[13]". Without this partial route, timing analysis to/from this port will not be accurate, and no routing information for this port can be exported.
WARNING: [Route 35-198] Port "fs[0]" does not have an associated HD.PARTPIN_LOCS, which will prevent the partial routing of the signal "fs[0]". Without this partial route, timing analysis to/from this port will not be accurate, and no routing information for this port can be exported.
WARNING: [Route 35-198] Port "B[11]" does not have an associated HD.PARTPIN_LOCS, which will prevent the partial routing of the signal "B[11]". Without this partial route, timing analysis to/from this port will not be accurate, and no routing information for this port can be exported.
WARNING: [Route 35-198] Port "B[16]" does not have an associated HD.PARTPIN_LOCS, which will prevent the partial routing of the signal "B[16]". Without this partial route, timing analysis to/from this port will not be accurate, and no routing information for this port can be exported.
WARNING: [Route 35-198] Port "B[17]" does not have an associated HD.PARTPIN_LOCS, which will prevent the partial routing of the signal "B[17]". Without this partial route, timing analysis to/from this port will not be accurate, and no routing information for this port can be exported.
WARNING: [Route 35-198] Port "B[18]" does not have an associated HD.PARTPIN_LOCS, which will prevent the partial routing of the signal "B[18]". Without this partial route, timing analysis to/from this port will not be accurate, and no routing information for this port can be exported.
WARNING: [Route 35-198] Port "B[19]" does not have an associated HD.PARTPIN_LOCS, which will prevent the partial routing of the signal "B[19]". Without this partial route, timing analysis to/from this port will not be accurate, and no routing information for this port can be exported.
WARNING: [Route 35-198] Port "B[22]" does not have an associated HD.PARTPIN_LOCS, which will prevent the partial routing of the signal "B[22]". Without this partial route, timing analysis to/from this port will not be accurate, and no routing information for this port can be exported.
WARNING: [Route 35-198] Port "B[9]" does not have an associated HD.PARTPIN_LOCS, which will prevent the partial routing of the signal "B[9]". Without this partial route, timing analysis to/from this port will not be accurate, and no routing information for this port can be exported.
WARNING: [Route 35-198] Port "B[15]" does not have an associated HD.PARTPIN_LOCS, which will prevent the partial routing of the signal "B[15]". Without this partial route, timing analysis to/from this port will not be accurate, and no routing information for this port can be exported.
WARNING: [Route 35-198] Port "Tc[15]" does not have an associated HD.PARTPIN_LOCS, which will prevent the partial routing of the signal "Tc[15]". Without this partial route, timing analysis to/from this port will not be accurate, and no routing information for this port can be exported.
WARNING: [Route 35-198] Port "Tc[16]" does not have an associated HD.PARTPIN_LOCS, which will prevent the partial routing of the signal "Tc[16]". Without this partial route, timing analysis to/from this port will not be accurate, and no routing information for this port can be exported.
WARNING: [Route 35-198] Port "Tc[19]" does not have an associated HD.PARTPIN_LOCS, which will prevent the partial routing of the signal "Tc[19]". Without this partial route, timing analysis to/from this port will not be accurate, and no routing information for this port can be exported.
WARNING: [Route 35-198] Port "Tc[20]" does not have an associated HD.PARTPIN_LOCS, which will prevent the partial routing of the signal "Tc[20]". Without this partial route, timing analysis to/from this port will not be accurate, and no routing information for this port can be exported.
WARNING: [Route 35-198] Port "Tc[13]" does not have an associated HD.PARTPIN_LOCS, which will prevent the partial routing of the signal "Tc[13]". Without this partial route, timing analysis to/from this port will not be accurate, and no routing information for this port can be exported.
WARNING: [Route 35-198] Port "fs[20]" does not have an associated HD.PARTPIN_LOCS, which will prevent the partial routing of the signal "fs[20]". Without this partial route, timing analysis to/from this port will not be accurate, and no routing information for this port can be exported.
WARNING: [Route 35-198] Port "B[12]" does not have an associated HD.PARTPIN_LOCS, which will prevent the partial routing of the signal "B[12]". Without this partial route, timing analysis to/from this port will not be accurate, and no routing information for this port can be exported.
WARNING: [Route 35-198] Port "B[2]" does not have an associated HD.PARTPIN_LOCS, which will prevent the partial routing of the signal "B[2]". Without this partial route, timing analysis to/from this port will not be accurate, and no routing information for this port can be exported.
WARNING: [Route 35-198] Port "B[7]" does not have an associated HD.PARTPIN_LOCS, which will prevent the partial routing of the signal "B[7]". Without this partial route, timing analysis to/from this port will not be accurate, and no routing information for this port can be exported.
WARNING: [Route 35-198] Port "B[10]" does not have an associated HD.PARTPIN_LOCS, which will prevent the partial routing of the signal "B[10]". Without this partial route, timing analysis to/from this port will not be accurate, and no routing information for this port can be exported.
WARNING: [Route 35-198] Port "B[14]" does not have an associated HD.PARTPIN_LOCS, which will prevent the partial routing of the signal "B[14]". Without this partial route, timing analysis to/from this port will not be accurate, and no routing information for this port can be exported.
WARNING: [Route 35-198] Port "B[20]" does not have an associated HD.PARTPIN_LOCS, which will prevent the partial routing of the signal "B[20]". Without this partial route, timing analysis to/from this port will not be accurate, and no routing information for this port can be exported.
WARNING: [Route 35-198] Port "Tc[11]" does not have an associated HD.PARTPIN_LOCS, which will prevent the partial routing of the signal "Tc[11]". Without this partial route, timing analysis to/from this port will not be accurate, and no routing information for this port can be exported.
WARNING: [Route 35-198] Port "Tc[14]" does not have an associated HD.PARTPIN_LOCS, which will prevent the partial routing of the signal "Tc[14]". Without this partial route, timing analysis to/from this port will not be accurate, and no routing information for this port can be exported.
WARNING: [Route 35-198] Port "Tc[17]" does not have an associated HD.PARTPIN_LOCS, which will prevent the partial routing of the signal "Tc[17]". Without this partial route, timing analysis to/from this port will not be accurate, and no routing information for this port can be exported.
WARNING: [Route 35-198] Port "Tc[18]" does not have an associated HD.PARTPIN_LOCS, which will prevent the partial routing of the signal "Tc[18]". Without this partial route, timing analysis to/from this port will not be accurate, and no routing information for this port can be exported.
WARNING: [Route 35-198] Port "Tc[1]" does not have an associated HD.PARTPIN_LOCS, which will prevent the partial routing of the signal "Tc[1]". Without this partial route, timing analysis to/from this port will not be accurate, and no routing information for this port can be exported.
WARNING: [Route 35-198] Port "Tc[8]" does not have an associated HD.PARTPIN_LOCS, which will prevent the partial routing of the signal "Tc[8]". Without this partial route, timing analysis to/from this port will not be accurate, and no routing information for this port can be exported.
WARNING: [Route 35-198] Port "Tc[12]" does not have an associated HD.PARTPIN_LOCS, which will prevent the partial routing of the signal "Tc[12]". Without this partial route, timing analysis to/from this port will not be accurate, and no routing information for this port can be exported.
WARNING: [Route 35-198] Port "Tc[21]" does not have an associated HD.PARTPIN_LOCS, which will prevent the partial routing of the signal "Tc[21]". Without this partial route, timing analysis to/from this port will not be accurate, and no routing information for this port can be exported.
WARNING: [Route 35-198] Port "Tc[22]" does not have an associated HD.PARTPIN_LOCS, which will prevent the partial routing of the signal "Tc[22]". Without this partial route, timing analysis to/from this port will not be accurate, and no routing information for this port can be exported.
WARNING: [Route 35-198] Port "B[8]" does not have an associated HD.PARTPIN_LOCS, which will prevent the partial routing of the signal "B[8]". Without this partial route, timing analysis to/from this port will not be accurate, and no routing information for this port can be exported.
WARNING: [Route 35-198] Port "B[21]" does not have an associated HD.PARTPIN_LOCS, which will prevent the partial routing of the signal "B[21]". Without this partial route, timing analysis to/from this port will not be accurate, and no routing information for this port can be exported.
WARNING: [Route 35-198] Port "B[5]" does not have an associated HD.PARTPIN_LOCS, which will prevent the partial routing of the signal "B[5]". Without this partial route, timing analysis to/from this port will not be accurate, and no routing information for this port can be exported.
WARNING: [Route 35-198] Port "B[6]" does not have an associated HD.PARTPIN_LOCS, which will prevent the partial routing of the signal "B[6]". Without this partial route, timing analysis to/from this port will not be accurate, and no routing information for this port can be exported.
WARNING: [Route 35-198] Port "N_SAMPLES_USED[25]" does not have an associated HD.PARTPIN_LOCS, which will prevent the partial routing of the signal "N_SAMPLES_USED[25]". Without this partial route, timing analysis to/from this port will not be accurate, and no routing information for this port can be exported.
WARNING: [Route 35-198] Port "N_SAMPLES_USED[26]" does not have an associated HD.PARTPIN_LOCS, which will prevent the partial routing of the signal "N_SAMPLES_USED[26]". Without this partial route, timing analysis to/from this port will not be accurate, and no routing information for this port can be exported.
WARNING: [Route 35-198] Port "N_SAMPLES_USED[27]" does not have an associated HD.PARTPIN_LOCS, which will prevent the partial routing of the signal "N_SAMPLES_USED[27]". Without this partial route, timing analysis to/from this port will not be accurate, and no routing information for this port can be exported.
WARNING: [Route 35-198] Port "Tc[10]" does not have an associated HD.PARTPIN_LOCS, which will prevent the partial routing of the signal "Tc[10]". Without this partial route, timing analysis to/from this port will not be accurate, and no routing information for this port can be exported.
WARNING: [Route 35-198] Port "Tc[2]" does not have an associated HD.PARTPIN_LOCS, which will prevent the partial routing of the signal "Tc[2]". Without this partial route, timing analysis to/from this port will not be accurate, and no routing information for this port can be exported.
WARNING: [Route 35-198] Port "Tc[4]" does not have an associated HD.PARTPIN_LOCS, which will prevent the partial routing of the signal "Tc[4]". Without this partial route, timing analysis to/from this port will not be accurate, and no routing information for this port can be exported.
WARNING: [Route 35-198] Port "Tc[5]" does not have an associated HD.PARTPIN_LOCS, which will prevent the partial routing of the signal "Tc[5]". Without this partial route, timing analysis to/from this port will not be accurate, and no routing information for this port can be exported.
WARNING: [Route 35-198] Port "Tc[6]" does not have an associated HD.PARTPIN_LOCS, which will prevent the partial routing of the signal "Tc[6]". Without this partial route, timing analysis to/from this port will not be accurate, and no routing information for this port can be exported.
WARNING: [Route 35-198] Port "Tc[7]" does not have an associated HD.PARTPIN_LOCS, which will prevent the partial routing of the signal "Tc[7]". Without this partial route, timing analysis to/from this port will not be accurate, and no routing information for this port can be exported.
WARNING: [Route 35-198] Port "Tc[9]" does not have an associated HD.PARTPIN_LOCS, which will prevent the partial routing of the signal "Tc[9]". Without this partial route, timing analysis to/from this port will not be accurate, and no routing information for this port can be exported.
WARNING: [Route 35-198] Port "fs[19]" does not have an associated HD.PARTPIN_LOCS, which will prevent the partial routing of the signal "fs[19]". Without this partial route, timing analysis to/from this port will not be accurate, and no routing information for this port can be exported.
WARNING: [Route 35-198] Port "B[1]" does not have an associated HD.PARTPIN_LOCS, which will prevent the partial routing of the signal "B[1]". Without this partial route, timing analysis to/from this port will not be accurate, and no routing information for this port can be exported.
WARNING: [Route 35-198] Port "B[3]" does not have an associated HD.PARTPIN_LOCS, which will prevent the partial routing of the signal "B[3]". Without this partial route, timing analysis to/from this port will not be accurate, and no routing information for this port can be exported.
WARNING: [Route 35-198] Port "fs[17]" does not have an associated HD.PARTPIN_LOCS, which will prevent the partial routing of the signal "fs[17]". Without this partial route, timing analysis to/from this port will not be accurate, and no routing information for this port can be exported.
WARNING: [Route 35-198] Port "fs[22]" does not have an associated HD.PARTPIN_LOCS, which will prevent the partial routing of the signal "fs[22]". Without this partial route, timing analysis to/from this port will not be accurate, and no routing information for this port can be exported.
WARNING: [Route 35-198] Port "fs[9]" does not have an associated HD.PARTPIN_LOCS, which will prevent the partial routing of the signal "fs[9]". Without this partial route, timing analysis to/from this port will not be accurate, and no routing information for this port can be exported.
WARNING: [Route 35-198] Port "N_SAMPLES_USED[24]" does not have an associated HD.PARTPIN_LOCS, which will prevent the partial routing of the signal "N_SAMPLES_USED[24]". Without this partial route, timing analysis to/from this port will not be accurate, and no routing information for this port can be exported.
WARNING: [Route 35-198] Port "N_SAMPLES_USED[28]" does not have an associated HD.PARTPIN_LOCS, which will prevent the partial routing of the signal "N_SAMPLES_USED[28]". Without this partial route, timing analysis to/from this port will not be accurate, and no routing information for this port can be exported.
WARNING: [Route 35-198] Port "N_SAMPLES_USED[29]" does not have an associated HD.PARTPIN_LOCS, which will prevent the partial routing of the signal "N_SAMPLES_USED[29]". Without this partial route, timing analysis to/from this port will not be accurate, and no routing information for this port can be exported.
WARNING: [Route 35-198] Port "N_SAMPLES_USED[30]" does not have an associated HD.PARTPIN_LOCS, which will prevent the partial routing of the signal "N_SAMPLES_USED[30]". Without this partial route, timing analysis to/from this port will not be accurate, and no routing information for this port can be exported.
WARNING: [Route 35-198] Port "fs[16]" does not have an associated HD.PARTPIN_LOCS, which will prevent the partial routing of the signal "fs[16]". Without this partial route, timing analysis to/from this port will not be accurate, and no routing information for this port can be exported.
WARNING: [Route 35-198] Port "fs[18]" does not have an associated HD.PARTPIN_LOCS, which will prevent the partial routing of the signal "fs[18]". Without this partial route, timing analysis to/from this port will not be accurate, and no routing information for this port can be exported.
WARNING: [Route 35-198] Port "fs[21]" does not have an associated HD.PARTPIN_LOCS, which will prevent the partial routing of the signal "fs[21]". Without this partial route, timing analysis to/from this port will not be accurate, and no routing information for this port can be exported.
WARNING: [Route 35-198] Port "fs[15]" does not have an associated HD.PARTPIN_LOCS, which will prevent the partial routing of the signal "fs[15]". Without this partial route, timing analysis to/from this port will not be accurate, and no routing information for this port can be exported.
WARNING: [Route 35-198] Port "fs[12]" does not have an associated HD.PARTPIN_LOCS, which will prevent the partial routing of the signal "fs[12]". Without this partial route, timing analysis to/from this port will not be accurate, and no routing information for this port can be exported.
INFO: [Common 17-14] Message 'Route 35-198' appears 100 times and further instances of the messages will be disabled. Use the Tcl command set_msg_config to change the current settings.
WARNING: [Constraints 18-8777] Unable to split tiles. All required files are not available.
Post Restoration Checksum: NetGraph: ac68d6f1 | NumContArr: 31bcf0aa | Constraints: c2a8fa9d | Timing: c2a8fa9d
Phase 1 Build RT Design | Checksum: 26377bcd5

Time (s): cpu = 00:00:25 ; elapsed = 00:00:21 . Memory (MB): peak = 1995.793 ; gain = 0.000

Phase 2 Router Initialization

Phase 2.1 Fix Topology Constraints
Phase 2.1 Fix Topology Constraints | Checksum: 26377bcd5

Time (s): cpu = 00:00:25 ; elapsed = 00:00:21 . Memory (MB): peak = 1995.793 ; gain = 0.000

Phase 2.2 Pre Route Cleanup
Phase 2.2 Pre Route Cleanup | Checksum: 26377bcd5

Time (s): cpu = 00:00:25 ; elapsed = 00:00:21 . Memory (MB): peak = 1995.793 ; gain = 0.000
 Number of Nodes with overlaps = 0

Phase 2.3 Update Timing
Phase 2.3 Update Timing | Checksum: 1f021ad4c

Time (s): cpu = 00:00:27 ; elapsed = 00:00:22 . Memory (MB): peak = 1995.793 ; gain = 0.000
INFO: [Route 35-416] Intermediate Timing Summary | WNS=1.321  | TNS=0.000  | WHS=0.056  | THS=0.000  |


Phase 2.4 Soft Constraint Pins - Fast Budgeting
Phase 2.4 Soft Constraint Pins - Fast Budgeting | Checksum: 1e54ac5ce

Time (s): cpu = 00:00:28 ; elapsed = 00:00:23 . Memory (MB): peak = 1995.793 ; gain = 0.000

Router Utilization Summary
  Global Vertical Routing Utilization    = 0 %
  Global Horizontal Routing Utilization  = 0 %
  Routable Net Status*
  *Does not include unroutable nets such as driverless and loadless.
  Run report_route_status for detailed report.
  Number of Failed Nets               = 7340
    (Failed Nets is the sum of unrouted and partially routed nets)
  Number of Unrouted Nets             = 7340
  Number of Partially Routed Nets     = 0
  Number of Node Overlaps             = 0

Phase 2 Router Initialization | Checksum: 1e54ac5ce

Time (s): cpu = 00:00:28 ; elapsed = 00:00:23 . Memory (MB): peak = 1995.793 ; gain = 0.000

Phase 3 Global Routing
Phase 3 Global Routing | Checksum: 1e54ac5ce

Time (s): cpu = 00:00:28 ; elapsed = 00:00:23 . Memory (MB): peak = 1995.793 ; gain = 0.000

Phase 4 Initial Routing

Phase 4.1 Initial Net Routing Pass
Phase 4.1 Initial Net Routing Pass | Checksum: 1f7239786

Time (s): cpu = 00:00:29 ; elapsed = 00:00:24 . Memory (MB): peak = 1995.793 ; gain = 0.000
Phase 4 Initial Routing | Checksum: 1f7239786

Time (s): cpu = 00:00:29 ; elapsed = 00:00:24 . Memory (MB): peak = 1995.793 ; gain = 0.000

Phase 5 Rip-up And Reroute

Phase 5.1 Global Iteration 0
 Number of Nodes with overlaps = 342
 Number of Nodes with overlaps = 10
 Number of Nodes with overlaps = 2
 Number of Nodes with overlaps = 0
INFO: [Route 35-416] Intermediate Timing Summary | WNS=1.150  | TNS=0.000  | WHS=N/A    | THS=N/A    |

Phase 5.1 Global Iteration 0 | Checksum: 17e2a2bc6

Time (s): cpu = 00:00:31 ; elapsed = 00:00:25 . Memory (MB): peak = 1995.793 ; gain = 0.000
Phase 5 Rip-up And Reroute | Checksum: 17e2a2bc6

Time (s): cpu = 00:00:31 ; elapsed = 00:00:25 . Memory (MB): peak = 1995.793 ; gain = 0.000

Phase 6 Delay and Skew Optimization

Phase 6.1 Delay CleanUp
Phase 6.1 Delay CleanUp | Checksum: 17e2a2bc6

Time (s): cpu = 00:00:31 ; elapsed = 00:00:25 . Memory (MB): peak = 1995.793 ; gain = 0.000

Phase 6.2 Clock Skew Optimization
Phase 6.2 Clock Skew Optimization | Checksum: 17e2a2bc6

Time (s): cpu = 00:00:31 ; elapsed = 00:00:25 . Memory (MB): peak = 1995.793 ; gain = 0.000
Phase 6 Delay and Skew Optimization | Checksum: 17e2a2bc6

Time (s): cpu = 00:00:31 ; elapsed = 00:00:25 . Memory (MB): peak = 1995.793 ; gain = 0.000

Phase 7 Post Hold Fix

Phase 7.1 Hold Fix Iter
INFO: [Route 35-416] Intermediate Timing Summary | WNS=1.150  | TNS=0.000  | WHS=0.052  | THS=0.000  |

Phase 7.1 Hold Fix Iter | Checksum: 225ae936d

Time (s): cpu = 00:00:32 ; elapsed = 00:00:25 . Memory (MB): peak = 1995.793 ; gain = 0.000
Phase 7 Post Hold Fix | Checksum: 225ae936d

Time (s): cpu = 00:00:32 ; elapsed = 00:00:25 . Memory (MB): peak = 1995.793 ; gain = 0.000

Phase 8 Route finalize

Router Utilization Summary
  Global Vertical Routing Utilization    = 0.939836 %
  Global Horizontal Routing Utilization  = 1.29209 %
  Routable Net Status*
  *Does not include unroutable nets such as driverless and loadless.
  Run report_route_status for detailed report.
  Number of Failed Nets               = 0
    (Failed Nets is the sum of unrouted and partially routed nets)
  Number of Unrouted Nets             = 0
  Number of Partially Routed Nets     = 0
  Number of Node Overlaps             = 0

Phase 8 Route finalize | Checksum: 225ae936d

Time (s): cpu = 00:00:32 ; elapsed = 00:00:25 . Memory (MB): peak = 1995.793 ; gain = 0.000

Phase 9 Verifying routed nets

 Verification completed successfully
Phase 9 Verifying routed nets | Checksum: 225ae936d

Time (s): cpu = 00:00:32 ; elapsed = 00:00:25 . Memory (MB): peak = 1995.793 ; gain = 0.000

Phase 10 Depositing Routes
Phase 10 Depositing Routes | Checksum: 238fa24b4

Time (s): cpu = 00:00:32 ; elapsed = 00:00:26 . Memory (MB): peak = 1995.793 ; gain = 0.000

Phase 11 Post Process Routing
Phase 11 Post Process Routing | Checksum: 238fa24b4

Time (s): cpu = 00:00:32 ; elapsed = 00:00:26 . Memory (MB): peak = 1995.793 ; gain = 0.000

Phase 12 Post Router Timing
INFO: [Route 35-57] Estimated Timing Summary | WNS=1.150  | TNS=0.000  | WHS=0.052  | THS=0.000  |

INFO: [Route 35-327] The final timing numbers are based on the router estimated timing analysis. For a complete and accurate timing signoff, please run report_timing_summary.
Phase 12 Post Router Timing | Checksum: 238fa24b4

Time (s): cpu = 00:00:32 ; elapsed = 00:00:26 . Memory (MB): peak = 1995.793 ; gain = 0.000
Total Elapsed time in route_design: 25.886 secs

Phase 13 Post-Route Event Processing
Phase 13 Post-Route Event Processing | Checksum: 2227a7680

Time (s): cpu = 00:00:32 ; elapsed = 00:00:26 . Memory (MB): peak = 1995.793 ; gain = 0.000
INFO: [Route 35-16] Router Completed Successfully
Ending Routing Task | Checksum: 2227a7680

Time (s): cpu = 00:00:32 ; elapsed = 00:00:26 . Memory (MB): peak = 1995.793 ; gain = 0.000

Routing Is Done.
INFO: [Common 17-83] Releasing license: Implementation
93 Infos, 108 Warnings, 0 Critical Warnings and 0 Errors encountered.
route_design completed successfully
route_design: Time (s): cpu = 00:00:33 ; elapsed = 00:00:26 . Memory (MB): peak = 1995.793 ; gain = 0.000
INFO: [Vivado 12-24828] Executing command : report_drc -file bd_0_wrapper_drc_routed.rpt -pb bd_0_wrapper_drc_routed.pb -rpx bd_0_wrapper_drc_routed.rpx
Command: report_drc -file bd_0_wrapper_drc_routed.rpt -pb bd_0_wrapper_drc_routed.pb -rpx bd_0_wrapper_drc_routed.rpx
INFO: [IP_Flow 19-1839] IP Catalog is up to date.
INFO: [DRC 23-27] Running DRC with 2 threads
WARNING: [DRC 23-814] Not all possible (connectivity based) DRCs may have been run because this design is seen as Out of Context.
INFO: [Vivado_Tcl 2-168] The results of DRC are in file C:/Users/vempa/Documents/Projects/RADAR_Chirp_Engine/ChirpGenerator/ChirpGenerator/hls/impl/verilog/project.runs/impl_1/bd_0_wrapper_drc_routed.rpt.
report_drc completed successfully
INFO: [Vivado 12-24828] Executing command : report_methodology -file bd_0_wrapper_methodology_drc_routed.rpt -pb bd_0_wrapper_methodology_drc_routed.pb -rpx bd_0_wrapper_methodology_drc_routed.rpx
Command: report_methodology -file bd_0_wrapper_methodology_drc_routed.rpt -pb bd_0_wrapper_methodology_drc_routed.pb -rpx bd_0_wrapper_methodology_drc_routed.rpx
INFO: [Timing 38-35] Done setting XDC timing constraints.
WARNING: [Timing 38-242] The property HD.CLK_SRC of clock port "ap_clk" is not set. In out-of-context mode, this prevents timing estimation for clock delay/skew
Resolution: Set the HD.CLK_SRC property of the out-of-context port to the location of the clock buffer instance in the top-level design
INFO: [DRC 23-133] Running Methodology with 2 threads
WARNING: [DRC 23-814] Not all possible (connectivity based) DRCs may have been run because this design is seen as Out of Context.
INFO: [Vivado_Tcl 2-1520] The results of Report Methodology are in file C:/Users/vempa/Documents/Projects/RADAR_Chirp_Engine/ChirpGenerator/ChirpGenerator/hls/impl/verilog/project.runs/impl_1/bd_0_wrapper_methodology_drc_routed.rpt.
report_methodology completed successfully
INFO: [Vivado 12-24828] Executing command : report_timing_summary -max_paths 10 -routable_nets -report_unconstrained -file bd_0_wrapper_timing_summary_routed.rpt -pb bd_0_wrapper_timing_summary_routed.pb -rpx bd_0_wrapper_timing_summary_routed.rpx -warn_on_violation 
INFO: [Timing 38-35] Done setting XDC timing constraints.
INFO: [Timing 38-91] UpdateTimingParams: Speed grade: -1, Delay Type: min_max.
INFO: [Timing 38-191] Multithreading enabled for timing update using a maximum of 2 CPUs
INFO: [Vivado 12-24838] Running report commands "report_incremental_reuse, report_route_status" in parallel.
Running report generation with 2 threads.
INFO: [Vivado 12-24828] Executing command : report_incremental_reuse -file bd_0_wrapper_incremental_reuse_routed.rpt
INFO: [Vivado_Tcl 4-1062] Incremental flow is disabled. No incremental reuse Info to report.
INFO: [Vivado 12-24828] Executing command : report_route_status -file bd_0_wrapper_route_status.rpt -pb bd_0_wrapper_route_status.pb
INFO: [Vivado 12-24828] Executing command : report_power -file bd_0_wrapper_power_routed.rpt -pb bd_0_wrapper_power_summary_routed.pb -rpx bd_0_wrapper_power_routed.rpx
Command: report_power -file bd_0_wrapper_power_routed.rpt -pb bd_0_wrapper_power_summary_routed.pb -rpx bd_0_wrapper_power_routed.rpx
Running Vector-less Activity Propagation...

Finished Running Vector-less Activity Propagation
110 Infos, 111 Warnings, 0 Critical Warnings and 0 Errors encountered.
report_power completed successfully
INFO: [Vivado 12-24828] Executing command : report_clock_utilization -file bd_0_wrapper_clock_utilization_routed.rpt
INFO: [Vivado 12-24828] Executing command : report_bus_skew -warn_on_violation -file bd_0_wrapper_bus_skew_routed.rpt -pb bd_0_wrapper_bus_skew_routed.pb -rpx bd_0_wrapper_bus_skew_routed.rpx
INFO: [Timing 38-91] UpdateTimingParams: Speed grade: -1, Delay Type: min_max.
INFO: [Timing 38-191] Multithreading enabled for timing update using a maximum of 2 CPUs
generate_parallel_reports: Time (s): cpu = 00:00:09 ; elapsed = 00:00:06 . Memory (MB): peak = 1995.793 ; gain = 0.000
INFO: [Timing 38-480] Writing timing data to binary archive.
Wrote PlaceDB: Time (s): cpu = 00:00:00 ; elapsed = 00:00:00 . Memory (MB): peak = 1995.793 ; gain = 0.000
Wrote PulsedLatchDB: Time (s): cpu = 00:00:00 ; elapsed = 00:00:00 . Memory (MB): peak = 1995.793 ; gain = 0.000
Writing XDEF routing.
Write ShapeDB Complete: Time (s): cpu = 00:00:00 ; elapsed = 00:00:00.015 . Memory (MB): peak = 1995.793 ; gain = 0.000
Writing XDEF routing logical nets.
Writing XDEF routing special nets.
Wrote RouteStorage: Time (s): cpu = 00:00:00 ; elapsed = 00:00:00.071 . Memory (MB): peak = 1995.793 ; gain = 0.000
Wrote PlaceStorage: Time (s): cpu = 00:00:01 ; elapsed = 00:00:00.206 . Memory (MB): peak = 1995.793 ; gain = 0.000
Wrote Netlist Cache: Time (s): cpu = 00:00:00 ; elapsed = 00:00:00.009 . Memory (MB): peak = 1995.793 ; gain = 0.000
Wrote Device Cache: Time (s): cpu = 00:00:00 ; elapsed = 00:00:00.008 . Memory (MB): peak = 1995.793 ; gain = 0.000
Write Physdb Complete: Time (s): cpu = 00:00:01 ; elapsed = 00:00:00.305 . Memory (MB): peak = 1995.793 ; gain = 0.000
INFO: [Common 17-1381] The checkpoint 'C:/Users/vempa/Documents/Projects/RADAR_Chirp_Engine/ChirpGenerator/ChirpGenerator/hls/impl/verilog/project.runs/impl_1/bd_0_wrapper_routed.dcp' has been generated.
INFO: [Common 17-206] Exiting Vivado at Tue Aug 18 15:04:19 2026...
[Tue Aug 18 15:04:24 2026] impl_1 finished
wait_on_runs: Time (s): cpu = 00:00:00 ; elapsed = 00:01:31 . Memory (MB): peak = 1769.664 ; gain = 0.000
TIMESTAMP: HLS-REPORT: implementation open_run: 2026-08-18 15:04:24 +0530
INFO: HLS-REPORT: Opening implementation design database: open_run impl_1
Netlist sorting complete. Time (s): cpu = 00:00:01 ; elapsed = 00:00:00.157 . Memory (MB): peak = 1769.664 ; gain = 0.000
INFO: [Netlist 29-17] Analyzing 598 Unisim elements for replacement
INFO: [Netlist 29-28] Unisim Transformation completed in 0 CPU seconds
INFO: [Project 1-479] Netlist was created with Vivado 2025.2
INFO: [Project 1-570] Preparing netlist for logic optimization
Read ShapeDB Complete: Time (s): cpu = 00:00:00 ; elapsed = 00:00:00.018 . Memory (MB): peak = 1853.363 ; gain = 2.340
INFO: [Timing 38-478] Restoring timing data from binary archive.
INFO: [Timing 38-479] Binary timing data restore complete.
INFO: [Project 1-856] Restoring constraints from binary archive.
INFO: [Project 1-853] Binary constraint restore complete.
INFO: [Designutils 20-5722] Start Reading Physical Databases.
Reading placement.
Read Netlist Cache: Time (s): cpu = 00:00:00 ; elapsed = 00:00:00.005 . Memory (MB): peak = 1999.199 ; gain = 0.000
Reading placer database...
Read Device Cache: Time (s): cpu = 00:00:00 ; elapsed = 00:00:00.010 . Memory (MB): peak = 1999.199 ; gain = 0.000
Read PlaceDB: Time (s): cpu = 00:00:00 ; elapsed = 00:00:00.001 . Memory (MB): peak = 1999.199 ; gain = 0.000
Read placeStorage: Time (s): cpu = 00:00:00 ; elapsed = 00:00:00.127 . Memory (MB): peak = 1999.199 ; gain = 0.000
Read PulsedLatchDB: Time (s): cpu = 00:00:00 ; elapsed = 00:00:00 . Memory (MB): peak = 1999.199 ; gain = 0.000
Reading routing.
Read RouteStorage: Time (s): cpu = 00:00:00 ; elapsed = 00:00:00.061 . Memory (MB): peak = 1999.199 ; gain = 0.000
Read Physdb Files: Time (s): cpu = 00:00:00 ; elapsed = 00:00:00.217 . Memory (MB): peak = 1999.199 ; gain = 0.000
Restored from archive | CPU: 0.000000 secs | Memory: 0.000000 MB |
Finished XDEF File Restore: Time (s): cpu = 00:00:00 ; elapsed = 00:00:00.218 . Memory (MB): peak = 1999.199 ; gain = 0.000
Netlist sorting complete. Time (s): cpu = 00:00:00 ; elapsed = 00:00:00.004 . Memory (MB): peak = 1999.199 ; gain = 0.000
INFO: [Project 1-111] Unisim Transformation Summary:
  A total of 4 instances were transformed.
  SRLC32E => SRL16E: 4 instances

TIMESTAMP: HLS-REPORT: implementation generate_reports_vivado: 2026-08-18 15:04:26 +0530
INFO: HLS-REPORT: Running report: report_utilization -file ./report/chirp_utilization_routed.rpt
INFO: HLS-REPORT: Running report: report_utilization -hierarchical -hierarchical_depth 6 -file ./report/chirp_utilization_hierarchical_routed.rpt
INFO: HLS-REPORT: Running report: report_timing_summary -file ./report/chirp_timing_routed.rpt
INFO: [Timing 38-91] UpdateTimingParams: Speed grade: -1, Delay Type: min_max.
INFO: [Timing 38-191] Multithreading enabled for timing update using a maximum of 2 CPUs
WARNING: [Timing 38-242] The property HD.CLK_SRC of clock port "ap_clk" is not set. In out-of-context mode, this prevents timing estimation for clock delay/skew
Resolution: Set the HD.CLK_SRC property of the out-of-context port to the location of the clock buffer instance in the top-level design
INFO: HLS-REPORT: Running report: report_power -file ./report/chirp_power_routed.rpt -xpe ./chirp_power.xpe
Command: report_power -file ./report/chirp_power_routed.rpt -xpe ./chirp_power.xpe
Running Vector-less Activity Propagation...

Finished Running Vector-less Activity Propagation
13 Infos, 2 Warnings, 0 Critical Warnings and 0 Errors encountered.
report_power completed successfully
INFO: HLS-REPORT: Running report: report_route_status -file ./report/chirp_status_routed.rpt
INFO: HLS-REPORT: Running report: report_timing -max_paths 10 -file ./report/chirp_timing_paths_routed.rpt
INFO: [Timing 38-91] UpdateTimingParams: Speed grade: -1, Delay Type: max.
INFO: [Timing 38-191] Multithreading enabled for timing update using a maximum of 2 CPUs
INFO: [Timing 38-78] ReportTimingParams: -max_paths 10 -nworst 1 -delay_type max -sort_by slack.
INFO: HLS-REPORT: Running report: report_design_analysis -file ./report/chirp_design_analysis_routed.rpt
INFO: HLS-REPORT: Running report: ::tclapp::xilinx::designutils::report_failfast -detailed_report impl -file ./report/chirp_failfast_routed.rpt
 -I- design metrics completed in 0 seconds
 -I- DONT_TOUCH metric completed in 1 seconds
 -I- MARK_DEBUG metric completed in 0 seconds
 -I- utilization metrics completed in 1 seconds
 -I- control set metrics completed in 0 seconds
 -I- methodology check metrics completed in 0 seconds
 -I- average fanout metrics completed in 2 seconds (0 modules)
 -I- non-FD high fanout nets completed in 1 seconds
 -I- path budgeting metrics completed in 0 seconds
#  +-----------------------------------------------------------------------------------------+
#  | Design Summary                                                                          |
#  | impl_1                                                                                  |
#  | xc7z020clg484-1                                                                         |
#  +-----------------------------------------------------------+-----------+--------+--------+
#  | Criteria                                                  | Guideline | Actual | Status |
#  +-----------------------------------------------------------+-----------+--------+--------+
#  | LUT                                                       | 70%       | 5.71%  | OK     |
#  | FD                                                        | 50%       | 3.08%  | OK     |
#  | LUTRAM+SRL                                                | 25%       | 0.84%  | OK     |
#  | MUXF7                                                     | 15%       | 0.48%  | OK     |
#  | DSP                                                       | 80%       | 17.73% | OK     |
#  | RAMB/FIFO                                                 | 80%       | 0.00%  | OK     |
#  | DSP+RAMB+URAM (Avg)                                       | 70%       | 17.73% | OK     |
#  | BUFGCE* + BUFGCTRL                                        | 24        | 0      | OK     |
#  | DONT_TOUCH (cells/nets)                                   | 0         | 0      | OK     |
#  | MARK_DEBUG (nets)                                         | 0         | 0      | OK     |
#  | Control Sets                                              | 998       | 25     | OK     |
#  | Average Fanout for modules > 100k cells                   | 4         | 2.16   | OK     |
#  | Max Average Fanout for modules > 100k cells               | 4         | 0      | OK     |
#  | Non-FD high fanout nets > 10k loads                       | 0         | 0      | OK     |
#  +-----------------------------------------------------------+-----------+--------+--------+
#  | TIMING-6 (No common primary clock between related clocks) | 0         | 0      | OK     |
#  | TIMING-7 (No common node between related clocks)          | 0         | 0      | OK     |
#  | TIMING-8 (No common period between related clocks)        | 0         | 0      | OK     |
#  | TIMING-14 (LUT on the clock tree)                         | 0         | 0      | OK     |
#  | TIMING-35 (No common node in paths with the same clock)   | 0         | 0      | OK     |
#  +-----------------------------------------------------------+-----------+--------+--------+
#  | Number of paths above max LUT budgeting (0.575ns)         | 0         | 0      | OK     |
#  | Number of paths above max Net budgeting (0.403ns)         | 0         | 0      | OK     |
#  +-----------------------------------------------------------+-----------+--------+--------+
 -I- Generated file C:/Users/vempa/Documents/Projects/RADAR_Chirp_Engine/ChirpGenerator/ChirpGenerator/hls/impl/verilog/report/chirp_failfast_routed.rpt
 -I- Number of criteria to review: 0
 -I- This report should be run before placing the design and uses conservative guidelines beyond which runtime and timing closure will likely be more challenging
 -I- report_failfast completed in 5 seconds
TIMESTAMP: HLS-REPORT: implementation gen_data_dict_vivado: 2026-08-18 15:04:35 +0530
TIMESTAMP: HLS-REPORT: impl extract_util_hier: 2026-08-18 15:04:35 +0530
TIMESTAMP: HLS-REPORT: impl get_cell_hier_data: 2026-08-18 15:04:35 +0530
TIMESTAMP: HLS-REPORT: impl get_timing_paths: 2026-08-18 15:04:35 +0530
TIMESTAMP: HLS-REPORT: impl process timing paths: 2026-08-18 15:04:35 +0530
TIMESTAMP: HLS-REPORT: impl get_all_vv_rpt_files: 2026-08-18 15:04:35 +0530
TIMESTAMP: HLS-REPORT: implementation write_reports_vivado: 2026-08-18 15:04:35 +0530
HLS EXTRACTION: impl area_totals:  13300 53200 106400 220 280 0 0
HLS EXTRACTION: impl area_current: 1148 3036 3281 39 0 0 147 0 0 0
HLS EXTRACTION: impl resources_dict: AVAIL_SLICE 13300 SLICE 1148 AVAIL_LUT 53200 LUT 3036 AVAIL_FF 106400 FF 3281 AVAIL_DSP 220 DSP 39 AVAIL_BRAM 280 BRAM 0 AVAIL_URAM 0 URAM 0 LATCH 0 SRL 147 AVAIL_CLB 0 CLB 0
INFO: HLS-REPORT: generated C:/Users/vempa/Documents/Projects/RADAR_Chirp_Engine/ChirpGenerator/ChirpGenerator/hls/impl/verilog/report/vivado_impl.xml
INFO: HLS-REPORT: generated C:/Users/vempa/Documents/Projects/RADAR_Chirp_Engine/ChirpGenerator/ChirpGenerator/hls/impl/report/verilog/chirp_export.rpt


Implementation tool: Xilinx Vivado v.2025.2
Project:             ChirpGenerator
Solution:            hls
Device target:       xc7z020-clg484-1
Report date:         Tue Aug 18 15:04:36 +0530 2026

#=== Post-Implementation Resource usage ===
SLICE:         1148
LUT:           3036
FF:            3281
DSP:             39
BRAM:             0
URAM:             0
LATCH:            0
SRL:            147
CLB:              0

#=== Final timing ===
CP required:                     10.000
CP achieved post-synthesis:      8.276
CP achieved post-implementation: 8.848
Timing met

TIMESTAMP: HLS-REPORT: implementation end: 2026-08-18 15:04:36 +0530
INFO: HLS-REPORT: impl run complete: worst setup slack (WNS)=1.151934, worst hold slack (WHS)=0.053404, total pulse width slack(TPWS)=0.000000, number of unrouted nets=0
# hls_vivado_reports_finalize $report_options
TIMESTAMP: HLS-REPORT: all reports complete: 2026-08-18 15:04:36 +0530
INFO: [Common 17-206] Exiting Vivado at Tue Aug 18 15:04:36 2026...
